충전소아이디,충전소명,충전소주소,상세주소,위도,경도,이용가능시간,연락처,등록일자
159,칠곡지사(공용),경상북도 칠곡군 왜관읍 구상길 178,지상주차장(북측),35.98267,128.394734,24시간,1899-2100,2016-10-27
148,동해지사(공용),강원특별자치도 동해시 천곡동 792,지사주차장,37.52570357,129.1079442,주중/주말 : 06시~23시,1899-2100,2016-10-27
89,곡성지사,전라남도 곡성군 곡성읍 읍내리 792-21,(실외캐노피기설)지사주차장,35.27759587,127.2911371,24시간,1899-2100,2016-10-27
44,원주지사(공용),강원특별자치도 원주시 우산동 316-9,지사주차장,37.372274,127.938467,06~23시,1899-2100,2016-10-27
18,국회의사당,서울특별시 영등포구 여의도동 1,국회의사당 본관후문 1층 주차장,37.53269669,126.9142124,주중/주말 : 24시간,1899-2100,2016-10-27
41,제물포지사,인천광역시 미추홀구 도화동 999,지상주차장 끝쪽,37.46935817,126.6602667,24시간 개방,1899-2100,2016-10-27
137,제주직할,제주특별자치도 제주시 연동 322-2,본관건물 왼쪽,33.48903714,126.5013017,24시간,1899-2100,2016-10-27
42,강릉특별지사,강원특별자치도 강릉시 포남동 1255,지사주차장,37.78217537,128.9188097,주중/주말 : 06시~23시,1899-2100,2016-10-27
73,거창지사,경상남도 거창군 거창읍 강남로 246,후문 입구 우측 전기차충전소 내부위치,35.687001,127.923721,24시간,1899-2100,2016-10-27
150,공주지사,충청남도 공주시 우금티로 772,정문 입차 후 좌측,36.453694,127.133922,주중/주말 : 24시간,1899-2100,2016-10-27
51,수안보연수원,충청북도 충주시 수안보면 조산공원길 64,수안보연수원,36.84385968,127.9906742,주중/주말 : 06시~23시,1899-2100,2016-10-27
34,고양지사,경기도 고양시 일산동구 백석동 1310,1층주차장(입구에서 좌측),37.64152498,126.7878049,주중/주말 : 06시~23시,1899-2100,2016-10-27
29,동용인지사(공용),경기도 용인시 처인구 김량장동 87-15,지상 주차장 좌측(후문앞),37.23465711,127.2056972,24시간,1899-2100,2016-10-27
122,신안지사,전라남도 신안군 안좌면 읍동리 1105,(실외완전노출)사옥내 주차장 우측,34.7547893,126.1258284,주중/주말 : 06시~23시,1899-2100,2016-10-27
158,의성지사(업무용),경상북도 의성군 의성읍 경북대로 5644-9,지상주차장(입구 우측),36.34837,128.673582,24시간,1899-2100,2016-10-27
31,평택지사,경기도 평택시 비전동 767,지사 지상주차장,36.99128953,127.1073889,24시간,1899-2100,2016-10-27
50,천안지사(공용),충청남도 천안시 서북구 동서대로 77,후문 출입구 지상주차장 우측,36.82658,127.131419,24시간,1899-2100,2016-10-27
99,서광주지사,광주광역시 서구 농성동 161-1,(실외완전노출)고객전용 주차장,35.15145741,126.8910368,주중/주말 : 06시~23시,1899-2100,2016-10-27
156,서대구지사,대구광역시 서구 비산동 312-7,지상주차장(후문 동측 고객용),35.869746,128.570835,24시간,1899-2100,2016-10-27
151,서산지사,충청남도 서산시 한마음16로 63,지상주차장 우측,36.775126,126.45431,주중/주말 : 24시간,1899-2100,2016-10-27
36,인재개발원,서울특별시 노원구 노원길 130,리더십센터,37.6351988,127.0873634,주중/주말 : 06시~23시,1899-2100,2016-10-27
37,파주지사 신사옥,경기도 파주시 금바위로 60,1층주차장,37.757032,126.780093,24시간,1899-2100,2016-10-27
47,서대전지사,대전광역시 서구 변동중로 39,지상 주차장,36.328561,127.372752,"24시간, 주말(호출버튼 이용)",1899-2100,2016-10-27
54,충북직할(공용),충청북도 청주시 서원구 성화동 829,직할 사옥 1층 고객주차장 앞,36.61524814,127.4505333,24시간,1899-2100,2016-10-27
55,충주지사,충청북도 충주시 봉방동 82-1,충주지사 사옥 1층 주차장 우측,36.979645,127.916598,24시간,1899-2100,2016-10-27
61,대구직할(공용),대구광역시 북구 원대로 110,사옥내 주차장,35.886482,128.583484,24시간,1899-2100,2016-10-27
10,강북성북지사(공용),서울특별시 강북구 미아동 190-1,지하 1층 주차장,37.630923,127.024819,"지상 24시간, 지하 10-18",1899-2100,2016-10-27
13,마포용산지사,서울특별시 마포구 도화동 51-3,지상 주차장,37.5420523,126.9466327,"주중 08~19시, 주말 09~18시",1899-2100,2016-10-27
16,강동송파지사,서울특별시 강동구 둔촌동 522-9,정문주차장 좌측(후면주차장 이용불가),37.52386516,127.1356659,24시간,1899-2100,2016-10-27
136,제주전력지사,제주특별자치도 제주시 가령로 68,제주전력지사,33.498596,126.536653,24시간,1899-2100,2016-10-27
167,함양지사,경상남도 함양군 함양읍 함양로 1207,지상주차장,35.526495,127.72892,24시간,1899-2100,2016-10-27
65,남부산지사,부산광역시 해운대구 우동 1388-8,1층 주차장 끝쪽,35.160417,129.14468,24시간,1899-2100,2016-10-27
27,안양지사,경기도 안양시 동안구 호계동 921,지상주차장 입구 좌측 담장측,37.38388667,126.9472813,24시간,1899-2100,2016-10-27
40,인천직할,인천광역시 부평구 갈산동 90,사옥 주차장 정문 오른편,37.516461,126.726897,평일:08:40~19:00/주말미개방,1899-2100,2016-10-27
11,서울전력관리처,서울특별시 중구 남산동3가 11-10,1층 주차장,37.56073251,126.9877962,주중/주말 : 06시~23시,1899-2100,2016-10-27
17,강서양천지사,서울특별시 양천구 신정동 319-1,1층 주차장 정면,37.51930624,126.8684542,24시간,1899-2100,2016-10-27
126,진도지사,전라남도 진도군 진도읍 남동리 745-46,(실외완전노출)진입 후 좌측 주차공간,34.48169382,126.2611809,24시간,1899-2100,2016-10-27
24,서수원지사,경기도 수원시 권선구 탑동 908,지상주차장,37.25814483,126.9691969,24시간,1899-2100,2016-10-27
77,마산어시장고객지원센터,경상남도 창원시 마산합포구 동성동 314,마산어시장고객지원센터 정면 오른쪽지상주차장,35.203899,128.579304,주중/주말 : 24시간,1899-2100,2016-10-27
53,제천지사,충청북도 제천시 의림동 117,제천지사 사옥 1층 주차장 정면 위치,37.139111,128.206598,24시간,1899-2100,2016-10-27
69,서울산지사(공용),울산광역시 울주군 삼남면 교동리 1607-2,본관건물 고객지원팀 앞 2층 주차장 안,35.557884,129.112755,24시간,1899-2100,2016-10-27
22,경기직할,경기도 수원시 팔달구 인계동 203-10,"본관 정면 지상주차장, 별관 후면 지상주차장",37.27780958,127.0298861,24시간,1899-2100,2016-10-27
176,진안지사(공용),전북특별자치도 진안군 진안읍 군하리 427,지사 주차장,35.78994667,127.421576,24시간,1899-2100,2016-10-27
124,영암지사,전라남도 영암군 영암읍 서남리 75-2,(실외완전노출) 영암지사 주차장,34.80067663,126.6950882,주중/주말 : 06시~23시,1899-2100,2016-10-27
43,강원직할,강원특별자치도 춘천시 후평동 95,본부주차장,37.883416,127.750565,주중/주말 : 06시~23시,1899-2100,2016-10-27
52,영동지사,충청북도 영동군 영동읍 부용리 220-1,영동지사 사옥 내 주차장,36.166745,127.767301,24시간,1899-2100,2016-10-27
64,김해지사,경상남도 김해시 부원동 624-5,지상주차장 진입 직후 좌측 주차장,35.22753501,128.8890928,24시간,1899-2100,2016-10-27
78,한전마산지사,경상남도 창원시 마산회원구 구암동 92-5,당직실 옆,35.251662,128.600803,24시간,1899-2100,2016-10-27
97,무안지사,전라남도 무안군 무안읍 교촌리 70-2,(실외캐노피기설)사옥 건문 정면,34.99168063,126.4710729,24시간,1899-2100,2016-10-27
121,오송역(KTX),충청북도 청주시 흥덕구 오송읍 궁평리 368-1,KTX오송역사 주차장(진입로 바로 앞),36.619997,127.329997,24시간,1899-2100,2016-10-27
157,영천지사,경상북도 영천시 천문로 199,사옥내 주차장,35.956568,128.931264,24시간,1899-2100,2016-10-27
60,남대구지사,대구광역시 달성군 화원읍 비슬로509길 26,"지상주차장(좌측, 우측 각각있음)",35.803485,128.493136,24시간,1899-2100,2016-10-27
130,김제지사(공용),전북특별자치도 김제시 신풍동 117,김제 지사 후면 주차장,35.800196,126.899239,24시간,1899-2100,2016-10-27
83,진해경화시장,경상남도 창원시 진해구 이동 524-6,공영주차장 왼쪽편,35.15450082,128.6924454,주중/주말 : 24시간,1899-2100,2016-10-27
172,남원지사(공용),전북특별자치도 남원시 향교동 140,지사 후면 주차장,35.416482,127.386581,24시간,1899-2100,2016-10-27
102,서초지사,서울특별시 서초구 효령로 72길 60,1층 주차장/지하1층 주차장,37.48560466,127.028077,24시간,1899-2100,2016-10-27
12,동대문중랑지사,서울특별시 중랑구 동일로 862,별관앞 지상,37.607357,127.079493,"평일 09~18시, 주말 이용불가",1899-2100,2016-10-27
108,송파구청,서울특별시 송파구 신천동 29-5 송파구청 앞,지상 1층 주차장 직진 후 우측,37.514474,127.105464,주중/주말 : 24시간,1899-2100,2016-10-27
194,상암월드컵경기장,서울특별시 마포구 성산동 531,경기장 서편 주차장,37.56838316,126.8949428,주중/주말 : 24시간,1899-2100,2016-10-27
100,순천지사,전라남도 순천시 석현동 81,(실외완전노출)1층 주차장 우측,34.969237,127.485836,24시간,1899-2100,2016-10-27
155,진천지사,충청북도 진천군 진천읍 읍내리 444,진천지사 하부 주차장 진입로 우측,36.853979,127.435513,24시간,1899-2100,2016-10-27
15,광진성동지사,서울특별시 성동구 마장로27길 13,후문주차장,37.567845,127.034026,"주중 08~19시, 주말 09~18시",1899-2100,2016-10-27
153,동청주지사,충청북도 청주시 청원구 우암동 343-1,동청주지사 사옥 정문 앞,36.648365,127.486831,24시간,1899-2100,2016-10-27
21,남서울직할(영등포)지사(공용),서울특별시 영등포구 문래동3가 80,영등포전력사업처 지상주차장 출구측,37.51990363,126.8935148,24시간,1899-2100,2016-10-27
141,서대문은평지사,서울특별시 은평구 통일로 659,사옥내주차장 후문,37.605443,126.933577,주중 08~19시,1899-2100,2016-10-27
170,여수지사(공용),전라남도 여수시 미평동 573-1,(실외완전노출) 주차장 우측,34.766172,127.7040009,주중/주말 : 06시~23시,1899-2100,2016-10-27
88,고흥지사,전라남도 고흥군 고흥읍 남계리 226,"(실외완전노출)지사우측, 뒤편 주차장",34.617205,127.29211,주중/주말 : 06시~23시,1899-2100,2016-10-27
20,남서울직할,서울특별시 영등포구 여의도동 21,남서울본부 여의사옥 지사주차장 출구측,37.52729199,126.9298532,24시간,1899-2100,2016-10-27
134,서제주변환소,제주특별자치도 제주시 월산남길 243,서제주변환소,33.4551397,126.4736679,24시간,1899-2100,2016-10-27
79,사천지사,경상남도 사천시 동금6길 28,지상주차장,34.931316,128.081532,24시간,1899-2100,2016-10-27
46,대전충남직할(공용),대전광역시 동구 용전동 9-7,"본부 정문기준 좌,우측 주차장 각 1기",36.358205,127.435381,주중/주말 : 24시간,1899-2100,2016-10-27
80,의령지사,경상남도 의령군 의령읍 서동리 327-1,정문 좌측,35.31937142,128.2566277,주중/주말 : 06시~23시,1899-2100,2016-10-27
168,광양지사,전라남도 광양시 중동 1361-3,(실외완전노출) 지사 사옥뒷편 주차장,34.939826,127.6911818,24시간,1899-2100,2016-10-27
76,내서읍사무소,경상남도 창원시 마산회원구 내서읍 중리 1049-2,건물정면 오른쪽 지상주차장,35.247412,128.508176,주중/주말 : 24시간,1899-2100,2016-10-27
152,보은지사(공용),충청북도 보은군 보은읍 장신리 34,보은지사 후문 주차장 좌측,36.481509,127.711897,24시간,1899-2100,2016-10-27
63,포항지사,경상북도 포항시 남구 상도동 592 한국전력공사 포항지사,사옥내 주차장,36.010645,129.347234,24시간,1899-2100,2016-10-27
94,나주지사,전라남도 나주시 왕건길 53,정문 주차장 좌측,35.017546,126.713099,주중/주말 : 06시~23시,1899-2100,2016-10-27
3854,울산지사(공용),울산광역시 남구 신정동 142-1,울산지사 후문 주차장내,35.541383,129.324816,24시간,1899-2100,2016-10-27
123,영광지사,전라남도 영광군 영광읍 남천리 366,(실외완전노출)사옥 정문 우측 주차장,35.27320597,126.5034407,24시간,1899-2100,2016-10-27
71,울산지사,울산광역시 남구 신정동 142-1,울산지사 후문 주차장내,35.541383,129.324816,24시간,1899-2100,2016-10-27
106,한국건설기술연구원,경기도 고양시 일산서구 대화동 2311,건설연구원 주차장(입구에서 우측),37.67130645,126.7400891,주중/주말 : 24시간,1899-2100,2016-10-27
139,한전APT,제주특별자치도 제주시 선사로6길 63,입구 주차장,33.52788716,126.5911384,24시간,1899-2100,2016-10-27
129,화순지사(공용),전라남도 화순군 화순읍 삼천리 651,(실외완전노출) 진입 후 우측,35.05606164,126.9791565,주중/주말 : 06시~23시,1899-2100,2016-10-27
131,익산지사01,전북특별자치도 익산시 팔봉동 850,지사 건물 옆 주차장,35.961421,127.004751,24시간,1899-2100,2016-10-27
132,전북직할(공용),전북특별자치도 전주시 덕진구 인후동2가 1559-87,본관 뒤 주차장,35.846558,127.149286,24시간,1899-2100,2016-10-27
133,서귀포지사,제주특별자치도 서귀포시 신중로 56,정문주차장,33.254374,126.510819,24시간,1899-2100,2016-10-27
45,당진지사,충청남도 당진시 천변2길 123,지사 운영실앞 주차장(상시개방),36.887062,126.6400336,주중/주말 : 24시간,1899-2100,2016-10-27
56,경북직할,경상북도 안동시 강남1길 9 한국전력공사,지상주차장(남측),36.552742,128.7332,24시간,1899-2100,2016-10-27
90,광산지사,광주광역시 광산구 소촌동 654,"(실외,캐노피)진입 후 좌측 주차장 / 후문 개방(휴일,야간)",35.14731001,126.78983,24시간,1899-2100,2016-10-27
127,함평지사(공용),전라남도 함평군 함평읍 내교리 485-12,(실외완전노출)지상주차장 좌측,35.06027538,126.5184792,24시간,1899-2100,2016-10-27
35,구리지사(공용),경기 구리시 교문동 733,1층주차장(정문에서 좌측),37.59781604,127.1347985,주중 : 09시~18시,1899-2100,2016-10-27
2,전력연구원,대전광역시 유성구 문지동 103-16,본관 뒤편 주차장,36.39311064,127.3891643,주중/주말 : 06시~23시,1899-2100,2016-10-27
96,목포지사,전라남도 목포시 용해동 115-2,(실외완전노출)우측 주차장,34.80345462,126.4094599,24시간,1899-2100,2016-10-27
164,산청지사,경상남도 산청군 산청읍 웅석봉로 45,건물뒤 지상주차장,35.413117,127.874859,24시간,1899-2100,2016-10-27
72,중부산지사,부산광역시 서구 토성동1가 23,본관 주차장 뒷편 주차장 중앙 및 우측 주차면,35.099494,129.023212,24시간,1899-2100,2016-10-27
86,함안지사,경상남도 함안군 가야읍 도항리 344,함안지사 지상주차장 입구 오른쪽,35.27447999,128.398768,24시간,1899-2100,2016-10-27
143,광명지사,경기도 광명시 철산동 255,본관 지상주차장,37.47704202,126.8660241,주중/주말 : 06시~23시,1899-2100,2016-10-27
144,광주지사,경기도 광주시 역동 27-32,B1 지하주차장,37.40555173,127.2595868,24시간,1899-2100,2016-10-27
146,여주지사,경기도 여주시 홍문동 275,지하 1층 주차장,37.28941414,127.6350456,24시간,1899-2100,2016-10-27
160,북부산지사,부산광역시 사상구 덕포동 89,주차장 진입후 우측 주차면,35.168981,128.989701,24시간,1899-2100,2016-10-27
163,밀양지사,경상남도 밀양시 가곡동 545-6,바로 앞쪽,35.47343289,128.7649555,24시간,1899-2100,2016-10-27
166,창녕지사,경상남도 창녕군 창녕읍 교하리 34,건물정면 왼쪽편 지상주차장,35.536541,128.501016,24시간,1899-2100,2016-10-27
169,구례지사,전라남도 구례군 구례읍 봉서리 1082-2,(실외완전노출) 한전사옥내 주차장,35.197876,127.463585,24시간,1899-2100,2016-10-27
173,임실지사,전북특별자치도 임실군 임실읍 이도리 151 한국전력공사 임실지사,임실지사 정면 지상 주차장,35.620115,127.285891,24시간,1899-2100,2016-10-27
175,정읍지사,전북특별자치도 정읍시 연지동 252-26,본관 뒤 주차장,35.569459,126.843541,24시간,1899-2100,2016-10-27
189,인제지사(공용),강원특별자치도 인제군 인제읍 남북리 294-1,급속 미설치,38.06598223,128.1662156,24시간,1899-2100,2016-10-27
162,양산지사,경상남도 양산시 신기동 127,주차장 진입후 우측 면,35.35350484,129.0473646,24시간,1899-2100,2016-10-27
14,서울직할,서울특별시 중구 남대문로 92,1층 주차장,37.565199,126.983339,주중/주말 : 08시~19시,1899-2100,2016-10-27
28,오산지사,경기도 오산시 원동 806,지상주차장,37.13541019,127.0724672,24시간,1899-2100,2016-10-27
39,부천지사_공용,경기도 부천시 도당동 185-148,고객주차장,37.50708089,126.7863745,주중 09~18시 개방,1899-2100,2016-10-27
48,서천지사(공용),충청남도 서천군 장항읍 창선2리 236-1,정문 출입구 지상주차장 좌측,36.013488,126.697541,주중/주말 : 24시간,1899-2100,2016-10-27
58,구미지사,경상북도 구미시 송정동 79,지상주차장,36.118097,128.350012,주중/주말 : 09시~18시,1899-2100,2016-10-27
66,동래지사,부산광역시 동래구 안락동 451-10,"사옥주차장 배전운영실앞 화단(4), 본관 앞 화단(1)",35.197202,129.104792,24시간,1899-2100,2016-10-27
75,남해지사,경상남도 남해군 남해읍 심천리 955-1,정문 우측,34.8513256,127.8942036,24시간,1899-2100,2016-10-27
84,창원축구센터,경상남도 창원시 성산구 사파정동 318,안내실옆 지상주차장,35.221691,128.70533,주중/주말 : 24시간,1899-2100,2016-10-27
104,노원도봉지사,서울특별시 노원구 상계동 700,1층 주차장,37.65391794,127.0556667,24시간,1899-2100,2016-10-27
95,담양지사,전라남도 담양군 담양읍 백동리 348-1,(실외완전노출) 지사 우측 주차장,35.30940423,126.9840685,주중/주말 : 06시~23시,1899-2100,2016-10-27
98,보성지사,전라남도 보성군 보성읍 원봉리 17,(실외캐노피기설)진입 후 좌측 주차장,34.76238477,127.0725962,주중/주말 : 06시~23시,1899-2100,2016-10-27
114,방이동숙소,서울특별시 송파구 오금로 27길 29,정문 지상주차장 안쪽 끝,37.508808,127.118769,24시간,1899-2100,2016-10-27
59,김천지사,경상북도 김천시 모암길 210,지상주차장(좌측),36.126467,128.119564,24시간,1899-2100,2016-10-27
92,광주전남직할(공용),광주광역시 북구 오치동 991,(실외캐노피기설) 정문 주차장 우측,35.18504757,126.9067751,평일06시~23시(주말 24시간),1899-2100,2016-10-27
125,장성지사(공용),전라남도 장성군 장성읍 보해길 30,(실외캐노피기설)사옥 정문 주차장왼쪽,35.311497,126.796736,주중/주말 : 06시~23시,1899-2100,2016-10-27
62,동대구지사,대구광역시 동구 효목동 626,사옥 정문(공용) /  후문(업무용),35.874959,128.640961,(공용) 24시간 / 업무용(일과),1899-2100,2016-10-27
68,부산울산직할,부산광역시 부산진구 부전동 224-7,주차장진입후 본관건물 뒷편 주차장,35.1527934,129.0613152,09~23시,1899-2100,2016-10-27
70,영도지사,부산광역시 영도구 남항동2가 22-1,주차장 입구 좌측,35.088397,129.036095,24시간,1899-2100,2016-10-27
74,경남직할,경상남도 창원시 의창구 신월동 99-4,정문진입 20m 좌측,35.2312378,128.6882755,24시간,1899-2100,2016-10-27
81,의창구청,경상남도 창원시 의창구 도계동 908,쎄씨헤어 앞,35.254646,128.639178,주중/주말 : 24시간,1899-2100,2016-10-27
82,진주지사(공용),경상남도 진주시 상대동 33-85,건물정면 오른쪽 지상주차장,35.18053278,128.1223039,24시간,1899-2100,2016-10-27
171,고창지사,전북특별자치도 고창군 고창읍 덕산리 189-6,본관 앞 주차장,35.425511,126.695163,24시간,1899-2100,2016-10-27
85,통영지사(공용),경상남도 통영시 광도면 죽림리 1575-2,건물정면 앞 지상주차장,34.882401,128.416489,24시간,1899-2100,2016-10-27
128,해남지사(공용),전라남도 해남군 해남읍 해리 162,(실외완전노출)정문 및 후문 주차장,34.57187478,126.6093298,24시간,1899-2100,2016-10-27
145,안성지사,경기도 안성시 석정동 270-22,지상주차장 후면,37.007845,127.264712,24시간,1899-2100,2016-10-27
174,장수지사,전북특별자치도 장수군 장수읍 장수리 647,지사 주차장,35.645016,127.517888,24시간,1899-2100,2016-10-27
191,늘푸른전당,경상남도 창원시 의창구 삼동동 산 15-2,정문 차량출입구 우측 주차장,35.22933126,128.6548709,주중/주말 : 24시간,1899-2100,2016-10-27
23,자재검사처,경기도 의왕시 내손동 665,본관과 구내식당 인근,37.38899076,126.9856209,주중/주말 : 06시~23시,1899-2100,2016-10-27
38,남인천지사,인천광역시 연수구 청학동 448-2,입차시 지상주차장 좌측,37.425124,126.668388,24시간,1899-2100,2016-10-27
25,성남지사(공용),경기도 성남시 수정구 태평동 3742,지상주차장 정면,37.44438953,127.1305194,9시~18시,1899-2100,2016-10-27
26,안산지사(공용),경기도 안산시 단원구 고잔동 518-1,지사 후문 지상주차장 중심부근,37.32059477,126.8275391,주중/주말 : 24시간,1899-2100,2016-10-27
30,이천지사,경기도 이천시 창전동 144-1,지상 주자창 좌측,37.283178,127.447288,24시간,1899-2100,2016-10-27
32,하남지사,경기도 하남시 창우동 523-2,지상주차장 좌측,37.53525359,127.2279798,주중/주말 : 06시~23시,1899-2100,2016-10-27
67,동울산지사,울산광역시 북구 진장동 820-1,사옥 정면 고객용 주차장,35.557678,129.359626,24시간,1899-2100,2016-10-27
193,안좌변전소,전라남도 신안군 안좌면 대척리 662,(실외완전노출)안좌변전소 내 주차장,34.74229634,126.1306432,개방불가,1899-2100,2016-11-02
196,창원스포츠파크,경상남도 창원시 의창구 원이대로 450(두대동145),GS25 앞,35.234108,128.663252,주중/주말 : 24시간,1899-2100,2016-12-13
199,종합경기장,제주특별자치도 제주시 오라일동 1165,운동장 주차장,33.49806927,126.5146922,주중/주말 : 24시간,1899-2100,2016-12-23
198,마산수출자유지역(표준3공장),경상남도 창원시 마산회원구 양덕동 410-47,건물정면 왼쪽 지상주차장,35.220946,128.592623,주중/주말 : 24시간,1899-2100,2016-12-23
201,포항지사출장소,경상북도 포항시 남구 구룡포읍 구룡포리 466-1,출장소 사내주차장 좌측,35.992442,129.556235,24시간,1899-2100,2016-12-23
197,마산수출자유지역(관리원),경상남도 창원시 마산회원구 양덕동 975-7,산업통상자원부(주차장건물)정면 오른쪽,35.211318,128.588373,24시간,1899-2100,2016-12-23
213,고려대학교,서울특별시 성북구 안암동5가 1-2 (고려대학교안암캠퍼스),B3층 11번기둥,37.588985,127.033897,주중/주말 : 24시간,1899-2100,2016-12-29
208,응암3동 공영주차장,"서울특별시 은평구 불광천길 436 (응암동, 응암공영주차장)",공영주차장,37.593538,126.915227,주중/주말 : 24시간,1899-2100,2016-12-29
214,고려대학교(자연과학),서울특별시 성북구 안암동5가 126-16 (고려대학교안암캠퍼스),B3층 16번기둥,37.58358845,127.026351,주중/주말 : 24시간,1899-2100,2016-12-29
209,회기동 공영주차장,서울특별시 동대문구 회기동 1-1,회기공영주차장 내,37.59207318,127.0554804,주중/주말 : 24시간,1899-2100,2016-12-29
250,수완동 행정복지센터,광주광역시 광산구 수완동 936,(실외) 보건소 옆 주차장,35.19709531,126.8258367,24시간,1899-2100,2017-01-16
217,고척근린공원 지하주차장,서울특별시 구로구 고척로 45길 39,지하2층 주차장 우측,37.503986,126.852453,주중/주말 : 06시~23시,1899-2100,2017-01-16
261,LH인천본부,인천광역시 남동구 논현동 639-1,입차시 지상주차장 좌측,37.40049,126.712383,주중/주말 : 09시~18시,1899-2100,2017-01-16
215,은평평화공원 공영주차장,서울특별시 은평구 녹번동 153-1,지하1층 주차장,37.604979,126.923072,주중/주말 : 24시간,1899-2100,2017-01-16
244,풍암호수공원 공영주차장,광주광역시 서구 풍암동 857-1,(실외완전노출)좌측 첫번째 주차장,35.12575873,126.8688908,주중/주말 : 24시간,1899-2100,2017-01-16
224,명일동 공영주차장,서울특별시 강동구 구천면로 395(명일동),지하3층 주차장 안쪽 전기실 앞,37.551194,127.142924,주중/주말 : 24시간,1899-2100,2017-01-16
246,다목적체육관,광주광역시 남구 진월동 41-5,(실외완전노출)진입후 우측,35.11409052,126.9086251,주중/주말 : 24시간,1899-2100,2017-01-16
237,수성구민운동장,대구광역시 수성구 범어동 630-1,지상주차장,35.851314,128.629358,24시간,1899-2100,2017-01-16
225,천호1동 공영주차장,서울특별시 강동구 구천면로 42길 60(천호동),지하1층 주차장 좌측 바로 앞,37.545049,127.136282,주중/주말 : 24시간,1899-2100,2017-01-16
252,운남동 행정복지센터,광주광역시 광산구 운남동 387-25,(실외)입구에서 직진 후 우측,35.17296525,126.8218748,24시간,1899-2100,2017-01-16
218,지식산업센터(대륭테크노타운2차),서울특별시 금천구 가산디지털1로 33-33,지상 주차장 출구측,37.468697,126.884634,주중/주말 : 06시~23시,1899-2100,2017-01-16
257,제주 삼양 유적지,제주특별자치도 제주시 삼양일동 1660-5,관리사무실 주변,33.523015,126.588182,주중/주말 : 24시간,1899-2100,2017-01-16
230,롯데역사(주) 대구점,대구광역시 북구 칠성동2가 302-155,지상 6층 주차장,35.87641,128.59713,주중/주말 : 24시간,1899-2100,2017-01-16
256,서부소방서,제주특별자치도 제주시 한림읍 한림중앙로 150,북측 주차장,33.402687,126.270434,주중/주말 : 24시간,1899-2100,2017-01-16
240,달성종합스포츠파크,대구광역시 달성군 현풍읍 성하리 228-2,"지상주차장(우측, 남서측 끝)",35.70156401,128.4427146,주중/주말 : 24시간,1899-2100,2017-01-16
221,구로구청 주차장,서울특별시 구로구 구로동 435,구로구청 지상주차장 좌측,37.49494923,126.8874891,주중/주말 : 06시~23시,1899-2100,2017-01-16
235,방촌천 복개주차장,대구광역시 동구 검사동 955-21,지상주차장,35.884712,128.657545,24시간,1899-2100,2017-01-16
251,우산동 행정복지센터,광주광역시 광산구 우산동 1601-7,(실외)진입 후 우측 주차장,35.16022346,126.8070302,24시간,1899-2100,2017-01-16
232,대구스타디움 버스주차장,대구광역시 수성구 대흥동 504,버스주차장,35.826554,128.685269,24시간,1899-2100,2017-01-16
242,무안 청호쉼터(광주방면 국도),전라남도 무안군 일로읍 청호리 산 23-65(상행),(실외캐노피기설)광주방면국도주차장,34.788602,126.515277,주중/주말 : 24시간,1899-2100,2017-01-16
241,화원명곡공원,대구광역시 달성군 화원읍 인흥1길 12,"지상주차장(좌측, 북동측 끝)",35.798161,128.504793,주중/주말 : 24시간,1899-2100,2017-01-16
216,뚝도충전소,서울특별시 광진구 자양3동 510-8,건물 진입 전 좌측,37.53631,127.069429,주중/주말 : 24시간,1899-2100,2017-01-16
231,3호선 칠곡차량기지,대구광역시 북구 동호동 109,지상,35.960892,128.558904,24시간,1899-2100,2017-01-16
239,대구수목원 제3주차장,대구광역시 달서구 대곡동 1041,대구수목원 제3주차장 우측,35.80316925,128.5188198,주중/주말 : 24시간,1899-2100,2017-01-16
254,창원경상대학교병원,경상남도 창원시 성산구 삼정자로 11,장례식장 앞 주차장,35.199234,128.708128,주중/주말 : 24시간,1899-2100,2017-01-16
236,수성패밀리파크,대구광역시 수성구 팔현길 88-46,지상주차장,35.868964,128.672567,주중/주말 : 24시간,1899-2100,2017-01-16
233,대구미술관 외환들 주차장,대구광역시 수성구 삼덕동 360-4,지상주차장,35.828988,128.674062,24시간,1899-2100,2017-01-16
238,두류공원 테니스장,대구광역시 달서구 두류동 597-3,지상주차장(테니스장 맞은편 안쪽),35.852511,128.556326,24시간,1899-2100,2017-01-16
247,양림마을주차장,광주광역시 남구 양림동 202-27,(실외완전노출)진입후 우측,35.141811,126.915153,주중/주말 : 24시간,1899-2100,2017-01-16
249,비아동 주민센터,광주광역시 광산구 비아동 105,(실외)직진후 앞 주차장,35.22203265,126.8243554,24시간,1899-2100,2017-01-16
255,대산농협,경상남도 창원시 의창구 대산면 가술리 1,정문앞,35.34438356,128.7101051,주중/주말 : 24시간,1899-2100,2017-01-16
258,제주의료원,제주특별자치도 제주시 아라1동 4-17,입구 주차장(기종 충전기 주변),33.445522,126.560081,주중/주말 : 24시간,1899-2100,2017-01-16
226,현대백화점 천호점,서울특별시 강동구 천호대로 1005,지하5층 주자장 출구방향 오른쪽 ,37.539426,127.124332,주중/주말 : 24시간,1899-2100,2017-01-16
259,한림체육관,제주특별자치도 제주시 한림읍 한림리 887-2,입구 주차장(육상트랙 주변),33.40954845,126.2681393,주중/주말 : 24시간,1899-2100,2017-01-16
220,금천구청 지상 주차장,서울특별시 금천구 시흥동 1020,금천구청 지상주차장 입구,37.45724975,126.8959547,주중/주말 : 06시~23시,1899-2100,2017-01-16
222,가락시장,서울특별시 송파구 양재대로 932,가락몰 지하3층 주차장 B3 s23,37.493512,127.116489,주중/주말 : 24시간,1899-2100,2017-01-16
227,화서역 환승주차장,경기도 수원시 팔달구 화서동 643,지상1F 주차장,37.28587726,126.9903639,주중/주말 : 24시간,1899-2100,2017-01-16
234,시민안전테마파크,대구광역시 동구 용수동 89,지상주차장,35.989548,128.691021,24시간,1899-2100,2017-01-16
274,문경지사,경상북도 문경시 모전로 75,지상주차장(건물 남측),36.587854,128.190186,24시간,1899-2100,2017-02-13
375,부산 중구청,부산광역시 중구 대청동1가 1-4,주차장 진입후 주차빌딩 옆 우측 주차면,35.10653,129.03228,주중/주말 : 09시~18시(정문요청,1899-2100,2017-02-27
433,안덕계곡 주차장,제주특별자치도 서귀포시 감산리 345,주차장 오른쪽(도로쪽),33.257836,126.353287,주중/주말 : 24시간,1899-2100,2017-02-27
364,문화의 전당,경상남도 김해시 내동 1131,후문주차장 진입시 빙상장 앞,35.2438278,128.8694055,24시간,1899-2100,2017-02-27
438,용머리해안,제주특별자치도 서귀포시 안덕면 사계남로216번길 28,산방산랜드 근처 공영주차장 위쪽,33.2339822,126.3111,주중/주말 : 24시간,1899-2100,2017-02-27
442,당진 왜목마을 주차장,충청남도 당진시 석문면 교로리 847-71,지상 주차장입구(상시개방),37.04473446,126.5244874,24시간,1899-2100,2017-02-27
414,애월119센터,제주특별자치도 제주시 애월읍 일주서로 6513,입구 오른쪽,33.466829,126.348878,주중/주말 : 24시간,1899-2100,2017-02-27
419,조천119센터,제주특별자치도 제주시 조천읍 조천리 833-5,입구 왼쪽,33.54117829,126.6466408,주중/주말 : 24시간,1899-2100,2017-02-27
427,남원 의례회관 주차장,제주특별자치도 서귀포시 남원리 381,본관왼쪽 도로쪽,33.294428,126.711368,주중/주말 : 24시간,1899-2100,2017-02-27
403,LH제주본부,제주특별자치도 제주시 삼도1동 305-4,본관건물 오른쪽,33.50412791,126.5233891,주중/주말 : 24시간,1899-2100,2017-02-27
383,서귀포의료원,제주특별자치도 서귀포시 동홍동 1530-2,장례식장 서측 주차장,33.25623,126.564014,주중/주말 : 24시간,1899-2100,2017-02-27
406,도두동 주민센터,제주특별자치도 제주시 도두1길 9-1,주민센터 맞은편,33.50311,126.468194,주중/주말 : 24시간,1899-2100,2017-02-27
376,사상구청 부설주차장,부산광역시 사상구 감전동 138-8,주차장 진입후 사상구 보건소 앞쪽 주차면,35.1523437,128.9913258,24시간,1899-2100,2017-02-27
390,가납공영주차장,경기도 양주시 광적면 삼일로 20,1층주차장(정문에서 우측),37.820975,126.987485,주중/주말 : 24시간,1899-2100,2017-02-27
315,무주지사,전북특별자치도 무주군 무주읍 죽향로 31-16,지사 주차장 출입구 옆,36.008981,127.654752,24시간,1899-2100,2017-02-27
300,포천지사,경기도 포천시 원모루로 12,1층주차장(입구에서 좌측),37.890157,127.19497,주중/주말 : 06시~23시,1899-2100,2017-02-27
311,태안지사,충청남도 태안군 태안읍 남문리 692-5,정문에서 좌측 지상주차장,36.747537,126.298746,24시간,1899-2100,2017-02-27
373,부산대남측,부산광역시 금정구 부곡동 441-27,주차장 진입후 오른쪽 주차면,35.22769578,129.0892698,24시간,1899-2100,2017-02-27
372,명륜역,부산광역시 동래구 명륜동 741,주차장 진입후 오른쪽 주차면,35.21355415,129.0805292,24시간,1899-2100,2017-02-27
382,난산리 다목적회관,제주특별자치도 서귀포시 성산읍 난산리 1108,회관동측 주차장,33.401291,126.870952,24시간,1899-2100,2017-02-27
395,구로4동 주택가 공동,서울특별시 구로구 구로동 741-44,지상주차장 좌측,37.48951559,126.8868979,주중/주말 : 06시~23시,1899-2100,2017-02-27
400,LH전북본부,"전북특별자치도 전주시 완산구 홍산로 158 (효자동2가, 한국토지주택공사 전북본부)",지하 3층 주차장(구역 102동 B3 44),35.807581,127.104901,"평일07~19시,공휴일/휴일 이용불가",1899-2100,2017-02-27
402,LH대구경북본부,대구광역시 달서구 상화로 272,지하주차장(안쪽 우측),35.807675,128.543916,주중/주말 : 09시~20시,1899-2100,2017-02-27
269,양양지사,강원특별자치도 양양군 양양읍 서문리 124,지사주차장,38.07245,128.617897,주중/주말 : 06시~23시,1899-2100,2017-02-27
278,기장지사,부산광역시 기장군 기장읍 청강리 154-6,기장지사 사옥 내 주차장(2층),35.234832,129.219646,24시간,1899-2100,2017-02-27
380,LH경남본부,경상남도 창원시 성산구 용호동 4-2,입구앞,35.23261816,128.686507,주중/주말 : 24시간,1899-2100,2017-02-27
388,고창시험센터,전북특별자치도 고창군 상하면 용정리 1268,시험장 주차장,35.45390438,126.4503846,주중/주말 : 06시~23시,1899-2100,2017-02-27
354,양동시장 공영주차장,광주광역시 서구 양동 5-31,(실외완전노출)2층진입 후 10시방향,35.15217465,126.9029454,주중/주말 : 24시간,1899-2100,2017-02-27
371,구서역,부산광역시 금정구 구서동 475,주차장 진입후 정면 주차면,35.245222,129.091099,24시간,1899-2100,2017-02-27
385,정방폭포,제주특별자치도 서귀포시 동홍동278,주차장 화장실 동측,33.245004,126.573164,주중/주말 : 24시간,1899-2100,2017-02-27
404,국립제주박물관,제주특별자치도 제주시 일주동로 17,주차장 입구 왼쪽,33.514248,126.54897,주중/주말 : 07시~19시,1899-2100,2017-02-27
378,전하시장 공영주차장,울산광역시 동구 전하동 449-10,주차장 진입후 좌측 주차면,35.51368,129.43089,24시간,1899-2100,2017-02-27
264,강화지사,인천광역시 강화군 강화읍 갑곳리 350,지사 내 고객주차장,37.74179492,126.4988768,24시간,1899-2100,2017-02-27
349,여수 대포리 졸음쉼터,전라남도 여수시 소라면 대포리 산 125-6,(실외완전노출) 엑스포대로 여수방향,34.815629,127.620338,주중/주말 : 24시간,1899-2100,2017-02-27
321,합천지사,경상남도 합천군 합천읍 대야로 921,지상주차장,35.570276,128.163234,24시간,1899-2100,2017-02-27
326,횡성지사 전기차 충전소 1,강원특별자치도 횡성군 횡성읍 읍하리 561-7,급속 미설치,37.48894918,127.9828043,24시간 개방,1899-2100,2017-02-27
351,양산동 주민센터,광주광역시 북구 양산동 1019,(실외완전노출)주민센터 주차장 입구,35.20917272,126.8796613,주중/주말 : 24시간,1899-2100,2017-02-27
357,성북동 주민센터,전라남도 나주시 성북동 145-6,우측 입구,35.03507792,126.7192143,주중/주말 : 24시간,1899-2100,2017-02-27
359,천연염색문화관,전라남도 나주시 다시면 회진리 163,진입 후 좌측 주차장,34.993124,126.661455,주중/주말 : 24시간,1899-2100,2017-02-27
361,동신대학교,전라남도 나주시 대호동 252,중앙도서관 옆문 주차장,35.04994723,126.7177687,주중/주말 : 24시간,1899-2100,2017-02-27
325,강남전력지사,서울특별시 서초구 서초동 1355,지하 1층 주차장 좌측,37.485861,127.028034,24시간,1899-2100,2017-02-27
365,중소기업 비지니스센터,경상남도 김해시 주촌면 농소리 638-3,주차장 진입후 건물끝쪽 주차면,35.21341509,128.8315262,24시간,1899-2100,2017-02-27
301,양평지사,경기도 양평군 강상면 교평리 396-1,주차장(정문에서 좌측),37.487193,127.480673,24시간,1899-2100,2017-02-27
302,동두천지사,경기도 동두천시 평화로 2262,1층주차장(정문에서 좌측),37.889739,127.057408,24시간,1899-2100,2017-02-27
304,화성지사,경기도 화성시 마도면 마도북로 403,지사 후면 주차장(주차장진입시 정면에 위치),37.206232,126.771805,24시간,1899-2100,2017-02-27
307,음성지사,충청북도 음성군 음성읍 읍내리 335,음성지사 사옥 정면 주차장,36.934189,127.694946,24시간,1899-2100,2017-02-27
308,아산지사,충청남도 아산시 권곡동 541-1,지사 전면 지상주차장,36.787417,127.00747,주중/주말 : 24시간,1899-2100,2017-02-27
312,홍성지사,충남 홍성군 홍성읍 월산리 852,후문 우측 업무용차량 주차장,36.6024781,126.6523498,주중/주말 : 24시간,1899-2100,2017-02-27
313,금산지사,충청남도 금산군 금산읍 아인리 198-5,도로쪽 입구 주차장,36.107525,127.482885,주중/주말 : 24시간,1899-2100,2017-02-27
416,유수암,제주특별자치도 제주시 애월읍 유수암리 1017-1,커피집 왼쪽,33.424263,126.408643,주중/주말 : 24시간,1899-2100,2017-02-27
429,동부소방서,제주특별자치도 서귀포시 성산읍 일주동로 4120번길 7,본관건물 왼쪽,33.460444,126.910027,주중/주말 : 24시간,1899-2100,2017-02-27
412,서부경찰서,제주특별자치도 제주시 애월읍 애조로 215,주차장 위병소 옆,33.473854,126.406239,주중/주말 : 24시간,1899-2100,2017-02-27
314,부안지사,전북특별자치도 부안군 부안읍 선은리 642-4,부안 지사 옆면 주차장,35.73798962,126.7341292,24시간,1899-2100,2017-02-27
435,영실매표소,제주특별자치도 서귀포시 영실로 246,주차장 왼쪽(산쪽),33.340577,126.480083,주중/주말 : 24시간,1899-2100,2017-02-27
347,여주시청주차장,경기도 여주시 홍문동 4,지상주차장,37.29821698,127.6371706,주중/주말 : 06시~23시,1899-2100,2017-02-27
322,하동지사,"경상남도 하동군 하동읍 경서대로 83 (광평리, 한국전력하동지점)",정문앞,35.06469448,127.7455967,24시간,1899-2100,2017-02-27
334,대구전력관리처,대구광역시 수성구 수성동4가 1000-1,1층 주차장,35.86160057,128.6205188,주중/주말 : 개방불가(보안시설),1899-2100,2017-02-27
337,LH서울지사,서울특별시 강남구 선릉로 121길 12,좌측 지상주차장,37.514473,127.040862,주중/주말 : 06~22시,1899-2100,2017-02-27
340,예술의 전당,서울특별시 서초구 서초동 산 130-19,음악당 콘서트홀 버스주차장 입구 좌측,37.4798202,127.0120804,주중/주말 : 24시간,1899-2100,2017-02-27
336,강남세브란스 병원,서울 강남구 도곡동 146-92,왼쪽 지상주차장 진입 후 100미터,37.49270666,127.0464179,주중/주말 : 24시간,1899-2100,2017-02-27
270,평창지사,강원특별자치도 평창읍 중리 156-1,지사뒷편 주차장,37.370874,128.403546,주중/주말 : 06시~23시,1899-2100,2017-02-27
369,범서읍사무소,울산광역시 울주군 범서읍 천상리 442-2,주차장 진입 후 좌측 끝쪽 주차면,35.568429,129.231277,24시간,1899-2100,2017-02-27
358,이창동 주민센터,전라남도 나주시 이창동 511-9,우측 입구,34.997309,126.710237,주중/주말 : 24시간,1899-2100,2017-02-27
320,부산울산전력관리처(공용),부산광역시 부산진구 부전동 224-7,주차장 진입후 전력관리처 주차장,35.15277832,129.0606126,06~23시,1899-2100,2017-02-27
362,빛가람 주민센터,전라남도 나주시 빛가람동 202,입구 바로 앞 주차장,35.02163625,126.7906819,주중/주말 : 24시간,1899-2100,2017-02-27
440,청소년 문화의 집,제주특별자치도 서귀포시 화순로 56번길 20,도로측 오른쪽 주차장,33.249783,126.337094,주중/주말 : 24시간,1899-2100,2017-02-27
368,울산대공원 남문주차장,울산광역시 남구 옥동 364,주차장 입구 진입 후 A6구역,35.52665915,129.2856489,24시간,1899-2100,2017-02-27
309,보령지사,충청남도 보령시 옥마로 60,사옥 정문을 보고 좌측 건너편 맨 우측 충전기,36.337558,126.622671,주중/주말 : 24시간,1899-2100,2017-02-27
356,나주시청,전라남도 나주시 송월동 100,본관 좌측 전기차 전용 주차장,35.015306,126.710955,주중/주말 : 24시간,1899-2100,2017-02-27
415,유리의성,제주특별자치도 제주시 한경면 저지리 3135-1,주차장 들어가기전 오른쪽,33.31372732,126.2723234,주중/주말 : 24시간,1899-2100,2017-02-27
425,가시리 조랑말체험공원,제주특별자치도 서귀포시 표선면 가시리 3149-33,도로건너 주차장 오른쪽,33.383955,126.735769,주중/주말 : 24시간,1899-2100,2017-02-27
444,대전대덕구청 주차장,대전광역시 대덕구 대전로 1033번길 20,지상주차장 우측(관리실 후방),36.346201,127.415896,주중/주말 : 24시간,1899-2100,2017-02-27
342,서울시여성가족재단,서울특별시 동작구 대방동 345-1,지하3층 좌측 주차장,37.5111456,126.926809,06:00 ~ 22:00,1899-2100,2017-02-27
277,영덕지사,경상북도 영덕군 영덕읍 우곡리 286,사옥내 주차장,36.41145,129.375104,24시간,1899-2100,2017-02-27
279,거제지사,경상남도 거제시 고현동 959-11,건물정면 앞 지상주차장,34.88998237,128.6180427,24시간,1899-2100,2017-02-27
282,동대문디자인플라자,서울특별시 중구 을지로7가 2-1,지하2층 주차장 진입 후 정면,37.56621527,127.0101559,주중/주말 : 24시간,1899-2100,2017-02-27
284,배봉공영주차장,서울특별시 동대문구 휘경동 286-66,휘경중학교 옆 배봉공영주차장 내,37.58690804,127.0620476,주중/주말 : 24시간,1899-2100,2017-02-27
405,김창열미술관,제주특별자치도 제주시 한림읍 용금로 883-5,미술관앞 주차장,33.339346,126.268699,주중/주말 : 24시간,1899-2100,2017-02-27
280,진해지사,경상남도 창원시 진해구 여좌천로 122,입구 바로앞,35.163688,128.661621,06~23시,1899-2100,2017-02-27
436,영어교육도시119센터,제주특별자치도 서귀포시 대정읍 보성리 산 1-16,본관 후정 도로쪽 주차장,33.27893625,126.2732748,주중/주말 : 24시간,1899-2100,2017-02-27
353,광주도시철도공사,광주광역시 광산구 월전동 39-49,(실외)진입 후 우회전후 직진,35.12497613,126.7730113,24시간,1899-2100,2017-02-27
350,광주광역시립 미술관,광주광역시 북구 운암동 164,(실외완전노출)입구진입화장실우측,35.18069306,126.8820085,24시간,1899-2100,2017-02-27
303,가평지사,경기도 가평군 가평읍 가화로 169-11,1층주차장(정면),37.833892,127.510497,24시간,1899-2100,2017-02-27
283,국립현대미술관 서울관,서울특별시 종로구 소격동 165-10,지하3층 주차장 6번 기둥,37.57820177,126.9801122,주중/주말 : 24시간,1899-2100,2017-02-27
273,영주지사,경상북도 영주시 구성로 370,지상주차장(건물 북측 안쪽),36.82467,128.621953,주중/주말 : 06시~23시,1899-2100,2017-02-27
443,대전동구청 주차장,대전광역시 동구 동구청로 147,지상주차장 우측,36.311223,127.454838,24시간,1899-2100,2017-02-27
310,예산지사,충청남도 예산군 예산읍 산성리 87-6,한전예산지사 지상 주차장 우측,36.68867877,126.8433622,주중/주말 : 24시간,1899-2100,2017-02-27
289,강변테크노마트 주차장,서울특별시 광진구 구의동 546-4,지하4층 주차장,37.53569971,127.0957648,주중/주말 : 24시간,1899-2100,2017-02-27
324,홍은1동 제4공영주차장,서울특별시 서대문구 홍은동 11-23,공영주차장,37.60140423,126.9489614,주중/주말 : 24시간,1899-2100,2017-02-27
363,강진지사(급속),전라남도 강진군 강진읍 동성리 123,(실외완전노출)진입 후 우측 주차장,34.6350795,126.7778068,24시간,1899-2100,2017-02-27
327,철원지사,강원특별자치도 철원군 갈말읍 군탄리 1028-199,출입구 통과후 좌측,38.1475409,127.3025954,06~23시,1899-2100,2017-02-27
399,LH강원본부,강원특별자치도 춘천시 효자동 692-10,지상주차장,37.868893,127.728485,주중/주말 : 06시~23시,1899-2100,2017-02-27
267,태백지사,강원특별자치도 태백시 황지동 201-22,지사주차장,37.158349,128.987216,주중/주말 : 06시~23시,1899-2100,2017-02-27
286,서울특별시은평병원 주차장,서울특별시 은평구 백련산로 90,옥외주차장,37.594371,126.923464,주중/주말 : 24시간,1899-2100,2017-02-27
332,청송지사,경상북도 청송군 청송읍 월막리 426-1,지상주차장,36.43606028,129.0526923,24시간,1899-2100,2017-02-27
386,개인택시조합,제주특별자치도 제주시 도두1동 2198-7,세차시설 왼쪽,33.49565495,126.4688947,주중/주말 : 24시간,1899-2100,2017-02-27
265,홍천지사,강원특별자치도 홍천군 홍천읍 연봉리 253-2,사옥 주차장 정문 왼편,37.6854551,127.8772731,24시간,1899-2100,2017-02-27
409,베스트힐 주차장(조천읍),제주특별자치도 제주시 조천읍 남조로 2109-38,베스트힐 입구 오른쪽 도로 안쪽,33.456637,126.656834,주중/주말 : 24시간,1899-2100,2017-02-27
297,인천전력관리처,인천광역시 부평구 갈산동 216,사옥 주차장 정문 왼편,37.51485,126.730577,24시간,1899-2100,2017-02-27
366,클레이아크미술관,경상남도 김해시 진례면 송정리 358,후문주차장 진입 직후 우측 주차면,35.25112538,128.7446494,미술관 운영시간(10:00 ~ 18:00) 이외 사용불가,1899-2100,2017-02-27
294,한전본사 파빌리온주차장(공용),전라남도 나주시 빛가람동 120,본사내 동측 파빌리온 주차장,35.02589306,126.785551,24시간,1899-2100,2017-02-27
360,반남국립박물관,전라남도 나주시 반남면 신촌리 262-1,진입 후 좌측 주차장,34.914573,126.660386,주중/주말 : 24시간,1899-2100,2017-02-27
374,부산대북측,부산광역시 금정구 장전동 427,주차장 진입후 오른쪽 주차면,35.23198078,129.0890063,24시간,1899-2100,2017-02-27
428,대천동주민센터,제주특별자치도 서귀포시 도순로 44,주차장 입구 왼쪽,33.251056,126.477564,주중/주말 : 24시간,1899-2100,2017-02-27
281,석탄회관,서울특별시 종로구 수송동 80-6,지상주차장(1층) 진입 후 우측,37.57282,126.980218,"주중 08시~22시, 토 08시~13시, 공휴일 미개방",1899-2100,2017-02-27
439,제주국제평화센터,제주특별자치도 서귀포시 중문관광로 227-24,본관 맞은편 주차장,33.244668,126.421889,주중/주말 : 24시간,1899-2100,2017-02-27
367,울산대공원 정문주차장,울산광역시 남구 옥동 146-1,주차장입구 진입 후 직진하여 제일 후방 주차면,35.53241,129.291982,24시간,1899-2100,2017-02-27
306,증평괴산지사,충청북도 증평군 증평읍 장동리 84,증평괴산지사 사옥 내 주차장,36.789292,127.58803,24시간,1899-2100,2017-02-27
268,삼척지사,강원특별자치도 삼척시 정상동 247-3,지사주차장,37.43432532,129.1779429,주중/주말 : 06시~23시,1899-2100,2017-02-27
318,완도지사,전라남도 완도군 완도읍 군내리 1244-18,(실외완전노출) 지상 주차장 우측,34.31673075,126.746285,주중/주말 : 06시~23시,1899-2100,2017-02-27
420,한라산국립공원 관음사탐방안내소,제주특별자치도 제주시 오등동 산 180-3,주차장 입구 왼쪽,33.42194073,126.5505902,주중/주말 : 24시간,1899-2100,2017-02-27
352,궁동공영주차장,광주광역시 동구 궁동 15,(실외완전노출)주차장 진입 우측,35.15096516,126.9193654,주중/주말 : 24시간,1899-2100,2017-02-27
434,안덕생활체육관,제주특별자치도 서귀포시 화순서서로 59,레저파크텔 맞은편 주차장 도로쪽,33.256075,126.328364,주중/주말 : 24시간,1899-2100,2017-02-27
421,한라산국립공원 어리목탐방안내소,제주특별자치도 제주시 1100로 2070-61,주차장 입구 오른쪽,33.392437,126.494598,주중/주말 : 24시간,1899-2100,2017-02-27
328,고성지사,강원특별자치도 고성군 간성읍 신안리 319-4,주차장,38.38024127,128.4731958,개방불가,1899-2100,2017-02-27
431,성산하수처리장,제주특별자치도 서귀포시 성산읍 오조리 57-35,오른쪽 주차장 입구,33.452052,126.918956,주중/주말 : 24시간,1899-2100,2017-02-27
355,보훈병원 주차장,광주광역시 남구 주월동 1156-10,(실외완전노출)주차장,35.13085002,126.9013494,주중/주말 : 24시간,1899-2100,2017-02-27
407,동부농업기술센타,제주특별자치도 제주시 구좌읍 김녕리 1892,본관 오른쪽 맞은편,33.55022243,126.7503977,주중/주말 : 24시간,1899-2100,2017-02-27
430,서귀포해양경찰서,제주특별자치도 서귀포시 서호남로 11,주차장 왼편 제일 안쪽(도로쪽),33.251271,126.513811,주중/주말 : 24시간,1899-2100,2017-02-27
401,대구유통단지 전자관,대구광역시 북구 유통단지로 45,뒷편 지상주차장,35.908173,128.60655,24시간,1899-2100,2017-02-27
319,광주전남전력관리처(공용),광주광역시 서구 농성동 649-8,(실외완전노출)지상주차장,35.15257614,126.8829792,평일 09:00~18:00,1899-2100,2017-02-27
384,수산1리 복지회관,제주특별자치도 서귀포시 성산읍 수산리 703-1,회관 주차장 서측,33.446088,126.883146,주중/주말 : 24시간,1899-2100,2017-02-27
288,광진구청 주차장,서울특별시 광진구 자양동 777,보건소 앞,37.538398,127.0824287,주중/주말 : 24시간,1899-2100,2017-02-27
305,경기전력관리처,경기도 수원시 영통구 이의동 907-1,지상 1층 주차장,37.29317256,127.0369183,24시간,1899-2100,2017-02-27
316,전북전력관리처,전북특별자치도 전주시 덕진구 혁신로 600,본관 앞 주차장,35.866209,127.070734,24시간,1899-2100,2017-02-27
389,인창문화센터,경기도 구리시 인창동 527-37,1층주차장(정문에서 좌측),37.60653668,127.1330939,주중/주말 : 24시간,1899-2100,2017-02-27
417,제주 동부보건소,제주특별자치도 제주시 구좌읍 김녕료 14길 6,도로쪽 주차장,33.554663,126.751331,주중/주말 : 24시간,1899-2100,2017-02-27
398,설봉공원주차장,경기도 이천시 관고동 356,제1주차장 지상,37.27840437,127.4287133,주중/주말 : 24시간,1899-2100,2017-02-27
393,한국공항공사 서울,서울특별시 강서구 방화동 886,국제선 1층 버스정류장 도로변 끝,37.564285,126.800266,주중/주말 : 24시간,1899-2100,2017-02-27
445,대전시립박물관,대전광역시 유성구 상대동 488,박물관 옥외 주차장,36.336701,127.335319,주중/주말 : 24시간,1899-2100,2017-02-27
377,대리천 공영주차장,부산광역시 북구 덕천동 732-5,주차장 진입전 우측 주차면,35.21032635,129.0026711,24시간,1899-2100,2017-02-27
296,영등포전력지사,서울특별시 영등포구 경인로 878,정문 출입문 앞 주차장,37.517367,126.910236,24시간,1899-2100,2017-02-27
391,회천1동주민센터,경기도 양주시 덕정길 67,1층주차장(정면),37.844233,127.066058,주중/주말 : 24시간,1899-2100,2017-02-27
441,안덕면종합복지회관,"제주특별자치도 서귀포시 안덕면 화순로 121-6 (화순리, 안덕면 종합복지회관)",본관 맞은편 주차장,33.24603059,126.3335342,주중/주말 : 24시간,1899-2100,2017-02-27
293,한전본사 남측주차장(공용),전라남도 나주시 빛가람동 120,본사내 남측 주차장,35.02523496,126.782964,24시간,1899-2100,2017-02-27
266,속초고성지사,강원특별자치도 속초시 동명동 258-1,지사주차장,38.2117614,128.5905531,평일 09시~18시,1899-2100,2017-02-27
271,경주지사,경상북도 경주시 동천동 804,사내주차장 후문 우측,35.854436,129.224947,24시간,1899-2100,2017-02-27
272,상주지사,경상북도 상주시 경상대로 3051-17,지상주차장(북측),36.4196189,128.1494981,24시간,1899-2100,2017-02-27
275,북포항지사,경상북도 포항시 북구 흥해읍 약성리 121-2,사옥내 주차장,36.1134556,129.3476568,24시간,1899-2100,2017-02-27
276,울진지사(공용),경상북도 울진군 울진읍 울진북로 447,지상주차장(좌측 안쪽),36.988607,129.395131,주중/주말 : 06시~23시,1899-2100,2017-02-27
298,경기북부직할,경기도 의정부시 용민로 19번길 92,1층주차장(입구에서 좌측),37.736949,127.081969,주중/주말 : 24시간,1899-2100,2017-02-27
379,울주군보건소,울산광역시 울주군 삼남읍 교동리 1605-1,보건소 맞은편 아리솔공원 앞쪽 주차면,35.55831216,129.1138824,24시간,1899-2100,2017-02-27
446,대전광역시청 부설주차장,대전광역시 서구 둔산로 100,시청 동편 옥외 주차장,36.350731,127.386008,주중/주말 : 24시간,1899-2100,2017-04-03
511,장자마을8단지부영 아파트,충청북도 청주시 상당구 금천동 320,장자마을 8단지 APT 지상주차장 806동 옆,36.628943,127.511593,24시간  ※외부인 개방,1899-2100,2017-04-12
466,강변보성타운 아파트,경상북도 구미시 비산동 산호대로 423,지상주차장(103동 서측),36.122133,128.382794,24시간  ※외부인 개방,1899-2100,2017-04-12
493,범지기마을5단지,세종특별자치시 아름동 1353,"지하1층 주차장(505동,39BL)",36.510002,127.246642,24시간,1899-2100,2017-04-12
450,가좌벽산블루밍5단지 아파트,경기도 고양시 일산서구 가좌동 1087,,37.69094497,126.720524,24시간,1899-2100,2017-04-12
479,수성태왕하이츠리버뷰,"대구광역시 수성구 달구벌대로454길 9 (수성동1가, 수성태왕하이츠리버뷰)",103동 지하 1층 주차장,35.859238,128.610602,24시간,1899-2100,2017-04-12
491,가재마을10단지,세종특별자치시 종촌동 656,"지하1층 주차장(1006동, C45BL)",36.502807,127.252575,24시간,1899-2100,2017-04-12
485,송악e편한세상 아파트,충청남도 당진시 송악읍 가학리 690,송악 이편한세상 APT 관리사무소 앞,36.90514359,126.6951553,24시간  ※외부인 개방,1899-2100,2017-04-12
475,힐데스하임,대구광역시 달성군 유가면 테크노북로9길 42,지하주차장(107-108동 사이),35.692381,128.468806,24시간,1899-2100,2017-04-12
458,한빛5단지 아파트,경기도 파주시 야당동 991,지하 2층 주차장 514동 입구,37.71551373,126.7570259,24시간,1899-2100,2017-04-12
508,장기동 초당마을 중흥S클래스,경기도 김포시 장기동 2058-1,"지하2층 주차장 312동 1,2호라인 옆 (블럭번호 B09)",37.638707,126.669652,24시간,1899-2100,2017-04-12
490,도안2블럭 호반베르디움,대전광역시 유성구 봉명동 1021,아파트 207동 지하,36.350547,127.345024,24시간,1899-2100,2017-04-12
516,청주푸르지오캐슬5단지 아파트,충청북도 청주시 서원구 사직동 934,"지하2층(504동 입구, B2/35)",36.62963048,127.4694585,24시간  ※외부인 개방,1899-2100,2017-04-12
468,푸르지오캐슬A단지 아파트,경상북도 구미시 송정동 박정희로 599,"지하1층주차장(104-108, 118-119동 사이, 각각있음)",36.123304,128.340985,24시간,1899-2100,2017-04-12
514,청주푸르지오캐슬2단지 아파트,충청북도 청주시 서원구 사직동 927,지하2층(3-4 라인),36.63293702,127.4684238,24시간  ※외부인 개방,1899-2100,2017-04-12
470,대곡역그린빌,대구광역시 달성군 화원읍 명천로 57,"지하주차장(105-109동 사이, 3주차장)",35.803562,128.510814,24시간  ※외부인 개방,1899-2100,2017-04-12
454,진접롯데캐슬 아파트,경기도 남양주시 진접읍 장현리 702,입구진입 후 왼쪽주차장 101번기둥,37.71897323,127.1866863,24시간,1899-2100,2017-04-12
451,원당 래미안휴레스트 아파트,경기도 고양시 덕양구 성사동 860,"오른쪽 P3 지하주차장, 지하 2층으로 진입",37.65955719,126.842927,24시간,1899-2100,2017-04-12
476,범물인앤인 아파트,대구광역시 수성구 지범로 52 (지산동),상가주차장,35.813982,128.644375,24시간,1899-2100,2017-04-12
477,범어쌍용예가,"대구광역시 수성구 명덕로 477 (범어동, 범어 쌍용 예가)",101동 앞 지하 1층 주차장,35.854391,128.622315,24시간,1899-2100,2017-04-12
465,e편한세상황성,경상북도 경주시 황성동 1170,105동 지하주차장 2층,35.870855,129.21232,24시간,1899-2100,2017-04-12
481,이시아폴리스더샵1차,"대구광역시 동구 팔공로53길 10 (봉무동, 이시아폴리스 더샵 1차)",103동 지하주차장 1층,35.925831,128.640235,24시간,1899-2100,2017-04-12
504,무거동롯데캐슬,울산광역시 남구 무거동 1584,104동 주차장 내/B2 출구앞,35.548032,129.2531349,24시간,1899-2100,2017-04-12
467,경남아너스빌 아파트,경상북도 구미시 고아읍 문성리 1098,"지상주차장(106동 남측, 정문에서 좌측)",36.16237865,128.3427416,24시간,1899-2100,2017-04-12
512,가경한라비발디 아파트,충청북도 청주시 흥덕구 가경동 1761,"지하2층(301동 입구, B2/04)",36.621191,127.426612,24시간,1899-2100,2017-04-12
501,상록경남아너스빌,경상남도 양산시 남부동 608-1,경남아너스빌 아파트 지하주차장 1층 112동라인 D25번 주차장 입구,35.33028851,129.024808,24시간,1899-2100,2017-04-12
484,대신센트럴자이 아파트,대구광역시 중구 대신동 달구벌대로 1955,지하 1층 주차장,35.864668,128.578004,24시간  ※외부인 개방,1899-2100,2017-04-12
464,통영죽림푸르지오1차 아파트,경상남도 통영시 광도면 죽림리 1579,102동 앞 지하1층주차장 A24기둥,34.879332,128.419226,24시간,1899-2100,2017-04-12
495,첫마을7단지,세종특별자치시 한솔동 978,"지하1층 주차장(712동, T-19BL)",36.473789,127.256165,24시간,1899-2100,2017-04-12
507,운양동 전원마을월드2단지,경기도 김포시 운양동 1435,"지상 주차장 202동 3,4호라인 앞",37.646725,126.685718,24시간,1899-2100,2017-04-12
513,개신삼익2차 아파트,충청북도 청주시 서원구 개신동 11,지하1층(D라인),36.628059,127.464136,24시간,1899-2100,2017-04-12
455,부영그린타운2단지,경기도 남양주시 다산동 4002-1,관리사무소 뒤 지하주차장 36번기둥,37.61329483,127.1597319,24시간  ※외부인 개방,1899-2100,2017-04-12
496,한뜰마을1단지,세종특별자치시 어진동 554,"지하1층 주차장(104동, 19BL)",36.506949,127.266011,24시간,1899-2100,2017-04-12
488,노은새미래숲2단지,대전광역시 유성구 지족동 1042,아파트 202동 지하,36.381121,127.302951,24시간,1899-2100,2017-04-12
492,도램마을5단지,세종특별자치시 도담동 627,"지하2층 주차장(504동, B2-905BL)",36.51751,127.256506,24시간,1899-2100,2017-04-12
452,위시티 일산자이1단지 아파트,경기도 고양시 일산동구 식사동 1487,"지하주차장 1층,106동",37.68331598,126.8126167,24시간,1899-2100,2017-04-12
457,성원포레스타운 아파트,경기도 파주시 검산동 130-8,성원포레스트타운 상가동 옆 지하주차장,37.77338937,126.7488499,24시간,1899-2100,2017-04-12
474,천내보성타운,대구광역시 달성군 화원읍 화원로 37,지상주차장(105동 동측),35.808062,128.498141,24시간,1899-2100,2017-04-12
487,한전사택1단지,충청남도 보령시 죽정동 658,중부발전 죽정사택 죽정복지관 앞,36.359191,126.600162,24시간  ※외부인 개방,1899-2100,2017-04-12
498,화명동대림타운,부산광역시 북구 화명동 1170-1,화명대림타운APT 208동앞 지하주차장,35.23145351,129.015967,24시간,1899-2100,2017-04-12
505,구래동 호수마을 e편한세상,경기도 김포시 구래동 6874-17,지하2층 주차장 210동 앞 (블럭번호 B24),37.649419,126.630246,24시간,1899-2100,2017-04-12
515,청주푸르지오캐슬3단지 아파트,충청북도 청주시 서원구 사직동 928,지하2층(301동 2/1라인 입구),36.63178286,127.4682828,24시간  ※외부인 개방,1899-2100,2017-04-12
460,진스빌,경상남도 창원시 마산회원구 석전동 246-10,지하3층(입구오른쪽골목 경비실방문),35.229792,128.576874,24시간,1899-2100,2017-04-12
462,무학서문 아파트,경상남도 창원시 의창구 서상동 11-5,경비실 정문 앞쪽,35.26211432,128.6223434,24시간  ※외부인 개방,1899-2100,2017-04-12
471,상인서한타운,대구광역시 달서구 상인동 상인서로 46,지하주차장(101-102동 사이 안쪽),35.814938,128.544887,24시간  ※외부인 개방,1899-2100,2017-04-12
480,시지월드메르디앙,"대구광역시 수성구 천을로 70 (시지동, 시지월드메르디앙)",105동 지하 1층 주차장,35.843553,128.697712,24시간,1899-2100,2017-04-12
486,KOMIPO행복마루,충청남도 보령시 동대동 347-6,지하주차장,36.349021,126.614602,24시간,1899-2100,2017-04-12
489,노은해랑숲마을5단지,대전광역시 유성구 지족동 1033,아파트 502동 지하,36.384572,127.304646,24시간,1899-2100,2017-04-12
494,범지기마을6단지,세종특별자치시 아름동 1357,"지하2층 주차장(601동, 84BL)",36.510245,127.248815,24시간,1899-2100,2017-04-12
497,펜타포트1블럭,충청남도 천안시 서북구 불당동 1292,주차장 5층,36.79983135,127.1010519,24시간,1899-2100,2017-04-12
502,양산웅상신원아침도시,경상남도 양산시 주남동 55-1,지하주차장107동라인 C2번 주차장 입구,35.41655047,129.1642451,24시간,1899-2100,2017-04-12
506,운양동 풍경마을 e편한세상,경기도 김포시 운양동 1250-3,지하2층 주차장 209동 앞 (블럭번호 G36),37.657411,126.682344,24시간,1899-2100,2017-04-12
499,대승하이아트2차,경상남도 양산시 덕계동 811-45,대승하이아트2차아파트 204동 뒷 지상 주차장 변전실입구,35.38499454,129.1571405,24시간,1899-2100,2017-04-12
518,(전주거치형)경남공고옆,부산광역시 부산진구 전포동 689-28,경남공고옆 도로 전주부착형 충전소,35.1534434,129.0628348,24시간,1899-2100,2017-04-20
519,지상변압기일체형(송정KT앞 ),부산광역시 해운대구 송정광어골로 42(Green Pole),KT송정지사 앞 지상변압기 일체형 충전소,35.17749003,129.1967152,현재 미개방,1899-2100,2017-04-20
447,대전 유성구청 부설주차장,대전광역시 유성구 어은동 109,구청 후편 옥외 주차장,36.36208432,127.3563834,주중/주말 : 24시간,1899-2100,2017-06-10
448,대전 서구청 부설주차장,대전광역시 서구 둔산서로 100,구청 동편 옥외 주차장,36.354978,127.384369,주중/주말 : 24시간,1899-2100,2017-06-10
678,서부농업기술센터,제주특별자치도 제주시 한림읍 월림7길 90,본관건물 왼쪽,33.35376182,126.2486857,주중/주말 : 24시간,1899-2100,2017-06-28
680,마천동1공영주차장,서울특별시 송파구 성내천로43길 6,B동 1층 공영주차장 우측,37.495181,127.155564,주중/주말 : 24시간,1899-2100,2017-06-28
523,송파파인타운6단지 아파트,서울특별시 송파구 충민로6길 14,후문 진입 지하2층  B03 기둥,37.4805625,127.1319979,24시간,1899-2100,2017-06-28
520,강일리버파크7단지 아파트,서울특별시 강동구 아리수로98길 25,702동 앞 주차장 지하2층 A14 기둥,37.565254,127.178943,24시간,1899-2100,2017-06-28
521,고덕리엔파크3단지 아파트,서울특별시 강동구 상일로 74,307동 좌측주차장 지하2층 310동 P1-08 기둥,37.55371,127.175019,24시간,1899-2100,2017-06-28
579,묵동자이1단지 아파트,서울특별시 중랑구 묵동 164-4,101동 지상주차장 4층,37.61485601,127.0779068,24시간,1899-2100,2017-07-04
612,진천교성주공 아파트,충청북도 진천군 진천읍 교성리 144,입구 좌측 지상주차장,36.85196362,127.4416983,24시간  ※외부인 개방,1899-2100,2017-07-04
674,시지3차신매보성타운 아파트,"대구광역시 수성구 달구벌대로651길 23 (신매동, 시지3차신매보성타운)",지하 1층 주차장,35.839401,128.71304,24시간,1899-2100,2017-07-04
666,동대구유성푸르나임 아파트,"대구광역시 동구 동부로22길 48 (신천동, 유성푸르나임)",지하1층,35.872221,128.626568,24시간,1899-2100,2017-07-04
568,서수원자이아파트,경기도 수원시 권선구 입북동 810,관리동 앞 지하1층,37.295948,126.960694,24시간,1899-2100,2017-07-04
622,노은꿈에그린1단지 아파트,대전광역시 유성구 지족동 1089,지하 B32번 기둥,36.387416,127.302156,24시간,1899-2100,2017-07-04
610,청라롯데캐슬 아파트,인천광역시 서구 경서동 958-1,지하 2층 B27,37.531156,126.646769,24시간,1899-2100,2017-07-04
638,송보파인빌6차,전라남도 광양시 마동 1031,(실외캐노피기설)정문 604동 앞,34.95603203,127.6919636,24시간,1899-2100,2017-07-04
620,삼성쉐르빌 아파트,충청남도 당진시 채운동 1117,제4지하주차장 (106동 출입구 앞),36.89673481,126.6209353,24시간,1899-2100,2017-07-04
668,만촌태왕리더스 아파트,"대구광역시 수성구 무열로 47 (만촌동, 만촌태왕리더스)",108동 지하1층,35.863548,128.648335,24시간,1899-2100,2017-07-04
590,창동한승미메이드 아파트,서울특별시 도봉구 덕릉로 60길 164-13,지하 1층 주차장(입구왼쪽),37.632965,127.04291,24시간,1899-2100,2017-07-04
554,써밋플레이스광교,경기도 수원시 영통구 센트럴타운로 85,지하4층 주차장,37.291067,127.051119,24시간,1899-2100,2017-07-04
672,수성대백인터빌 아파트,대구광역시 수성구 수성동1가 259-40,101동 지하 1층 주차장,35.855795,128.613111,24시간,1899-2100,2017-07-04
671,수성누리빌데시앙 아파트,"대구광역시 수성구 국채보상로 1019 (만촌동, 수성누리빌데시앙)",102동 지하1층,35.867406,128.640868,24시간,1899-2100,2017-07-04
531,강남한신휴플러스6단지 아파트,서울특별시 강남구 율현동 밤고개로26길 50,지하1층 606동,37.468095,127.105372,24시간,1899-2100,2017-07-04
555,영통SK뷰,경기도 수원시 영통구 망포동 725,"106동 B2F 4,5",37.243347,127.062638,24시간,1899-2100,2017-07-04
584,도봉현대성우 아파트,서울특별시 도봉구 마들로 735-8,지하 2층 좌측 끝,37.67628,127.047334,24시간  ※외부인 개방,1899-2100,2017-07-04
549,광교호반가든하임,경기도 수원시 영통구 웰빙타운로 20,지하1층 주차장,37.305479,127.049525,24시간,1899-2100,2017-07-04
530,영등포레미안 아파트,서울특별시 영등포구 신길동 4945,지1층 104동 005기둥,37.50494065,126.9074018,24시간,1899-2100,2017-07-04
577,양현마을풍림아파트,경기도 용인시 기흥구 신갈동 158,B1F 좌측,37.28409438,127.106955,24시간,1899-2100,2017-07-04
603,극동대야 아파트,경기도 시흥시 대야동 332-13,APT 지하(B1) 주차장 103동 앞,37.449255,126.786809,24시간,1899-2100,2017-07-04
567,반달마을푸르지오,경기도 화성시 반월동 885,지상주차장 307동 입구 인근,37.232116,127.067027,24시간,1899-2100,2017-07-04
585,방학극동 아파트,서울특별시 도봉구 시루봉로 11길 25-8,"지상 주차장(101동 1,2라인 옆)",37.66396,127.02672,24시간,1899-2100,2017-07-04
629,상무 SK뷰,광주광역시 서구 치평동 1331,(실내지하)지하 주차장(A24),35.14684,126.851261,24시간,1899-2100,2017-07-04
633,상동 우성 아파트,전라남도 목포시 상동 886,(실외완전노출)110동앞 주차장,34.80244849,126.4218117,24시간,1899-2100,2017-07-04
543,위례롯데캐슬,경기도 하남시 학암동 672,지하1층 주차장,37.47532698,127.1523859,24시간,1899-2100,2017-07-04
589,중계현대2차 아파트,서울특별시 노원구 한글비석로 15길 51,"지상 주차장(202동 1,2라인 앞)",37.656072,127.073635,24시간,1899-2100,2017-07-04
583,성수동아이파크 아파트,서울특별시 성동구 성수동2가 성수이로 137,지하주차장 2층 B25 기둥 앞,37.546956,127.057287,24시간,1899-2100,2017-07-04
557,유승한내들퍼스트뷰,경기도 평택시 청북읍 옥길리 1153,104동 B1F Y44,37.023737,126.924985,24시간,1899-2100,2017-07-04
618,청당마을신도브래뉴 아파트,충청남도 천안시 동남구 청당동 436,아파트 108동 지하3층,36.778692,127.141572,24시간,1899-2100,2017-07-04
580,묵동자이2단지 아파트,서울특별시 중랑구 묵동 170-1,201동 지상주차장 3층,37.61384587,127.0775526,24시간,1899-2100,2017-07-04
626,수목토 아파트,대전광역시 서구 도안동 1364,106동 지하 C32기둥,36.320062,127.346238,24시간,1899-2100,2017-07-04
524,송파파크데일1단지 아파트,서울특별시 송파구 마천동 성내천로37길 37,지하2층 111동 P60 기둥,37.49878666,127.1581012,24시간,1899-2100,2017-07-04
527,서초호반써밋아파트,서울특별시 서초구 우면동 753,지하1층 주차장 104동(C29),37.45611532,127.0137843,24시간,1899-2100,2017-07-04
606,신흥아이파크 아파트,인천광역시 중구 신흥동3가 7-235,109동 앞 제4주차장 지하1층 12-13구역,37.456036,126.633611,미개방,1899-2100,2017-07-04
614,은어송3단지,대전광역시 동구 가오동 496,308동 지하1층 주차장,36.31109243,127.460282,24시간,1899-2100,2017-07-04
616,대동다숲 아파트,충청남도 천안시 서북구 불당동 820,지하1층 주차장,36.80576302,127.1115305,24시간,1899-2100,2017-07-04
566,동문굿모닝힐아파트,경기도 화성시 안녕동 211,지하1층 주차장 104동 앞,37.204934,127.021267,24시간,1899-2100,2017-07-04
538,판교호반써밋플레이스,경기도 성남시 분당구 삼평동 740,입주민 지하주차장,37.39728393,127.1135332,24시간,1899-2100,2017-07-04
529,롯데 아파트,서울특별시 구로구 구로동 1263,지하1층 108동 N-1,37.50312676,126.8837673,24시간,1899-2100,2017-07-04
536,섬마을7단지,경기도 성남시 중원구 도촌동 706,지하2층 주차장,37.4133101,127.1604335,24시간,1899-2100,2017-07-04
560,아름수리아파트,경기도 이천시 마장면 양촌리 345,지하2층 주차장,37.25757873,127.3547526,24시간,1899-2100,2017-07-04
591,동아그린 아파트,서울특별시 용산구 이촌로 100-8,동아그린아파트 지하주차장 1층,37.523167,126.957891,24시간,1899-2100,2017-07-04
597,금호어울림 센터힐 아파트,서울특별시 성북구 돈암동 643,B3층 104동 3-4호 04번기둥,37.600602,127.022399,24시간,1899-2100,2017-07-04
558,삼라마이다스빌,경기도 용인시 처인구 남동 684,201동 앞 지상주차장,37.227928,127.209692,24시간  ※외부인 개방,1899-2100,2017-07-04
541,미사강변한신휴플러스,경기도 하남시 망월동 904,지하1층 주차장,37.57394171,127.1920228,24시간,1899-2100,2017-07-04
542,백조현대아파트,경기도 하남시 신장동 528,관리소 앞 지상주차장,37.53972109,127.21923,24시간,1899-2100,2017-07-04
544,하남신장현대홈타운,경기도 하남시 신장동 568,지하2층 주차장 101동 계단옆,37.53633784,127.2121738,24시간,1899-2100,2017-07-04
635,대불금호 아파트,전라남도 영암군 삼호읍 용앙리 1679-1,(실외캐노피기설) 대불금호아파트101,34.753013,126.458374,24시간,1899-2100,2017-07-04
546,하남제일풍경채2단지,경기도 하남시 덕풍동 759,지하주차장 201동 입구 앞,37.55426595,127.1976556,24시간,1899-2100,2017-07-04
605,관교쌍용 아파트,인천광역시 미추홀구 관교동 13-7,관교쌍용아파트 5동 뒷편,37.442579,126.696172,미개방,1899-2100,2017-07-04
623,반석마을2단지,대전광역시 유성구 지족동 978,207동 지하 D4기둥,36.387915,127.315533,24시간,1899-2100,2017-07-04
625,송림마을3단지,대전광역시 유성구 하기동 513,303동과 305동 사이 지상,36.390416,127.322305,24시간,1899-2100,2017-07-04
645,월드마크웨스트엔드 아파트,대구광역시 달서구 감삼동 와룡로 169,"지하2층주차장(101-102동 사이, C20번)",35.848517,128.536283,24시간,1899-2100,2017-07-04
624,반석마을3단지,대전광역시 유성구 지족동 992,310동 지하 P3A5기둥,36.386767,127.315613,24시간,1899-2100,2017-07-04
648,안동송현이안 아파트,경상북도 안동시 송현길 23,지하1층주차장(지상출입구 옆),36.575433,128.685496,24시간  ※외부인 개방,1899-2100,2017-07-04
662,월배역포스코더샵 아파트,대구광역시 달서구 진천동 월서로 51,지하주차장(101동 앞),35.818373,128.528983,24시간,1899-2100,2017-07-04
669,무열마을 아파트,대구광역시 수성구 무열로 56 (만촌동),102동 지하 1층 주차장,35.861702,128.651085,24시간,1899-2100,2017-07-04
592,리첸시아 아파트,서울특별시 용산구 백범로 341,리첸시아아파트 지하주차장 5층,37.538278,126.967441,24시간,1899-2100,2017-07-04
636,광양중마호반리젠시빌,전라남도 광양시 중동 1655,"(실내지하)101,3동사이 지하주차장",34.93688434,127.6934514,24시간,1899-2100,2017-07-04
619,펜타포트3블럭,충청남도 천안시 서북구 불당동 1289,아파트 지상4층 주차장,36.79828837,127.1013753,24시간,1899-2100,2017-07-04
601,송도풍림3단지아파트,인천광역시 연수구 송도동 3-13,지하주차장,37.391332,126.652464,24시간,1899-2100,2017-07-04
650,럭키장성 아파트,경상북도 포항시 북구 장성동 1354,"106동 지하 주차장, 201동 지하주차장",36.066232,129.379862,24시간  ※외부인 개방,1899-2100,2017-07-04
587,쌍문한양6차 아파트,서울특별시 도봉구 시루봉로 58,"지상 주차장(602동 1,2라인 앞)",37.656002,127.02944,24시간,1899-2100,2017-07-04
654,임은뉴타운코오롱하늘채 아파트,경상북도 구미시 임은동 818,1층주차장(건물밑 110동 옆),36.085517,128.367011,24시간  ※외부인 개방,1899-2100,2017-07-04
552,매탄그린빌4단지,경기도 수원시 영통구 매탄동 1280,제2주차장 404~405동 사이 B1F 20,37.25559486,127.0437339,24시간,1899-2100,2017-07-04
550,꽃뫼노을마을 한국아파트(화서역파크뷰),경기도 수원시 장안구 정자동 대평로51번길 56,205동 앞 B1F,37.292023,126.990162,24시간,1899-2100,2017-07-04
675,시지동화아이위시 아파트,"대구광역시 수성구 달구벌대로669길 20 (사월동, 시지동화 아이위시아파트)",102동 지하주차장,35.836158,128.722965,24시간,1899-2100,2017-07-04
657,상인대성스카이렉스 아파트,대구광역시 달서구 상인동 월배로 183,지하6층주차장(D44),35.818483,128.533294,24시간,1899-2100,2017-07-04
681,인창삼환.신일 아파트,경기도 구리시 인창동 667-1,B2 저수조 옆,37.60554678,127.1427125,24시간,1899-2100,2017-07-04
553,수원대월주공아파트,경기도 수원시 장안구 정자동 913,816동 앞 B1F,37.299754,126.985632,24시간,1899-2100,2017-07-04
655,푸르지오캐슬B단지 아파트,경상북도 구미시 송정동 산책길 7,지하2층주차장(205동 옆),36.12371,128.336529,24시간,1899-2100,2017-07-04
559,용인행정타운 두산위브2단지,경기도 용인시 처인구 삼가동 186-1,B2F B35,37.240151,127.167564,24시간,1899-2100,2017-07-04
643,두류보성맨션 아파트,대구광역시 달서구 두류동 두류6길 9,자하주차장(102동 앞),35.857735,128.566563,24시간,1899-2100,2017-07-04
573,서천마을1단지,경기도 용인시 기흥구 서천동 736,P1주차장 B1 055,37.23935552,127.0722389,24시간,1899-2100,2017-07-04
556,황골주공 1단지 아파트,경기도 수원시 영통구 영통로 498,급속01: 1주차장 B2F  급속02: 3주차장 B2F,37.264216,127.079968,24시간,1899-2100,2017-07-04
656,달성2차청아람 아파트,대구광역시 달성군 구지면 과학마을로2길 6,"지하2층주차장(212동 근처, 39번)",35.654728,128.415188,24시간,1899-2100,2017-07-04
528,월드메르디앙 아파트,서울특별시 서초구 서초동 1549-3,월드메르디앙 APT 지하주차장 2층,37.49019907,127.0104481,24시간,1899-2100,2017-07-04
535,백현마을7단지,경기도 성남시 분당구 백현동 556,지상1층 주차장 주민센터 앞,37.38859309,127.1105309,24시간,1899-2100,2017-07-04
572,버들치마을경남아너스빌1차,경기도 용인시 수지구 성복동 753,B1F 2,37.3144767,127.0623659,24시간  ※외부인 개방,1899-2100,2017-07-04
613,아침마을 아파트,대전광역시 동구 가양동 705,115동 ~116동 사이 지하1층 주차장,36.34075038,127.4397548,24시간,1899-2100,2017-07-04
682,진건금강아파트,경기도 남양주시 진건읍 용정리 774-24,103동 지하2층,37.65831031,127.1783109,24시간,1899-2100,2017-07-04
575,수원동마을 쌍용스윗닷홈 2단지,경기도 용인시 기흥구 상하동 652,B1F 09,37.2558523,127.1411333,24시간,1899-2100,2017-07-04
539,미사강변도시28단지,경기도 하남시 망월동 1162,정면 지하주차장 입구 옆,37.56012295,127.196262,24시간,1899-2100,2017-07-04
534,목련마을 한일아파트,경기도 성남시 분당구 야탑동 162,지하1층 주차장,37.40648167,127.1444779,24시간,1899-2100,2017-07-04
599,롯데캐슬 캠퍼스타운,인천광역시 연수구 송도동 149,지하1층 102동 121번기둥,37.387538,126.665313,24시간,1899-2100,2017-07-04
537,탑대우아파트,경기도 성남시 분당구 야탑동 535,지상1층 주차장 관리소 앞,37.40638839,127.1210672,24시간,1899-2100,2017-07-04
615,무지개 아파트(부여),충청남도 부여군 규암면 흥수로 771-5,101동 지상 주자장,36.273122,126.865941,24시간  ※외부인 개방,1899-2100,2017-07-04
634,빛가람 우미린 아파트,전라남도 나주시 빛가람동 135,지하(1층) 주차장(O52),35.026535,126.779746,24시간,1899-2100,2017-07-04
651,환호해맞이그린빌 아파트,경상북도 포항시 북구 환호동 409-1,104동 지하 1층 주차장,36.069253,129.392187,24시간  ※외부인 개방,1899-2100,2017-07-04
644,본리롯데캐슬 아파트,대구광역시 달서구 본리동 대명천로 101,"지하주차장(105-107동 사이, 68번)",35.838373,128.548301,24시간,1899-2100,2017-07-04
547,e편한세상광교,경기도 수원시 영통구 이의동 센트럴타운로 76,정문 좌측 지하주차장,37.29111596,127.0523913,24시간,1899-2100,2017-07-04
600,송도더샵그린워크3차17블럭,인천광역시 연수구 송도동 18-5,"지하주차장, B1H19",37.39942,126.640124,24시간,1899-2100,2017-07-04
593,청암자이 아파트,"서울특별시 용산구 삼개로 60 (청암동, 천년명가 청암자이)",청암자이 아파트 지하주차장 3층,37.534841,126.947209,24시간,1899-2100,2017-07-04
586,북한산코오롱하늘채 아파트,서울특별시 도봉구 우이천로 367,"지하2층 103,104 사이 31번",37.648403,127.02286,24시간,1899-2100,2017-07-04
641,대현e편한세상 아파트,대구광역시 북구 대현동 대현로10길 82,107동 지하1층 주차장,35.881693,128.603905,24시간  ※외부인 개방,1899-2100,2017-07-04
649,한양 아파트,경상북도 안동시 영가로 26,지상주차장(동측),36.56539,128.734164,24시간,1899-2100,2017-07-04
639,남산그린타운 아파트,대구광역시 중구 남산동 달구벌대로 1950,지하 2층 주차장,35.862285,128.577246,24시간  ※외부인 개방,1899-2100,2017-07-04
598,미래타운4단지,인천광역시 부평구 삼산동 389-8,미래타운4단지 관리사무소 옆,37.521183,126.744723,24시간,1899-2100,2017-07-04
663,월촌화성타운 아파트,대구광역시 달서구 상인동 송현로7길 41,지하주차장(전기실 앞),35.818759,128.547811,24시간  ※외부인 개방,1899-2100,2017-07-04
594,남산롯데캐슬아이리스 아파트,서울특별시 중구 소공로 35,지하주차장 5층,37.55822,126.982114,24시간,1899-2100,2017-07-04
631,선운이지더원3단지,광주광역시 광산구 선암동 549,(실내지하)지하주차장(Y38),35.15058216,126.7750896,24시간,1899-2100,2017-07-04
660,성서 한빛마을 아파트,대구광역시 달서구 이곡동 선원남로 99,"지하주차장(303동 앞, E7번)",35.857853,128.511895,24시간  ※외부인 개방,1899-2100,2017-07-04
653,옥계중흥S클래스 아파트,경상북도 구미시 옥계동 해마루공원로 80,지하2층주차장(110동 옆),36.139722,128.430505,24시간  ※외부인 개방,1899-2100,2017-07-04
628,수송아이파크 아파트,전북특별자치도 군산시 수송동 829-2,106동 앞 지상 주차장,35.968184,126.717385,24시간  ※외부인 개방,1899-2100,2017-07-04
661,성서 한샘타운 아파트,대구광역시 달서구 이곡동 선원남로 77,지하주차장(106동 옆),35.858587,128.508768,24시간,1899-2100,2017-07-04
632,신창동 호반6차아파트,광주광역시 광산구 신가동 1048,(실내지하)609동앞 지하주차장,35.18731526,126.8333293,24시간,1899-2100,2017-07-04
647,브라운스톤태화2단지 아파트,경상북도 안동시 말구리2길 55,지상주차장(201동 남측),36.566429,128.7046,24시간,1899-2100,2017-07-04
526,잠실롯데캐슬골드 아파트,서울특별시 송파구 신천동 올림픽로 269,잠실롯데캐슬골드 APT 지하 4층 N11 기둥,37.514288,127.101758,24시간,1899-2100,2017-07-04
664,평광행복타운 아파트,대구광역시 달성군 논공읍 논공중앙로22길 12,지하주차장(101동 앞),35.725803,128.447303,24시간  ※외부인 개방,1899-2100,2017-07-04
532,도성 아파트,서울특별시 강남구 삼성로67길 14,도성 APT 지하주차장,37.50113418,127.0583189,24시간,1899-2100,2017-07-04
596,쌍용남산플래티넘 아파트,서울특별시 중구 소공로 46,지하주차장 7층,37.55941334,126.9832223,24시간,1899-2100,2017-07-04
595,남산타운 아파트,"서울특별시 중구 다산로 32 1동,21동,31동",1동21동31동 지하3층주차장,37.546659,127.006507,24시간,1899-2100,2017-07-04
581,광장힐스테이트 아파트,서울특별시 광진구 광장동 아차산로 537-17,지하주차장 3층 A18 기둥 앞,37.543324,127.100043,24시간,1899-2100,2017-07-04
562,동탄2 반도유보라 아이비파크1차아파트,경기도 화성시 청계동 533,B1F B98,37.20223649,127.1119662,24시간,1899-2100,2017-07-04
545,하남제일풍경채1단지,경기도 하남시 덕풍동 759,지하주차장 109동 입구 앞,37.55426595,127.1976556,24시간,1899-2100,2017-07-04
609,중부발전사원 아파트,인천광역시 서구 가정동 525,중부발전사택 APT 지상주차장 F동 옆,37.514691,126.673401,24시간,1899-2100,2017-07-04
670,범어월드메르디앙웨스턴카운티 아파트,"대구광역시 수성구 범어천로 200 (범어동, 범어 월드메르디앙 웨스턴 카운티)",204동 지하1층,35.864891,128.621296,24시간,1899-2100,2017-07-04
569,수원센트럴타운2단지,경기도 수원시 권선구 세류동 334-85,B2F A41,37.262538,127.006438,24시간,1899-2100,2017-07-04
578,래미안엘파인 아파트,서울특별시 동대문구 답십리동 1000,지하2층 주차장 105동 앞,37.57588109,127.0653075,24시간,1899-2100,2017-07-04
540,미사강변도시베라체,경기도 하남시 선동 453,지하1층 주차장,37.57227936,127.1786666,24시간,1899-2100,2017-07-04
608,검단자이1단지 아파트,인천광역시 서구 왕길동 692-1,지하2층 P26,37.596663,126.638981,24시간,1899-2100,2017-07-04
607,용현엑슬루타워 아파트,인천광역시 미추홀구 용현동 659,지하3층 주차장 20-21구역,37.45731,126.638134,미개방,1899-2100,2017-07-04
637,성호2-1차 아파트,전라남도 광양시 중동 1665,(실내지하)202동 앞 지하1층 우측,34.93301797,127.6907989,24시간,1899-2100,2017-07-04
646,경주푸르지오 아파트,경상북도 경주시 동천동 989,104동 지하 1층,35.857428,129.220442,24시간,1899-2100,2017-07-04
551,래미안광교,경기도 수원시 영통구 이의동 센트럴파크로 60,지하2층 주차장,37.290613,127.060934,24시간,1899-2100,2017-07-04
570,시범한빛마을한화꿈에그린아파트,경기도 화성시 반송동 21,지하 주차장 전기실 입구 앞,37.207469,127.066472,24시간,1899-2100,2017-07-04
571,교동마을동양파라곤,경기도 용인시 기흥구 마북동 641,B2F B09,37.30229324,127.1236319,24시간,1899-2100,2017-07-04
870,운림라인2차 아파트,광주광역시 동구 운림동 654,(실외완전노출)아파트 후문,35.13311542,126.9434441,24시간,1899-2100,2017-07-04
731,당산대우 아파트,서울특별시 영등포구 당산동2가 16-1,지하3층 기둥번호 A3-09,37.52112883,126.8933321,24시간,1899-2100,2017-07-04
769,이안여주강변아파트,경기도 여주시 현암동 195,105동 지하1층 주차장,37.30621885,127.641242,24시간  ※외부인 개방,1899-2100,2017-07-04
759,LG신산본자이2차,경기도 군포시 당정동 973-1,E주차장 B2F 37 건너편,37.34484486,126.9557412,24시간  ※외부인 개방,1899-2100,2017-07-04
868,정읍 양우내안애 아파트,전북특별자치도 정읍시 시기동 1012,지하 주차장 105동(구역 C17),35.55398239,126.8666932,24시간,1899-2100,2017-07-04
787,브라운스톤휘경,서울특별시 동대문구 휘경동 368,지하주차장 1층 입구 왼쪽,37.59047391,127.0664923,24시간,1899-2100,2017-07-04
905,라비두스,경상남도 함양군 함양읍 교산리 155,건물뒤 지상주차장,35.52288592,127.7307142,24시간  ※외부인 개방,1899-2100,2017-07-04
753,매탄현대힐스테이트,경기도 수원시 영통구 매탄동 권광로 302,119동 앞 B1F,37.270262,127.037798,24시간,1899-2100,2017-07-04
772,서해그랑블아파트,경기도 화성시 반송동 140,지하주차장 B2 3~4번기둥 사이,37.198482,127.070125,24시간,1899-2100,2017-07-04
858,가재마을12단지,세종특별자치시 종촌동 652,지하주차장,36.50621,127.250687,24시간,1899-2100,2017-07-04
765,시범예미지아파트,경기도 화성시 청계동 532,1003동 B2F 1 D04,37.20238936,127.1080261,24시간,1899-2100,2017-07-04
803,서울가든 아파트,서울특별시 도봉구 도봉동 도봉산길 35,2동 뒤편 노인정 앞,37.686862,127.041,24시간,1899-2100,2017-07-04
826,경희궁의아침3단지 아파트,서울특별시 종로구 내수동 사직로8길 34,"지하3층 주차장 7,8번 기둥",37.573369,126.972271,24시간,1899-2100,2017-07-04
689,고덕아이파크,서울특별시 강동구 고덕동 동남로79길 26,지하2층 104동 녹색기둥 B52,37.559165,127.15474,24시간,1899-2100,2017-07-04
834,미아동부센트레빌,서울특별시 강북구 미아동 474,B2층 102동 4-6호 E01번기둥,37.613741,127.025894,24시간,1899-2100,2017-07-04
768,오산운암주공1단지 주공아파트,경기도 오산시 부산동 778-1,제8주차장 110동 앞 B1F,37.15754341,127.0806556,24시간,1899-2100,2017-07-04
710,관악벽산블루밍,서울특별시 관악구 봉천동 은천로 93,107동 지하1층(변전실에서 40m),37.490119,126.944492,24시간,1899-2100,2017-07-04
695,마곡수명산파크3단지,서울특별시 강서구 내발산동 751,지하1층  B13-14기둥,37.55185659,126.8247075,24시간,1899-2100,2017-07-04
902,휴먼빌2단지 아파트,경상남도 창원시 의창구 북면 무동리 122-1,지하1층 205동 20번기둥,35.32043012,128.5834528,24시간,1899-2100,2017-07-04
726,서초포레스타5단지,서울특별시 서초구 신원동 374,지하2층 직진 우측 B2-33,37.45114287,127.0576834,24시간,1899-2100,2017-07-04
750,e편한세상센트레빌 3단지,경기도 광명시 하안동 864,지하주차장,37.46745971,126.8661261,24시간,1899-2100,2017-07-04
889,우정혁신LH3단지,울산광역시 중구 태화동 207-2,302동/B1_5/4통로앞,35.55952964,129.298701,24시간,1899-2100,2017-07-04
815,래미안밤섬리베뉴1 아파트,서울특별시 마포구 상수동 독막로20나길 22,래미안밤섬리베뉴1아파트 지하주차장 1층,37.546107,126.924993,24시간,1899-2100,2017-07-04
735,오류푸르지오,서울특별시 구로구 오류동 346,지하1층 105동 주차번호 04,37.49168,126.8415847,24시간,1899-2100,2017-07-04
690,송파삼성래미안,서울특별시 송파구 송파동 오금로32길 14,지하2층 103동 3-4라인,37.504229,127.119152,24시간,1899-2100,2017-07-04
684,양주자이2단지 아파트,경기도 양주시 삼숭동 684-1,203동 P22주차장,37.79563398,127.1032651,24시간,1899-2100,2017-07-04
774,화성동탄상록예가,경기도 화성시 능동 1087,지하주차장 754동 맞은편 기계실옆,37.21613194,127.0583242,24시간,1899-2100,2017-07-04
903,진해녹산1차부영 아파트,경상남도 창원시 진해구 청안동 477,"106동,109동 사이",35.10214061,128.8044715,24시간  ※외부인 개방,1899-2100,2017-07-04
693,암사라인 아파트,서울특별시 강동구 암사동 고덕로 53,지하2층 6.7호 라인,37.555386,127.131476,24시간,1899-2100,2017-07-04
756,영통벽적골주공9단지,경기도 수원시 영통구 영통동 봉영로1517번길 27,905동앞 B1F H01,37.248006,127.065761,24시간,1899-2100,2017-07-04
778,동백하우스토리,경기도 용인시 기흥구 중동 869,B 42,37.27475027,127.1558101,24시간,1899-2100,2017-07-04
856,가락마을11단지,세종특별자치시 고운동 1409,지하주차장,36.51117,127.23001,24시간,1899-2100,2017-07-04
784,현대홈타운4차4단지,경기도 용인시 수지구 죽전동 1303,B1 Q19,37.32171807,127.1163662,24시간,1899-2100,2017-07-04
895,화정마을6단지부영 아파트,경상남도 김해시 삼계동 1435,지하주차장(606~607동사이),35.26180618,128.8636984,24시간  ※외부인 개방,1899-2100,2017-07-04
793,서울숲푸르지오 아파트,서울특별시 성동구 금호동4가 금호로 15,지하주차장,37.545144,127.022683,24시간,1899-2100,2017-07-04
688,가락우성2차 아파트,서울특별시 송파구 가락동 중대로12길 35,지하2층 주차장,37.49201421,127.1254709,24시간,1899-2100,2017-07-04
797,공릉동현대성우 아파트,서울특별시 노원구 공릉동 공릉로27길 110,지하2층 바로 앞,37.626604,127.077431,24시간,1899-2100,2017-07-04
805,중계주공4단지 아파트,서울특별시 노원구 중계동 덕릉로76길 29,지상 관리사무소 앞,37.656063,127.076178,24시간  ※외부인 개방,1899-2100,2017-07-04
783,써니밸리아파트,경기도 용인시 기흥구 지곡동 704,112동 앞 B2램프구간,37.25098224,127.1360862,24시간,1899-2100,2017-07-04
685,덕정중흥S-클래스 아파트,경기도 양주시 고암동 582,"정면 지하주차장 1층, 103동 2.1 부근",37.83383112,127.0756876,24시간,1899-2100,2017-07-04
873,하남2지구 중흥S-클래스,광주광역시 광산구 산정동 1060,(실내지하)주차장(Y38),35.17434349,126.8009065,24시간,1899-2100,2017-07-04
718,방배동부센트레빌 아파트,서울특별시 서초구 방배동 3275,지하주차장/B2-04,37.49734573,126.988117,24시간,1899-2100,2017-07-04
890,e편한세상남양산2차,경상남도 양산시 동면 석산리 1450-1,"지하주차장 211동 옆, 205동 앞",35.31936026,129.0227652,24시간,1899-2100,2017-07-04
725,서초롯데캐슬프레지던트,서울특별시 서초구 서초동 1681-8,지하2층 주차장/B2-17,37.49697351,127.019419,24시간,1899-2100,2017-07-04
869,수송2차오투그란데 아파트,전북특별자치도 군산시 수송동 829-1,지상 주차장 701동 702동 사이,35.96917283,126.7183216,24시간,1899-2100,2017-07-04
823,파크타워 아파트,서울특별시 용산구 용산동5가 서빙고로 67,파크타워아파트 지하,37.524518,126.970654,24시간,1899-2100,2017-07-04
708,한사랑2차삼성 아파트,서울특별시 강서구 공항대로59길 64,지하2층 주차장,37.554381,126.864052,24시간,1899-2100,2017-07-04
705,염창힐스테이트 아파트,서울특별시 강서구 염창동 306,지하1층주차장,37.55161604,126.8733338,24시간,1899-2100,2017-07-04
785,"면목두산4,5단지 아파트",서울특별시 중랑구 면목동 1522-1,지하주차장 1층 입구 오른쪽,37.57808448,127.0812571,24시간,1899-2100,2017-07-04
728,LH서초5단지,서울특별시 서초구 우면동 368-1,지하주차장/B1-25,37.45912995,127.0255398,24시간,1899-2100,2017-07-04
835,정릉2차 e편한세상 아파트,서울특별시 성북구 정릉동 1035,B2층 108동1-2호,37.600129,127.019378,24시간,1899-2100,2017-07-04
844,장기동 한강호반베르디움 아파트,경기도 김포시 장기동 1885-6,"지하2층 506동 1,2호라인 앞",37.645674,126.658941,24시간,1899-2100,2017-07-04
777,동백금호어울림타운하우스,경기도 용인시 기흥구 중동 865,B1F B05,37.27234172,127.1538585,24시간,1899-2100,2017-07-04
850,동현현대 아파트,충청북도 제천시 동현동 29-2,지하주차장,37.136678,128.218042,24시간  ※외부인 개방,1899-2100,2017-07-04
786,브라운스톤태릉 아파트,서울특별시 중랑구 묵동 387,"지하주차장 2층 102동 1,2라인",37.61874142,127.0824273,24시간,1899-2100,2017-07-04
789,중랑숲리가 아파트,서울특별시 중랑구 망우동 583,"지하주차장 1층 110동 1,2라인",37.60235969,127.1049549,24시간,1899-2100,2017-07-04
832,돈암일신건영휴먼빌 아파트,서울특별시 성북구 돈암동 524,B1층 109동 A1번기둥,37.600504,127.011848,24시간,1899-2100,2017-07-04
737,강남한신휴 플러스8단지,서울특별시 강남구 율현동 밤고개로27길 20,지하1층 807동 001기둥,37.469852,127.110746,24시간,1899-2100,2017-07-04
841,운양동 롯데캐슬,경기도 김포시 운양동 1301-1,지하3층 블럭번호 17(307동 옆),37.656448,126.67964,24시간,1899-2100,2017-07-04
883,금류강남타운1차,경상북도 고령군 다산면 상곡리 358,지상주차장(101동 서측),35.82284896,128.4474687,24시간,1899-2100,2017-07-04
720,서초경남아너스빌201동,서울특별시 서초구 서초동 1456-2,지하주차장/B1-A22,37.48381955,127.0141784,24시간,1899-2100,2017-07-04
876,광주전남혁신1단지부영 아파트,전라남도 나주시 빛가람동 325,주차장(27),35.01619495,126.7965991,24시간,1899-2100,2017-07-04
819,용산더프라임,서울특별시 용산구 원효로1가 원효로90길 11,용산더프라임아파트 지하,37.539693,126.969936,24시간,1899-2100,2017-07-04
771,봉담동일하이빌아파트,경기도 화성시 봉담읍 동화리 575,P1주차장 1F 36,37.21633814,126.9564473,24시간  ※외부인 개방,1899-2100,2017-07-04
855,가락마을10단지,세종특별자치시 고운동 1400,지하주차장,36.513885,127.229269,24시간,1899-2100,2017-07-04
866,도안18단지 린풀하우스 아파트,대전광역시 서구 가수원동 도안동로 77,지하주차장,36.309047,127.348232,24시간  ※외부인 개방,1899-2100,2017-07-04
824,프라임팰리스,서울특별시 용산구 문배동 백범로90길 38,프라임팰리스아파트 지하,37.536688,126.969599,24시간,1899-2100,2017-07-04
849,진천광혜원코아루 아파트,충청북도 진천군 광혜원면 광혜원리 1085,104동 지상주차장,36.99026131,127.4361284,24시간  ※외부인 개방,1899-2100,2017-07-04
755,엘지동수원자이아파트,경기도 수원시 영통구 망포동 영통로 111,제2주차장 306동앞 B1F D2,37.236485,127.057109,24시간,1899-2100,2017-07-04
775,대주피오레1단지,경기도 용인시 기흥구 공세동 694,B1 A40,37.24018086,127.1087087,24시간,1899-2100,2017-07-04
872,수완모아엘가 아파트,광주광역시 광산구 수완동 1486,(실내지하) 주차장(C01),35.18850321,126.8248096,24시간,1899-2100,2017-07-04
796,공릉2단지라이프 아파트,서울특별시 노원구 공릉동 708,201동 관리실 사이 지상주차장,37.630351,127.066663,24시간,1899-2100,2017-07-04
874,옥암한국아델리움,전라남도 목포시 옥암동 1178,(실내지하)지 2층 주차장(CP50),34.8065177,126.4458839,24시간,1899-2100,2017-07-04
716,래미안서초스위트 아파트,서울특별시 서초구 서초동 1301-6,지하주차장/B1-02A,37.50209836,127.0198681,24시간,1899-2100,2017-07-04
764,동부아파트,경기도 오산시 갈곶동 220,102동 앞 지상주차장,37.12945295,127.0697025,24시간,1899-2100,2017-07-04
736,가람아파트,서울특별시 강남구 일원동 일원로 127,113동 뒷편 4지하주차장,37.481773,127.085611,24시간,1899-2100,2017-07-04
696,마곡수명산파크5단지,서울특별시 강서구 내발산동 749,지하1층 509동 E08 기둥,37.55158692,126.8275826,24시간,1899-2100,2017-07-04
829,명륜아남1차 아파트,서울특별시 종로구 명륜2가 창경궁로 265,"지하1층주차장(102동,103동사이)",37.585634,126.999562,24시간,1899-2100,2017-07-04
863,첫마을3단지,세종특별자치시 한솔동 950,지하주차장,36.479601,127.260716,24시간,1899-2100,2017-07-04
700,목동트윈빌,서울특별시 양천구 목동 905-22,지하3층 바로 좌측 A02 기둥,37.53217608,126.8767428,24시간,1899-2100,2017-07-04
707,푸른마을2단지,서울특별시 양천구 신정동 1281,지하주차장 3층/ a02기둥,37.513507,126.834917,24시간,1899-2100,2017-07-04
709,화곡초록 아파트,서울특별시 강서구 화곡동 1139,103동 입구 주차장 지하1층,37.54528048,126.8329698,24시간,1899-2100,2017-07-04
711,보라매삼성 아파트,서울특별시 관악구 봉천동 보라매로 62,지하3층(변전실에서40m),37.49339228,126.927819,24시간,1899-2100,2017-07-04
712,사당롯데캐슬샤인,서울특별시 동작구 사당동 사당로27길 190,지하2층 변전실B1에서 100m 213 기둥,37.49096018,126.9715998,24시간,1899-2100,2017-07-04
717,방배3차e편한세상,서울특별시 서초구 방배동 797-30,지하주차장/B1-502,37.49438715,126.9919893,24시간,1899-2100,2017-07-04
871,EG스위트밸리3차 아파트,광주광역시 광산구 소촌동 232-6,(실내지하)주차장 입구 좌측,35.15879028,126.7938309,24시간,1899-2100,2017-07-04
897,양덕우성아파트,경상남도 창원시 마산회원구 양덕동 888-1,103동앞 지하주차장,35.228797,128.577717,24시간,1899-2100,2017-07-04
898,진동한일유앤아이프라임아파트,경상남도 창원시 마산합포구 진동면 진동리 592,지하2층주차장 K26기둥,35.12122,128.488638,24시간,1899-2100,2017-07-04
899,개나리1차,경상남도 창원시 성산구 대방동 357,103동 뒤 주차장,35.21316974,128.7084738,24시간,1899-2100,2017-07-04
904,거제엘크루랜드마크,경상남도 거제시 옥포동 308,101동 지상주차장 C04기둥,34.88840822,128.6909392,24시간  ※외부인 개방,1899-2100,2017-07-04
821,용산아크로타워,서울특별시 용산구 문배동 백범로90길 26,용산아크로타워아파트 지하,37.536829,126.968616,24시간,1899-2100,2017-07-04
860,도램마을9단지,세종특별자치시 도담동 855,지하주차장,36.50984,127.263807,24시간,1899-2100,2017-07-04
752,망포한양수자인,경기도 수원시 영통구 망포동 723,B1F V64,37.24053251,127.057336,24시간,1899-2100,2017-07-04
806,창동한신 아파트,서울특별시 도봉구 창동 덕릉로60바길 21,구내주차장,37.638969,127.041149,24시간,1899-2100,2017-07-04
791,금호자이1차,서울특별시 성동구 금호동2가 금호로 117,지하주차장,37.55235,127.023167,24시간,1899-2100,2017-07-04
703,부영그린타운2차,서울특별시 양천구 목동 908-28,지하6층,37.53637563,126.8811259,24시간,1899-2100,2017-07-04
886,금정산쌍용예가1차 아파트,부산광역시 금정구 장전동 732,지하,35.24242403,129.0843642,24시간,1899-2100,2017-07-04
807,화랑타운,서울특별시 노원구 공릉동 화랑로51길 17,"지하1층 주차장 입구,105동 앞",37.623527,127.088218,24시간,1899-2100,2017-07-04
896,구평한신휴플러스,부산광역시 사하구 구평동 497,"104동 지하1,2 02번 주차장",35.08636471,128.9849736,24시간  ※외부인 개방,1899-2100,2017-07-04
686,동두천부영6단지 아파트,경기도 동두천시 생연동 715-7,605동 지하주차장,37.89671097,127.0548368,24시간,1899-2100,2017-07-04
851,영동설계주공 아파트,충청북도 영동군 영동읍 설계리 886,102동 옆 주차장,36.188582,127.780958,24시간,1899-2100,2017-07-04
792,리버그린동아 아파트,서울특별시 성동구 응봉동 고산자로4길 34,지하주차장,37.55332,127.037354,24시간,1899-2100,2017-07-04
702,방화5단지 아파트,서울특별시 강서구 방화동 금낭화로 287-19,505동506동 사이 지상주차장,37.57680268,126.8102855,24시간,1899-2100,2017-07-04
880,우미이노스빌,전라남도 여수시 선원동 1341,(실외완전노출) 관리사무소 앞,34.76246781,127.6513163,24시간,1899-2100,2017-07-04
840,마산동 김포한강상록데시앙 아파트,경기도 김포시 마산동 672-6,"지하2층 블럭번호 B17, D17",37.636992,126.641893,24시간,1899-2100,2017-07-04
814,LG한강자이 아파트,서울특별시 용산구 이촌동 이촌로64길 15,지하주차장2층A11기둥,37.519278,126.970777,24시간,1899-2100,2017-07-04
852,센트럴자이1단지 아파트,대전광역시 중구 대흥동 912,103동 지하1층 주차장,36.32223475,127.4277299,24시간,1899-2100,2017-07-04
754,비단마을베스트타운,경기도 수원시 장안구 천천동 정자로42번길 52,P3주차장 B1F,37.297605,126.980977,24시간,1899-2100,2017-07-04
683,진접센트레빌1단지,경기도 남양주시 진접읍 부평리 764,B2 108동,37.73919617,127.198891,24시간,1899-2100,2017-07-04
761,세양청마루아파트,경기도 의왕시 내손동 401-1,B2F,37.38884389,126.9748361,24시간,1899-2100,2017-07-04
828,롯데캐슬베네치아,서울특별시 중구 황학동 청계천로 400,지상3층주차장 마3 기둥,37.571042,127.020992,24시간,1899-2100,2017-07-04
740,래미안대치하이스턴 아파트,서울특별시 강남구 대치동 도곡로93길 12,지하주차장 들어가서 바로 우측,37.50151245,127.0654757,24시간,1899-2100,2017-07-04
744,판교 알파리움2단지,경기도 성남시 분당구 백현동 530,지하 2층 주차장,37.39358975,127.1084372,24시간,1899-2100,2017-07-04
699,마곡힐스테이트,서울특별시 강서구 마곡동 725-1,지하1층 좌측 C07 기둥,37.564093,126.818064,24시간,1899-2100,2017-07-04
861,범지기마을12단지,세종특별자치시 아름동 1276,지하주차장,36.511953,127.251742,24시간,1899-2100,2017-07-04
831,꿈의숲대명루첸 아파트,서울특별시 성북구 장위동 317,B1층 103동 3-5호 B-31기둥,37.620405,127.047524,24시간,1899-2100,2017-07-04
722,서초네이처힐6단지,서울특별시 서초구 우면동 737,지하주차장/B1-19,37.46184725,127.0262574,24시간,1899-2100,2017-07-04
742,샘터마을 아파트,서울특별시 강남구 일원동 일원로 120,105동 108동 사이 지하주차장,37.48520065,127.0826748,24시간,1899-2100,2017-07-04
776,동백금호어울림타운하우스 2단지,경기도 용인시 기흥구 중동 863,B1F C07,37.27258698,127.156683,24시간,1899-2100,2017-07-04
779,동아솔레시티아파트,경기도 용인시 기흥구 보정동 1162,"B1 107동 3,4호쪽",37.31153397,127.1126299,24시간,1899-2100,2017-07-04
801,방학우성1차 아파트,서울특별시 도봉구 방학동 해등로 286-5,지하1층 전기실앞(i-1-B9),37.657365,127.024179,24시간,1899-2100,2017-07-04
818,성지(주상복합) 아파트,서울특별시 마포구 도화동 큰우물로 75,성지아파트 지상주차장,37.541242,126.94639,24시간,1899-2100,2017-07-04
820,용산시티파크1단지,서울특별시 용산구 한강로3가 서빙고로 35,용산시티파크1단지아파트 지하,37.52434,126.970394,24시간,1899-2100,2017-07-04
830,종로센트레빌,서울특별시 종로구 숭인동 동망산길 47,102동 지하4층주차장 E17기둥,37.580628,127.016222,24시간,1899-2100,2017-07-04
839,장기동 KCC 스위첸 아파트,경기도 김포시 장기동 1886-2,지하1층 블럭번호 D66,37.645397,126.663083,24시간,1899-2100,2017-07-04
892,뜨란채 아파트,경상남도 김해시 외동 1250-1,지상주차장(319동앞),35.23286153,128.862434,24시간  ※외부인 개방,1899-2100,2017-07-04
825,한강삼성 아파트,서울특별시 마포구 토정동 토정로32길 11,한강삼성아파트 지하,37.539554,126.941169,24시간,1899-2100,2017-07-04
842,운양동 풍경마을 래미안 한강2차,경기도 김포시 운양동 1304-5,지하2층 블럭번호 187(513동 앞,37.652549,126.674391,24시간,1899-2100,2017-07-04
846,대동황토방 아파트,강원특별자치도 횡성군 횡성읍 읍하리 518,지하주차장 입구 옆 지상주차장,37.49389113,127.9870377,24시간,1899-2100,2017-07-04
800,롯데우성 아파트,서울특별시 노원구 중계동 361-1,103동 앞 지하주차장 2층,37.646994,127.073504,24시간,1899-2100,2017-07-04
706,우당 아파트,서울특별시 양천구 신월동 506-1,지하4층,37.5230639,126.8478477,24시간,1899-2100,2017-07-04
833,동일하이빌뉴시티 아파트,서울특별시 성북구 하월곡동 88-387,B3층 104동,37.604609,127.031071,24시간,1899-2100,2017-07-04
760,동편마을3단지아파트,경기도 안양시 동안구 관양동 1651,B1F 좌측,37.41308285,126.9703714,24시간,1899-2100,2017-07-04
773,신동탄SK뷰파크,경기도 화성시 반월동 944,지하주차장 입구 우측 방면,37.222437,127.057367,24시간,1899-2100,2017-07-04
816,래미안첼리투스,서울특별시 용산구 이촌동 이촌로 300,지하주차장 3층,37.516747,126.97943,24시간,1899-2100,2017-07-04
808,DMC래미안e편한세상,서울특별시 서대문구 북가좌동 481,주차장,37.57264899,126.9105508,24시간(입주민전용),1899-2100,2017-07-04
809,DMC아이파크 아파트,서울특별시 서대문구 북가좌동 458,지하2주차장,37.57639439,126.9145268,24시간(입주민전용),1899-2100,2017-07-04
770,금강에스쁘아아파트,경기도 화성시 남양읍 남양리 2005,103동 앞 지상주차장,37.2109268,126.8015007,24시간  ※외부인 개방,1899-2100,2017-07-04
781,래미안이스트팰리스3단지아파트,경기도 용인시 수지구 동천동 932,F1 008,37.33404626,127.0887145,24시간,1899-2100,2017-07-04
782,신동아파밀리에,경기도 용인시 기흥구 영덕동 1069,B2 A25,37.27156991,127.0840863,24시간,1899-2100,2017-07-04
788,장안힐스테이트 아파트,서울특별시 동대문구 장안동 329-2,1010동 지하주차장 2층,37.57596458,127.0753501,24시간,1899-2100,2017-07-04
795,행당한진타운,서울특별시 성동구 행당동 행당로 82,지하주차장,37.555215,127.028245,24시간,1899-2100,2017-07-04
780,래미안 수지 이스트파크,경기도 용인시 수지구 풍덕천동 1198,P2 47,37.32916198,127.0999713,24시간,1899-2100,2017-07-04
798,동신 아파트,서울특별시 노원구 공릉동 공릉로 213,지하2층(2-차),37.628447,127.076946,24시간,1899-2100,2017-07-04
745,판교원마을12단지,경기도 성남시 분당구 판교동 494,지하 2층 주차장,37.39990966,127.0928109,24시간,1899-2100,2017-07-04
741,삼성동 에스케이뷰 아파트,서울특별시 강남구 삼성동 봉은사로109길 14-8,지하2층 출구 앞,37.5163181,127.0648642,24시간,1899-2100,2017-07-04
848,이노밸리 아파트,충청북도 음성군 맹동면 학예로 55,"505동 1,2라인 지하1층주차장 B30",36.914035,127.542557,24시간  ※외부인 개방,1899-2100,2017-07-04
877,송월주공 아파트,전라남도 나주시 송월동 660,주차장,35.02721143,126.7139975,24시간,1899-2100,2017-07-04
810,무악청구2차 아파트,서울특별시 서대문구 홍제동 453-1,지하주차장,37.58125966,126.9515063,24시간(입주민전용),1899-2100,2017-07-04
827,동성빌라,서울특별시 종로구 구기동 비봉2길 32,지상주차장 2동,37.611634,126.958662,24시간,1899-2100,2017-07-04
836,한신휴아파트,서울특별시 성북구 동소문동7가 23,B3층 118동 1-2호 10번기둥,37.595328,127.014314,24시간,1899-2100,2017-07-04
900,대동중앙 아파트,경상남도 창원시 의창구 팔용동 124-2,옥외주차장,35.25491178,128.6164226,24시간(아파트 입주자만 이용가능),1899-2100,2017-07-04
721,서초네이처힐1단지,서울특별시 서초구 우면동 707,지하주차장/B1-102동08,37.46362788,127.0205328,24시간,1899-2100,2017-07-04
723,서초네이처힐7단지,서울특별시 서초구 우면동 735,지하주차장/B2-05,37.46205505,127.0235786,24시간,1899-2100,2017-07-04
724,서초롯데캐슬84,서울특별시 서초구 서초동 1642-14,지하2층 주차장/H-9,37.49260559,127.0184137,24시간,1899-2100,2017-07-04
743,타워팰리스1차,서울특별시 강남구 도곡동 언주로30길 56,지하5층 96기둥,37.48806826,127.0534829,24시간,1899-2100,2017-07-04
763,태산아파트,경기도 안성시 공도읍 용두리 683,101동 옆 지상주차장,37.00067111,127.1538551,24시간,1899-2100,2017-07-04
854,연무기산 아파트,충청남도 논산시 연무읍 동산리 903-17,단지외곽 지상주차장,36.13385893,127.1014779,24시간,1899-2100,2017-07-04
857,가락마을22,세종특별자치시 고운동 1387,지하주차장,36.519406,127.239776,24시간,1899-2100,2017-07-04
859,도램마을20단지,세종특별자치시 도담동 633,지하주차장,36.517034,127.263254,24시간,1899-2100,2017-07-04
864,첫마을6단지,세종특별자치시 한솔동 974,지상주차장(입구 관리소 옆),36.475599,127.253035,24시간,1899-2100,2017-07-04
865,진흥w-parkd 아파트,충청남도 태안군 태안읍 남문리 90-10,지하주차장,36.745969,126.297007,24시간,1899-2100,2017-07-04
875,화순광신프로그레스 아파트,전라남도 화순군 화순읍 대리 935,(실내지하) 지하1층 104동 주차장,35.0587416,126.9771426,24시간,1899-2100,2017-07-04
882,화성리버빌2차 아파트,경상북도 영주시 대학로142번길 39,지상주차장(관리사무소 옆),36.811342,128.609983,24시간  ※외부인 개방,1899-2100,2017-07-04
888,사직 삼환나우빌,부산광역시 동래구 사직동 1019,지하,35.20021921,129.0556164,24시간,1899-2100,2017-07-04
758,호수공원아파트,경기도 안산시 단원구 고잔동 720,B1F 다5 123,37.30679071,126.823958,24시간,1899-2100,2017-07-04
714,이수힐스테이트,서울특별시 동작구 동작동 동작대로39길 22,지하2층(106동 18번 기둥),37.49463472,126.9819658,24시간,1899-2100,2017-07-04
762,산수화아파트,경기도 안성시 원곡면 반제리 743,101동 뒤 지상주차장,37.00412197,127.1519747,24시간,1899-2100,2017-07-04
738,도곡대림아크로빌,서울특별시 강남구 도곡동 언주로30길 13,지하5층 10번 기둥,37.48814158,127.0506742,24시간,1899-2100,2017-07-04
746,판교푸르지오월드마크,경기도 성남시 분당구 삼평동 741,지하 4층 주차장,37.39552304,127.1136491,24시간,1899-2100,2017-07-04
747,힐스테이트위례,경기도 성남시 수정구 창곡동 572,지하4층 주차장,37.46541106,127.1445245,24시간,1899-2100,2017-07-04
749,e편한세상센트레빌 1단지,경기도 광명시 하안동 864,B2F B21,37.46833325,126.8677354,24시간,1899-2100,2017-07-04
748,동원로얄듀크아파트,경기도 하남시 풍산동 477,2207동 지하1층 주차장,37.55449869,127.1827717,24시간,1899-2100,2017-07-04
893,월산마을6단지,경상남도 김해시 부곡동 802-7,지하주차장(602동앞A9기둥),35.20626603,128.8016732,24시간  ※외부인 개방,1899-2100,2017-07-04
843,한강신도시 푸르지오 아파트,경기도 김포시 운양동 1407-5,지하2층 블럭번호 B2 04(502동,37.648697,126.677469,24시간,1899-2100,2017-07-04
733,신구로자이 아파트,서울특별시 구로구 구로동 501,지상8층 주차장,37.49992886,126.8844508,24시간,1899-2100,2017-07-04
878,럭키광무 아파트,전라남도 여수시 광무동 928-14,(실외캐노피기설) 6동 뒷편 주차장,34.75478009,127.723165,24시간,1899-2100,2017-07-04
885,거제동월드메르디앙 아파트,부산광역시 연제구 거제동 1468-1,지하,35.19355936,129.082522,24시간,1899-2100,2017-07-04
891,반도유보라3차,경상남도 양산시 물금읍 범어리 2785-4,펌프실 앞 지하2층,35.31512319,129.0082735,24시간,1899-2100,2017-07-04
692,송파현대힐스테이트,서울특별시 송파구 풍납동 풍성로26길 31,지하1층 (좌) B8 기둥,37.531242,127.118256,24시간,1899-2100,2017-07-04
894,장유쌍용예가1차 아파트,경상남도 김해시 신문동 530-2,지상주차장(107동 108동 사이),35.19431537,128.8154749,24시간  ※외부인 개방,1899-2100,2017-07-04
901,성원2차,경상남도 창원시 성산구 남양동 22,"207동,209동 사이 주차장",35.21225779,128.7034363,24시간  ※외부인 개방,1899-2100,2017-07-04
732,대림동현대3차 아파트,서울특별시 영등포구 대림동 608-1,지하1층 307동 기둥번호 1-30,37.50552561,126.895752,24시간,1899-2100,2017-07-04
751,e편한세상센트레빌2단지,경기도 광명시 하안동 864,지하주차장,37.4665271,126.868072,24시간,1899-2100,2017-07-04
757,조원주공뉴타운2단지,경기도 수원시 장안구 조원동 금당로39번길 34,제4주차장 208동앞 1F,37.302389,127.01959,24시간,1899-2100,2017-07-04
691,송파성원상떼빌,서울특별시 송파구 가락동 송파대로28길 27,지하4층 직진 출구앞 (B01) 기둥,37.494885,127.120093,24시간,1899-2100,2017-07-04
739,래미안그레이튼,서울특별시 강남구 역삼동 도곡로43길 20,206동 지하2층 주차장,37.496565,127.04824,24시간,1899-2100,2017-07-04
715,래미안서초7차 아파트,서울특별시 서초구 서초동 1642-34,"지하주차장/B1-101동 1,2호라인",37.49238408,127.0175554,24시간,1899-2100,2017-07-04
713,상도래미안1차 아파트,서울특별시 동작구 상도동 등용로 37,102동 지하2층 우측 (변전실에서 30m),37.506025,126.935483,24시간,1899-2100,2017-07-04
687,가락쌍용1차 아파트,서울특별시 송파구 가락동 동남로 193,(쌍용어린이집 뒷편) 202동 제3주차장 지하1층,37.49469877,127.1292251,24시간,1899-2100,2017-07-04
698,마곡엠밸리3단지,서울특별시 강서구 마곡동 736,지하2층 A233 기둥,37.56853192,126.8197196,24시간,1899-2100,2017-07-04
704,신월해주 아파트,서울특별시 양천구 신월동 217-8,"지하주차장 2층 (좌회전2번,우측벽)",37.52705741,126.8346395,24시간,1899-2100,2017-07-04
727,서초힐스 아파트,서울특별시 서초구 우면동 773,지하주차장/B1-C49,37.45760689,127.0175687,24시간,1899-2100,2017-07-04
729,고척LIG리가 아파트,서울특별시 구로구 고척동 340,지하2층 주차번호 B03(전기실앞),37.50569765,126.8615056,24시간,1899-2100,2017-07-04
734,신길삼성래미안,서울특별시 영등포구 신길동 가마산로79길 7,지하주차장 1층 101동,37.50513979,126.9145979,24시간,1899-2100,2017-07-04
1008,남산센트럴자이,서울특별시 중구 충무로4가 퇴계로 235,지하7층 주차장,37.56247,126.997827,24시간,1899-2100,2017-07-09
965,보훈복지타운아파트,경기도 수원시 장안구 조원동 476-1,107동 앞 B1F,37.29927817,127.0225651,24시간  ※외부인 개방,1899-2100,2017-07-09
968,금광베네스타,경기도 용인시 처인구 이동읍 천리 1134,제2지하주차장 104동 앞 B1F 11,37.200218,127.208058,24시간  ※외부인 개방,1899-2100,2017-07-09
969,에이스카운티,경기도 용인시 처인구 이동읍 천리 1142,103동 B1F 02,37.201664,127.20861,24시간  ※외부인 개방,1899-2100,2017-07-09
974,권선신일유토빌,경기도 수원시 권선구 곡반정동 548,B1F 주차구역 O16,37.240258,127.030144,24시간,1899-2100,2017-07-09
977,광교마을 45단지 아파트,경기도 용인시 수지구 상현동 1113,P2 B18,37.297756,127.0645588,24시간,1899-2100,2017-07-09
979,면목두원 아파트,서울특별시 중랑구 면목동 1521,지하주차장 2층,37.57342346,127.0797942,24시간,1899-2100,2017-07-09
983,광진하우스토리한강,서울특별시 광진구 자양동 구의강변로1길 44,후문주차장,37.530042,127.09034,24시간,1899-2100,2017-07-09
1178,연동2차미화주택,제주특별자치도 제주시 연동 326-2,주차장,33.48376055,126.5006237,24시간,1899-2100,2017-07-09
1201,제주한림LH 아파트,제주특별자치도 제주시 한림읍 대림리 1885,주차장,33.4194319,126.266168,24시간,1899-2100,2017-07-09
914,숲속마을6단지 두산위브,경기도 고양시 일산동구 풍동 1268,"609동 지하주차장 1층, 우측 끝",37.66876271,126.7958715,24시간,1899-2100,2017-07-09
916,일산파밀리에3단지,경기도 고양시 일산서구 덕이동 1534,지하주차장 3층 C56,37.7005083,126.755669,24시간,1899-2100,2017-07-09
921,삼익파크힐스,"경기도 남양주시 화도읍 비룡로116번길 40 (묵현리, 삼익파크힐스아파트)","언덕 위 지하주차장 1층, 뒷부분 안쪽 (B3 초록기둥 07)",37.665755,127.306373,24시간  ※외부인 개방,1899-2100,2017-07-09
922,평내마을 주공 아파트,"경기도 남양주시 평내로 46 (평내동, 평내마을주공아파트)","정문출입 후, 언덕직진하면 나오는 지하주차장 1층 좌측",37.64013103,127.2340358,24시간  ※외부인 개방,1899-2100,2017-07-09
925,강일리버파크 6단지,서울특별시 강동구 강일동 아리수로94길 19,602동 앞 지하1층 우회전 150미터 B25 기둥,37.564461,127.175877,24시간,1899-2100,2017-07-09
930,양천벽산블루밍 아파트,서울특별시 양천구 신월동 1026,2단지 지하1층 21기둥,37.525121,126.838868,24시간,1899-2100,2017-07-09
931,보라매아카데미타워 아파트,서울특별시 동작구 신대방동 보라매로5가길 16,지하7층,37.49127438,126.924094,24시간,1899-2100,2017-07-09
936,은천2단지 아파트,서울특별시 관악구 봉천동 인헌12길 46-1,지하2층 주차장,37.47066395,126.9645625,24시간,1899-2100,2017-07-09
937,롯데캐슬헤론,서울특별시 서초구 방배동 754-1,주차장/B2-38,37.49699575,126.9847245,24시간,1899-2100,2017-07-09
945,개포7차 우성 아파트,서울특별시 강남구 일원동 개포로110길 15,107동 1-2호 입구 앞 지하주차장,37.49324368,127.0791149,24시간,1899-2100,2017-07-09
1093,코아루천년가 아파트,전라남도 목포시 옥암동 1312,(실내지하) 106동 3-4라인 c7,34.80873596,126.4528802,24시간,1899-2100,2017-07-09
1098,완도진아리채 아파트,"전라남도 완도군 완도읍 청해진동로 5 (군내리, 진아리채아파트)",(실외완전노출) 103동 차량진입로,34.313834,126.740379,24시간,1899-2100,2017-07-09
1101,대구효성해링턴플레이스,대구광역시 중구 남산동 3006,106동 지하주차장,35.861471,128.594499,24시간  ※외부인 개방,1899-2100,2017-07-09
1114,율하우방아이유쉘,"대구광역시 동구 금호강변로3길 22 (율하동, 우방아이유쉘아파트)",지하 1층 B1 42구역,35.868946,128.687756,24시간,1899-2100,2017-07-09
1116,무거위브자이 아파트,울산광역시 남구 무거동 1594,107동 뒷 지하B2/11,35.55346169,129.2654489,24시간,1899-2100,2017-07-09
1123,양산신도시쌍용 아파트,경상남도 양산시 남부동 601-1,지하주차장 C구역,35.33376291,129.0302039,24시간,1899-2100,2017-07-09
1126,김해구산주공5단지,경상남도 김해시 구산동 410,지하주차장(504동앞),35.25184603,128.8742148,24시간  ※외부인 개방,1899-2100,2017-07-09
1129,월산11주공,경상남도 김해시 부곡동 805-1,지상주차장(관리동옆),35.2040868,128.8030129,24시간  ※외부인 개방,1899-2100,2017-07-09
1131,진영자이 아파트,경상남도 김해시 진영읍 진영리 1610,지하주차장(311동앞),35.30906198,128.7284518,24시간  ※외부인 개방,1899-2100,2017-07-09
1134,사천대경파미르 아파트,경상남도 사천시 사천읍 사천향교로 13,단지바깥 105동옆 지하주차장,35.085649,128.099764,24시간  ※외부인 개방,1899-2100,2017-07-09
1137,가호에일린의뜰,경상남도 진주시 가좌동 강변길 31,102동 34라인앞 지하2층주차장 2-02기둥,35.165494,128.108752,24시간,1899-2100,2017-07-09
1141,평거휴먼시아3단지,경상남도 진주시 평거동 새평거로 111,키즈어린이집 왼쪽 지하1층주차장 들어가 바로오른쪽,35.169873,128.058793,24시간  ※외부인 개방,1899-2100,2017-07-09
1182,오하임타운하우스,제주특별자치도 제주시 오라이동 3140,주차장,33.4843657,126.5021492,24시간,1899-2100,2017-07-09
1185,제일빌리지,제주특별자치도 제주시 애월읍 광령리 43,주차장,33.46238102,126.4450498,24시간,1899-2100,2017-07-09
1186,제일일출연립주택,제주특별자치도 제주시 해안동 2344,주차장,33.46428674,126.4506412,24시간,1899-2100,2017-07-09
1189,제주도련LH 아파트,제주특별자치도 제주시 도련일동 1618,주차장,33.50786832,126.5889944,24시간,1899-2100,2017-07-09
1193,제주아라LH 아파트,제주특별자치도 제주시 아라일동 6136,주차장,33.47303664,126.5469025,24시간,1899-2100,2017-07-09
1194,제주아라스위첸 아파트,제주특별자치도 제주시 아라일동 6088,주차장,33.4735475,126.5428799,24시간,1899-2100,2017-07-09
1202,제주화북3LH 아파트,제주특별자치도 제주시 화북일동 9-1,주차장,33.51983166,126.5775273,24시간,1899-2100,2017-07-09
1204,해오름 아파트,제주특별자치도 제주시 노형동 732-1,주차장,33.48021359,126.4865891,24시간,1899-2100,2017-07-09
1206,현대3차 아파트,제주특별자치도 제주시 용담이동 619,주차장,33.51091046,126.5102269,24시간,1899-2100,2017-07-09
1209,화북1 아파트,제주특별자치도 제주시 화북일동 10-1,구내주차장,33.52025588,126.5750572,24시간,1899-2100,2017-07-09
1121,범어현대 아파트,경상남도 양산시 물금읍 범어리 682-1,"101, 102동 사이 주차장",35.33338962,129.0068021,24시간,1899-2100,2017-07-09
1142,한주럭키타운,경상남도 진주시 주약동 156,7동10동 사이 지상주차장,35.17628,128.090592,24시간  ※외부인 개방,1899-2100,2017-07-09
1147,동원우성 빌라트,경상남도 거제시 옥포동 753,지하2층 주차장,34.89421619,128.697465,24시간  ※외부인 개방,1899-2100,2017-07-09
1148,미진참사랑,경상남도 거제시 아주동 370-1,관리사무소 앞 지하주차장,34.86415056,128.694094,24시간  ※외부인 개방,1899-2100,2017-07-09
1152,건입현대 아파트,제주특별자치도 제주시 건입동 940-3,주차장,33.51684414,126.5346068,24시간,1899-2100,2017-07-09
1154,노형 대림 아파트,제주특별자치도 제주시 노형동 1290-1,주차장,33.48771141,126.4803157,24시간,1899-2100,2017-07-09
1158,노형해든빌,제주특별자치도 제주시 노형동 920-13,주차장,33.48291997,126.4815166,24시간,1899-2100,2017-07-09
1159,도남1차e-편한세상,제주특별자치도 제주시 도남동 800,주차장,33.49396,126.521533,24시간,1899-2100,2017-07-09
962,대한대우아파트,경기도 수원시 팔달구 매산로2가 90,P6주차장 124동 앞 B2F,37.26580779,127.0045541,24시간,1899-2100,2017-07-09
1167,삼부비치 아파트,제주특별자치도 제주시 삼양이동 2113-6,구내주차장,33.52377271,126.5858077,24시간,1899-2100,2017-07-09
1041,영종하늘도시한라비발디 아파트,인천광역시 중구 중산동 1887-1,지하주차장,37.491282,126.563244,24시간,1899-2100,2017-07-09
951,아이파크삼성동,서울특별시 강남구 삼성동 영동대로 640,103동 지하3층 119기둥,37.51839681,127.0595495,24시간,1899-2100,2017-07-09
1047,매지청솔 아파트,강원특별자치도 원주시 흥업면 매지리 1934,관리사무소 뒷편 주차장,37.277922,127.910642,24시간,1899-2100,2017-07-09
942,영등포아트자이 아파트,서울특별시 영등포구 도림동 도영로 66,지하2층 104동 12기둥,37.51039395,126.9001778,24시간,1899-2100,2017-07-09
924,호평동원로얄듀크 아파트,경기도 남양주시 호평동 676,지하,37.65721066,127.2509122,24시간  ※외부인 개방,1899-2100,2017-07-09
911,가좌마을7단지꿈에그린한화 아파트,경기도 고양시 일산서구 가좌동 1105,지하2층 706동쪽,37.68373495,126.7218701,24시간,1899-2100,2017-07-09
927,송파파인타운10단지,서울특별시 송파구 장지동 송파대로8길 20,1005동 앞 지하1층 B05기둥,37.47813248,127.1311864,24시간,1899-2100,2017-07-09
943,천왕이펜하우스4단지 아파트,서울특별시 구로구 천왕동 천왕로 29,지하1층 404동(기둥번호 12),37.4808017,126.8385946,24시간,1899-2100,2017-07-09
971,롯데캐슬알바트로스,경기도 화성시 청계동 541,"B2F D2,17기둥",37.19569944,127.1132082,24시간,1899-2100,2017-07-09
1120,대방노블랜드 연리지2차,경상남도 양산시 물금읍 가촌리 1303-1,206동 옆 (347번 기둥),35.31261473,129.0030388,24시간,1899-2100,2017-07-09
1163,방선문2차빌리지,제주특별자치도 제주시 아라이동 930,주차장,33.47900553,126.5508564,24시간,1899-2100,2017-07-09
954,타워팰리스 2차,서울특별시 강남구 도곡동 언주로30길 57,지하6층,37.48947719,127.0540357,24시간,1899-2100,2017-07-09
1019,정릉e편한세상 아파트,서울특별시 성북구 정릉동 1028,B1층 109동 3-4호 A04기둥,37.614892,127.010221,24시간,1899-2100,2017-07-09
1038,청라푸르지오 아파트,인천광역시 서구 경서동 948-1,지하1층 B38,37.534614,126.639805,24시간,1899-2100,2017-07-09
907,가능 SK-VIEW 아파트,경기도 의정부시 가능동 656-1,203동 B19 지하주차장 1층,37.74945437,127.0376714,24시간,1899-2100,2017-07-09
915,일산 두산위브더제니스,경기도 고양시 일산서구 탄현동 1640,지하3층 101동 입구뒤,37.69402013,126.7629581,24시간,1899-2100,2017-07-09
1153,금천뜨래별,제주특별자치도 제주시 아라이동 955,주차장,33.4799741,126.5531962,24시간,1899-2100,2017-07-09
1166,봉개블루힐,제주특별자치도 제주시 봉개동 1317,주차장,33.48675357,126.5996513,24시간,1899-2100,2017-07-09
1175,아이고운힐C,제주특별자치도 제주시 오라삼동 2895-1,구내주차장,33.48812351,126.5030842,24시간,1899-2100,2017-07-09
1187,제주고성LH 아파트,제주특별자치도 제주시 애월읍 고성리 1488-1,주차장,33.46607679,126.4107164,24시간,1899-2100,2017-07-09
1149,사곡영진자이온1단지,경상남도 거제시 사등면 사곡리 832-3,102동 맞은편 주차장 A17기둥,34.89211063,128.5679028,24시간  ※외부인 개방,1899-2100,2017-07-09
1169,아델리움,제주특별자치도 제주시 연동 1459,구내주차장,33.479925,126.4942012,24시간,1899-2100,2017-07-09
1184,정원파인즈 10차,제주특별자치도 제주시 도남동 137-4,주차장,33.4882799,126.5283622,24시간,1899-2100,2017-07-09
1196,제주으뜸마을LH 아파트,제주특별자치도 제주시 노형동 753,주차장,33.47824248,126.4815972,24시간,1899-2100,2017-07-09
1060,용암덕일마이빌 아파트,충청북도 청주시 상당구 용암동 2537,510동앞 지하1층주차장,36.61661933,127.5118893,24시간  ※외부인 개방,1899-2100,2017-07-09
1070,해피드림3차,충청남도 천안시 서북구 두정동 1417,주차장,36.83031564,127.1436137,24시간,1899-2100,2017-07-09
1085,하가제일오투그란데 아파트,전북특별자치도 전주시 덕진구 덕진동2가 684,101동 지하 주차장(구역E02.E03),35.843362,127.108097,24시간,1899-2100,2017-07-09
1172,아라아이파크,제주특별자치도 제주시 아라일동 6121,주차장,33.47582346,126.5506138,24시간,1899-2100,2017-07-09
980,상봉우정 아파트,서울특별시 중랑구 상봉동 496,지하주차장 1층 입구 오른쪽103동1-2호라인 앞,37.59942932,127.0886839,24시간,1899-2100,2017-07-09
913,브라운스톤일산,경기도 고양시 일산동구 백석동 1330,지하주차장 2층,37.6375153,126.7877864,24시간,1899-2100,2017-07-09
1198,제주정든마을3단지LH 아파트,제주특별자치도 제주시 노형동 2582-2,주차장,33.48948604,126.473277,24시간,1899-2100,2017-07-09
986,동진신안 아파트,서울특별시 노원구 중계동 364,지하주차장 입구 직진,37.650163,127.078652,24시간,1899-2100,2017-07-09
1190,제주부영1차 아파트,제주특별자치도 제주시 노형동 732,주차장,33.48018127,126.4854263,24시간,1899-2100,2017-07-09
995,중계센트럴파크,"서울특별시 노원구 덕릉로70가길 21 (상계동, 중계센트럴파크)",지하1층 우측돌아서 B-14,37.643296,127.059732,24시간,1899-2100,2017-07-09
996,창동대동 아파트,서울특별시 도봉구 창동 도봉로 642-30,지하1층 우측 돌아서 우측 구석자리,37.661553,127.043888,24시간,1899-2100,2017-07-09
1180,연동한일시티,제주특별자치도 제주시 연동 2325-7,주차장,33.49160042,126.4885492,24시간,1899-2100,2017-07-09
1063,유수장미 아파트,충청북도 음성군 금왕읍 무극리 503,관리사무소 앞 지하1층주차장,36.992646,127.589474,24시간  ※외부인 개방,1899-2100,2017-07-09
929,방화동부센트레빌,서울특별시 강서구 방화동 875,지하1층 우측,37.57440124,126.814068,24시간,1899-2100,2017-07-09
949,삼성중앙하이츠빌리지,서울특별시 강남구 삼성동 학동로68길 30,지하2층 좌측,37.51657903,127.0465082,24시간,1899-2100,2017-07-09
1215,서귀포동홍3LH 아파트,제주특별자치도 서귀포시 동홍동 353-1,서귀포 주공3단지 아파트,33.24982675,126.5739183,24시간  ※외부인 개방,1899-2100,2017-07-09
1043,개운휴먼시아1단지 아파트,강원특별자치도 원주시 개운동 581-1,지하3주차장 B1 8면주차칸 맞은편,37.338512,127.955194,24시간,1899-2100,2017-07-09
1046,대흥2차 아파트,강원특별자치도 원주시 태장동 1040-3,지상 전기실 앞,37.380177,127.951598,24시간,1899-2100,2017-07-09
972,시범호반베르디움아파트,경기도 화성시 청계동 525,B2F 05,37.19786226,127.1097361,24시간,1899-2100,2017-07-09
1026,에코메트로10단지,인천광역시 남동구 논현동 773-1,지하2층 105동 앞,37.391003,126.727296,24시간,1899-2100,2017-07-09
1042,휴먼시아남춘천1단지,강원특별자치도 춘천시 퇴계동 1097,101동 지하주차장 2층,37.861432,127.734026,06~23시,1899-2100,2017-07-09
1145,고현e편한세상,경상남도 거제시 고현동 1081-18,지하1층주차장 102동쪽 A13기둥,34.89539501,128.6403863,24시간  ※외부인 개방,1899-2100,2017-07-09
993,월계청백1단지 아파트,서울특별시 노원구 월계동 초안산로 89,"104,105 사이 지하주차장 좌측면",37.634786,127.052612,24시간,1899-2100,2017-07-09
1207,현일 아파트,제주특별자치도 제주시 삼도일동 796-15,주차장,33.50858885,126.5191082,24시간,1899-2100,2017-07-09
1100,브라운스톤태화1단지 아파트,경상북도 안동시 말구리길 50,지상주차장(입구우측),36.56607,128.706123,24시간,1899-2100,2017-07-09
1006,한남동현대하이페리온,서울특별시 용산구 한남동 서빙고로 413,지하주차장3층11기둥,37.527513,127.005005,24시간,1899-2100,2017-07-09
1090,익산e편한세상,전북특별자치도 익산시 모현동1가 955,114동 지하 주차장(구역 B-B 07),35.947331,126.946234,24시간,1899-2100,2017-07-09
948,래미안대치팰리스,서울특별시 강남구 대치동 삼성로51길 37,110동 지하 2층 주차장 76번 기둥옆,37.49343628,127.0576978,24시간,1899-2100,2017-07-09
1074,가재마을9단지,세종특별자치시 종촌동 697,"902동 지하주차장 D-10, 11",36.500598,127.253476,24시간,1899-2100,2017-07-09
1039,영종자이 아파트,인천광역시 중구 운남동 1550,지하주차장,37.489379,126.5293,24시간,1899-2100,2017-07-09
1064,극동 아파트,충청북도 제천시 신백동 208-5,5동 지하주차장,37.129181,128.226148,24시간  ※외부인 개방,1899-2100,2017-07-09
1102,용산롯데캐슬그랜드,대구광역시 달서구 용산동 장산남로 33,지하2층주차장(110-106동 사이),35.85106,128.526757,24시간,1899-2100,2017-07-09
1191,제주삼화1단지LH 아파트,제주특별자치도 제주시 화북일동 1002-1,주차장,33.51608123,126.5749238,24시간,1899-2100,2017-07-09
1161,미듬아뜨리에 아파트,제주특별자치도 제주시 삼도이동 300-4,주차장,33.50499775,126.5228442,24시간,1899-2100,2017-07-09
989,방학명품ESA2단지,서울특별시 도봉구 방학동 716-5,108동 지하3층 40번,37.666546,127.045881,24시간,1899-2100,2017-07-09
1054,금호어울림 아파트,충청북도 청주시 흥덕구 복대동 3366,"지하1층(101동 입구, B1/06)",36.640225,127.433954,24시간,1899-2100,2017-07-09
1155,노형2차부영 아파트,제주특별자치도 제주시 노형동 754-4,주차장,33.4769845,126.4846039,24시간,1899-2100,2017-07-09
920,삼익 아파트,경기도 남양주시 와부읍 덕소리 600-3,지하주차장1층 뒤쪽,37.58577199,127.2074266,24시간  ※외부인 개방,1899-2100,2017-07-09
1021,산곡우성1.2.3차 아파트,인천광역시 부평구 산곡동 294-35,114동 뒷편 휴게소 앞,37.501714,126.713371,24시간,1899-2100,2017-07-09
1022,삼산서해그랑블 아파트,인천광역시 부평구 삼산동 513,지하2층 기둥번호 161(녹색),37.517822,126.747737,24시간,1899-2100,2017-07-09
1029,자연앤,경기도 시흥시 능곡동 554,406동 지하주차장,37.370712,126.811228,24시간,1899-2100,2017-07-09
1032,운양동 반도유보라2차 아파트,경기도 김포시 운양동 1300-3,지하2층 주차장 704동 앞,37.653265,126.679938,24시간,1899-2100,2017-07-09
1040,영종하늘도시우미린1단지,인천광역시 중구 중산동 1881-1,지하주차장,37.493407,126.555522,24시간,1899-2100,2017-07-09
1049,원흥2차 아파트,강원특별자치도 횡성군 횡성읍 읍하리 395-2,201동 주차장,37.49531315,127.9835464,24시간,1899-2100,2017-07-09
1052,동해코아루디오션,강원특별자치도 동해시 평릉동 456,기계실 앞 지하주차장,37.53212034,129.1138946,24시간,1899-2100,2017-07-09
1053,개신두진백로1차 아파트,충청북도 청주시 서원구 개신동 443,지하주차장,36.62487319,127.4684173,24시간  ※외부인 개방,1899-2100,2017-07-09
960,광교캠퍼스타운참누리아파트,경기도 수원시 영통구 이의동 대학3로 55,지하1층 주차장,37.302459,127.040306,24시간,1899-2100,2017-07-09
1012,창신두산 아파트,서울특별시 종로구 창신동 지봉로5길 7,지하1층 주차장,37.574219,127.014312,24시간,1899-2100,2017-07-09
1013,창신쌍용2단지 아파트,서울특별시 종로구 창신동 낙산길 198,207동 지하2층 9번기둥,37.580271,127.011826,24시간,1899-2100,2017-07-09
1015,효성주얼리시티,서울특별시 종로구 인의동 종로 183,지하5층주차장,37.571415,126.998657,24시간,1899-2100,2017-07-09
1016,래미안미아1차 아파트,서울특별시 강북구 미아동 797,B2층 103동 3-4호 44번기둥,37.625668,127.018992,24시간,1899-2100,2017-07-09
1072,용연마을휴먼시아2단지 아파트,충청남도 아산시 배방읍 장재리 1204,지하주차장,36.79355033,127.0915808,24시간,1899-2100,2017-07-09
1162,방선문5차빌리지,제주특별자치도 제주시 아라일동 2216,주차장,33.47459205,126.5393618,24시간,1899-2100,2017-07-09
1084,한빛 아파트,대전광역시 유성구 어은동 99,후문옆지하주차장,36.363115,127.353371,24시간,1899-2100,2017-07-09
1011,인왕산2차아이파크,서울특별시 종로구 무악동 통일로 246-20,지하1층 주차장,37.575769,126.959533,24시간,1899-2100,2017-07-09
1133,대신 롯데캐슬,부산광역시 서구 서대신동3가 762,"3동B2 20,7동B1 11지하주차장",35.11666905,129.0103771,24시간  ※외부인 개방,1899-2100,2017-07-09
1095,빛가람 중흥S클래스 센트럴2차,"전라남도 나주시 우정로 101 (빛가람동, 빛가람 중흥S-CLASS센트럴 2차)",지하주차장 (A40),35.024111,126.79097,24시간,1899-2100,2017-07-09
1160,루온토빌리지,제주특별자치도 제주시 오라이동 1673,주차장,33.48007536,126.5068134,24시간,1899-2100,2017-07-09
926,레이크팰리스,서울특별시 송파구 잠실동 잠실로 88,지하1층 112동  A21 기둥,37.508406,127.093875,24시간,1899-2100,2017-07-09
934,신대방현대 아파트,서울특별시 동작구 신대방동 여의대방로 28,지하1층,37.494725,126.912038,24시간,1899-2100,2017-07-09
952,청담자이 아파트,서울특별시 강남구 청담동 영동대로138길 12,지하1층 105동 Y02기둥,37.52410309,127.0572508,24시간,1899-2100,2017-07-09
1037,인천 학익풍림아이원 아파트,인천광역시 미추홀구 학익동 721,103동 앞 지상주차장,37.441797,126.657903,미개방,1899-2100,2017-07-09
1009,덕수궁 롯데캐슬,서울특별시 중구 순화동 서소문로9길 28,지하5층 진입 후 좌측 Y03번 기둥,37.563699,126.97025,24시간,1899-2100,2017-07-09
909,한빛마을1단지한라비발디센트럴파크,경기도 파주시 야당동 981,지하1층 주차장 12동 전기실 옆,37.7153699,126.7485433,24시간,1899-2100,2017-07-09
918,정발마을2단지건영빌라,경기도 고양시 일산동구 마두동 산두로 72,지하주차장 1층,37.6642804,126.7885923,24시간,1899-2100,2017-07-09
1210,강정상록 아파트,제주특별자치도 서귀포시 강정동 신서로 55,강정상록 아파트 주차장 왼쪽,33.25490793,126.5047563,24시간  ※외부인 개방,1899-2100,2017-07-09
1055,금호어울림2단지,충청북도 청주시 흥덕구 복대동 3367,지하1층(211동 앞),36.64031,127.436673,24시간,1899-2100,2017-07-09
1124,진일1차 아파트,경상남도 양산시 상북면 석계리 244-1,102동 주차장 옆(경비실 뒤),35.41379162,129.0574398,24시간,1899-2100,2017-07-09
958,광교A2 호반베르디움아파트,경기도 수원시 영통구 이의동 웰빙타운로 70,P2주차장 지하1층,37.307072,127.044288,24시간,1899-2100,2017-07-09
1151,일성한솔타운,경상남도 통영시 무전동 994-12,관리사무실 앞 지상주차장,34.857451,128.431501,24시간  ※외부인 개방,1899-2100,2017-07-09
1118,문수마을동문굿모닝힐 아파트,울산광역시 울주군 범서읍 굴화리 734,건물측면 입구 101동-2F/10,35.55031718,129.2526498,24시간,1899-2100,2017-07-09
1138,들말흥한타운,경상남도 진주시 평거동 석갑로 45,111동앞 3경비실 옆 지상주차장,35.175308,128.065007,24시간  ※외부인 개방,1899-2100,2017-07-09
1200,제주하귀휴먼시아1단지,제주특별자치도 제주시 애월읍 하귀1리 167,주차장,33.48258757,126.4164083,24시간,1899-2100,2017-07-09
1034,그린타운삼성우성 아파트,경기도 부천시 중동 1182,지하주차장,37.49719,126.768928,24시간,1899-2100,2017-07-09
1024,송도더샵그린워크1차,인천광역시 연수구 송도동 18-6,지하 1603동 앞,37.399197,126.640931,24시간,1899-2100,2017-07-09
1069,불당마을동일하이빌 아파트,충청남도 천안시 서북구 불당동 750,307동 지하주차장,36.80816966,127.1131031,24시간,1899-2100,2017-07-09
1002,돈의문센트레빌 아파트,서울특별시 서대문구 냉천동 261,지하주차장,37.566245,126.962026,24시간(입주민전용),1899-2100,2017-07-09
1018,석관두산 아파트,서울특별시 성북구 석관동 10,B1층 119-120동 B1F-7기둥,37.612336,127.069684,24시간,1899-2100,2017-07-09
1027,LH퍼스트리움 아파트,경기도 시흥시 조남동 640-2,지하주차장 입구,37.380287,126.859785,24시간,1899-2100,2017-07-09
1077,SK허브,대전광역시 유성구 지족동 894-5,지하주차장,36.372763,127.317162,24시간,1899-2100,2017-07-09
982,신내우디안1단지,서울특별시 중랑구 신내동 816,지하주차장 1층 입구 오른쪽,37.61737254,127.106824,24시간,1899-2100,2017-07-09
1017,보문하우스토리,서울특별시 성북구 보문동4가 116,B4층 101동 4번기둥,37.584386,127.020844,24시간,1899-2100,2017-07-09
1103,김천한신휴플러스,경상북도 김천시 혁신4로 46,지하주차장(107동 북측),36.120722,128.185553,24시간  ※외부인 개방,1899-2100,2017-07-09
1104,영무예다음2차 아파트,경상북도 김천시 용전3로 24,"지하주차장(203동 옆, P62)",36.120534,128.193342,24시간  ※외부인 개방,1899-2100,2017-07-09
1216,아우룸숲,제주특별자치도 서귀포시 서홍동 홍중로 105,구내주차장,33.26177423,126.5551933,24시간  ※외부인 개방,1899-2100,2017-07-09
1086,호성유원파크맨션 아파트,전북특별자치도 전주시 덕진구 호성동1가 796-1,지상 주차장 중앙에 위치,35.858694,127.153092,24시간  ※외부인 개방,1899-2100,2017-07-09
975,수원아이파크시티1단지,경기도 수원시 권선구 권선동 1360,B2F 47,37.244691,127.026705,24시간,1899-2100,2017-07-09
1004,쌍용황금,서울특별시 마포구 마포동 마포대로 6,지하주차장 4층,37.537126,126.94564,24시간,1899-2100,2017-07-09
1165,방선문3차빌리지,제주특별자치도 제주시 도남동 642-1,주차장,33.4862619,126.5257492,24시간,1899-2100,2017-07-09
910,해솔마을5단지삼부르네상스 아파트,경기도 파주시 목동동 679,지하2층 주차장 B068,37.7228284,126.7443547,24시간,1899-2100,2017-07-09
1061,율량대원칸타빌3차,충청북도 청주시 청원구 주성동 337,지하3층주차장 C20 주차 4면,36.670523,127.499872,24시간,1899-2100,2017-07-09
973,LH수원센트럴타운1단지,경기도 수원시 권선구 세류동 1260,"B2 108동 1,2호 앞",37.26535014,127.0103989,24시간,1899-2100,2017-07-09
1079,대덕테크노밸리3단지 아파트,대전광역시 유성구 관평동 668,지하주차장,36.421876,127.385874,24시간,1899-2100,2017-07-09
1164,방선문4차빌리지,제주특별자치도 제주시 도남동 629,주차장,33.48658743,126.5262357,24시간,1899-2100,2017-07-09
1199,제주하귀휴먼시아2단지,제주특별자치도 제주시 애월읍 하귀1리 166-1,주차장,33.48065625,126.4155043,24시간,1899-2100,2017-07-09
1213,서귀포남원LH 아파트,제주특별자치도 서귀포시 남원읍 남원리 2494,남원LH아파트 왼쪽,33.28120095,126.722097,24시간  ※외부인 개방,1899-2100,2017-07-09
959,광교마을40단지,경기도 수원시 영통구 하동 광교마을로 156,P3 지하주차장 C56,37.294693,127.082983,24시간,1899-2100,2017-07-09
1188,제주노형삼환3차 아파트,제주특별자치도 제주시 노형동 1040-1,주차장,33.4911164,126.4760643,24시간,1899-2100,2017-07-09
1197,제주정든마을1단지LH 아파트,제주특별자치도 제주시 노형동 2582-4,주차장,33.48833019,126.4739309,24시간,1899-2100,2017-07-09
1214,서귀포대정LH 아파트,제주특별자치도 서귀포시 대정읍 하모리 1450,서귀포 대정LH아파트 뒤쪽 주차장,33.22774468,126.2516065,24시간  ※외부인 개방,1899-2100,2017-07-09
1157,노형지구중흥S클래스 아파트,제주특별자치도 제주시 노형동 2585-1,주차장,33.48574846,126.4679911,24시간,1899-2100,2017-07-09
1023,송도글로벌캠퍼스푸르지오 아파트,인천광역시 연수구 송도동 190-2,지하2층 76번기둥,37.376901,126.655137,24시간,1899-2100,2017-07-09
1105,칠곡 효성해링턴 플레이스1단지,경상북도 칠곡군 석적읍 남율로9길 33,지하주차장(101-102동 사이),36.067862,128.401362,24시간,1899-2100,2017-07-09
961,꽃뫼버들마을 진흥아파트,경기도 수원시 팔달구 화서동 화산로 57,146동 앞 B1F D18,37.288443,126.983703,24시간,1899-2100,2017-07-09
1111,e편한세상 세계육상선수촌2단지,"대구광역시 동구 안심로16길 71 (율하동, e편한세상세계육상선수촌2단지)",205동 지하 1층 Y5-2구역,35.861449,128.694848,24시간,1899-2100,2017-07-09
1003,e편한세상마포리버파크,서울특별시 마포구 용강동 토정로31길 24,지하주차장2층42기둥,37.541996,126.943692,24시간,1899-2100,2017-07-09
1099,광양송보파인빌7차 아파트,전라남도 광양시 광양읍 용강리 907,"(실외완전노출)705,7동 사이주차장",34.96967732,127.6124186,24시간,1899-2100,2017-07-09
919,푸른마을1단지동익미라벨 아파트,경기도 고양시 덕양구 고양동 735,지하2층 103동뒷편,37.7084049,126.903586,24시간,1899-2100,2017-07-09
1062,율량선광로즈웰2차 아파트,충청북도 청주시 청원구 주성동 336,"지하2층주차장 A03,A04 주차면",36.672291,127.499973,24시간,1899-2100,2017-07-09
1211,동홍인터불고코아루 아파트,제주특별자치도 서귀포시 동홍동 157,구내주차장,33.2538737,126.573624,24시간,1899-2100,2017-07-09
1179,연동아델하임 아파트,제주특별자치도 제주시 연동 308-6,주차장,33.48270586,126.4966568,24시간,1899-2100,2017-07-09
1146,덕산베스트타운 아파트,경상남도 거제시 고현동 1039,109동뒤 지상주차장,34.897033,128.632884,24시간  ※외부인 개방,1899-2100,2017-07-09
1025,송도롯데캐슬 아파트,인천광역시 연수구 송도동 150,102동 지하2층 121번 기둥,37.38669,126.667193,24시간,1899-2100,2017-07-09
957,광교 자연앤힐스테이트,경기도 수원시 영통구 이의동 도청로 65,지하2층 주차장,37.288971,127.05034,24시간,1899-2100,2017-07-09
1156,노형아이파크,제주특별자치도 제주시 노형동 731-1,주차장,33.48046827,126.4839145,24시간,1899-2100,2017-07-09
933,서울대입구아이원,서울특별시 관악구 봉천동 청룡길 78,지하1층,37.47831162,126.9453754,24시간,1899-2100,2017-07-09
1082,산호한양 아파트,대전광역시 서구 탄방동 계룡로571번길 65,관리사무소 정면지하주차장,36.344566,127.386551,24시간  ※외부인 개방,1899-2100,2017-07-09
994,중계삼성 아파트,서울특별시 노원구 중계동 593,지하1층 104동 B-86,37.648831,127.083529,24시간,1899-2100,2017-07-09
1115,혁신서한이다음3차,대구광역시 동구 대림동 885,701동 지하1층 주차장,35.875398,128.746582,24시간,1899-2100,2017-07-09
946,대치현대 아파트,서울특별시 강남구 대치동 삼성로64길 5,지하1층 우측,37.50044831,127.0605124,24시간,1899-2100,2017-07-09
970,동탄역시범한화꿈에그린프레스티지,경기도 화성시 청계동 520,P2주차장 1425동 72,37.1969184,127.1021849,24시간,1899-2100,2017-07-09
953,청담파크파라곤,서울특별시 강남구 청담동 학동로97길 31,지하1층,37.52137974,127.0545474,24시간,1899-2100,2017-07-09
917,정발마을1단지건영빌라,경기도 고양시 일산동구 마두동 821,안쪽 P2 지하주차장 1층,37.66658368,126.7878962,24시간,1899-2100,2017-07-09
932,상도대림 아파트,서울특별시 동작구 상도동 상도로60길 20,지하2층 주차장,37.49318524,126.953262,24시간,1899-2100,2017-07-09
1035,역곡한국 아파트,경기도 부천시 역곡동 212-2,지하B주차장,37.493254,126.814161,24시간,1899-2100,2017-07-09
1218,제주서귀포동홍6단지LH 아파트,제주특별자치도 서귀포시 동홍동 1312,주공6단지 동쪽 주차장,33.26306831,126.5607144,24시간  ※외부인 개방,1899-2100,2017-07-09
1183,일도2차신천지,제주특별자치도 제주시 일도이동 46,주차장,33.50647726,126.5460226,24시간,1899-2100,2017-07-09
1136,창원마린푸르지오1단지,경상남도 창원시 진해구 풍호동 천자로 386,지하2층 주차장 107동 1.2라인옆,35.133243,128.707882,24시간,1899-2100,2017-07-09
1110,브리티시골드,경상북도 문경시 당교로 231,2층주차장(엘리베이터 앞),36.586082,128.188212,24시간,1899-2100,2017-07-09
940,문래금호어울림 아파트,서울특별시 영등포구 문래동3가 97,지하1층 102동(기등번호 33),37.51917735,126.8975089,24시간,1899-2100,2017-07-09
950,강남데시앙파크,서울특별시 강남구 세곡동 헌릉로590길 63,지하1층 510동 28번 기둥,37.46104609,127.1015425,24시간,1899-2100,2017-07-09
1181,오등동 진평연립주택,제주특별자치도 제주시 오등동 1352,주차장,33.47038057,126.524596,24시간,1899-2100,2017-07-09
1059,남광하우스토리B단지,충청북도 청주시 청원구 사천동 684,"208동 지하주차장 128,129동 기둥",36.66135455,127.4727488,24시간  ※외부인 개방,1899-2100,2017-07-09
1107,나래마을,대구광역시 달서구 도원동 한실로 29,지하주차장(801-810동 사이),35.808652,128.529815,24시간  ※외부인 개방,1899-2100,2017-07-09
1007,광화문스페이스본 아파트,서울특별시 종로구 사직동 사직로8길 4,지하3층주차장 8번 기둥,37.57424,126.96871,24시간,1899-2100,2017-07-09
955,타워팰리스G동,서울특별시 강남구 도곡동 언주로30길 26,지하5층,37.48776235,127.0525283,24시간,1899-2100,2017-07-09
988,방학5단지 신동아 아파트,서울특별시 도봉구 방학동 방학로12길 53,지하1층 좌회전 2번,37.663214,127.028786,24시간,1899-2100,2017-07-09
1144,거제자이 아파트,경상남도 거제시 수월동 1092,108동뒤 지하1층주차장 A04기둥,34.8923343,128.6433743,24시간  ※외부인 개방,1899-2100,2017-07-09
981,신내LG쌍용아파트,서울특별시 중랑구 상봉동 484,1층 입구방면 1305동6동사이 주차장,37.60376244,127.0907159,24시간,1899-2100,2017-07-09
1205,현대3노형부영5차 아파트,제주특별자치도 제주시 노형동 754,주차장,33.47818153,126.4837772,24시간,1899-2100,2017-07-09
1170,아라뜨래별연립주택,제주특별자치도 제주시 아라이동 890-4,주차장,33.47704165,126.5515957,24시간,1899-2100,2017-07-09
978,"면목두산2,3차 아파트",서울특별시 중랑구 면목동 1510,지하주차장 2층 301동라인,37.58055286,127.0835583,24시간,1899-2100,2017-07-09
1177,에덴빌리지2차,제주특별자치도 제주시 조천읍 함덕리 1752-2,주차장,33.53098464,126.6658824,24시간,1899-2100,2017-07-09
1168,신화위더스빌,제주특별자치도 제주시 오라이동 3178-1,구내주차장,33.48079014,126.5026605,24시간,1899-2100,2017-07-09
1192,제주삼화3단지LH 아파트,제주특별자치도 제주시 도련이동 550,주차장,33.5146148,126.5865123,24시간,1899-2100,2017-07-09
1176,아이린4차 아파트,제주특별자치도 제주시 이도일동 1245-5,구내주차장,33.50273979,126.5326346,24시간,1899-2100,2017-07-09
1119,협성현대 아파트,울산광역시 남구 무거동 931-1,아파트 오르막 지하주차장 끝편,35.54140341,129.2526293,24시간,1899-2100,2017-07-09
1208,혜성대유 아파트,제주특별자치도 제주시 일도이동 46-1,주차장,33.50567246,126.545225,24시간,1899-2100,2017-07-09
1058,남광하우스토리A단지,충청북도 청주시 청원구 사천동 683,"106동 지하주차장 101,102동 기둥",36.66285513,127.4712176,24시간  ※외부인 개방,1899-2100,2017-07-09
1056,두산위브지웰시티,충청북도 청주시 흥덕구 복대동 3381,"지하2층(203동 입구, C33)",36.642305,127.429348,24시간,1899-2100,2017-07-09
1071,와이시티 아파트,충청남도 아산시 배방읍 장재리 1767번지,지하주차장,36.797174,127.108421,24시간,1899-2100,2017-07-09
1066,내포롯데캐슬,충청남도 홍성군 홍북읍 신경리 1168 내포신도시 롯데캐슬,지하주차장,36.652125,126.672624,24시간,1899-2100,2017-07-09
1033,감정동 푸른마을신안실크밸리1차,경기도 김포시 감정동 685,지하주차장 1층 블럭번호 B1 09,37.618407,126.700432,24시간,1899-2100,2017-07-09
1030,양촌읍 학운리 자연앤데시앙,경기도 김포시 양촌읍 학운리 3019,"지상 1층 주차장 104동 1,2호라",37.618778,126.624802,24시간,1899-2100,2017-07-09
944,강남아이파크,서울특별시 강남구 자곡동 자곡로 175,주차장 진입 후 전방 A32기둥,37.474774,127.101196,24시간,1899-2100,2017-07-09
1140,이현하이클래스웰가,경상남도 진주시 이현동 진주대로 1317,101동앞 지하1층주차장 N5기둥,35.194484,128.058741,24시간  ※외부인 개방,1899-2100,2017-07-09
1217,오페라하우스,제주특별자치도 서귀포시 서홍동 서홍로178번길 45,구내주차장,33.26060345,126.5545596,24시간  ※외부인 개방,1899-2100,2017-07-09
998,창동쌍용 아파트,서울특별시 도봉구 창동 마들로 551,115동 지하1층 사 구역,37.659787,127.048115,24시간  ※외부인 개방,1899-2100,2017-07-09
1076,조치원자이 아파트,세종특별자치시 조치원읍 죽림리 396,지하주차장 110동과 111동 사이,36.589198,127.288965,24시간,1899-2100,2017-07-09
985,동아청솔아파트,서울특별시 도봉구 창동 808,106동과 110동 사이,37.657032,127.048139,24시간,1899-2100,2017-07-09
938,서초리젠 아파트,서울특별시 서초구 서초동 1444-19,지하1층 주차장,37.4843053,127.0196961,24시간,1899-2100,2017-07-09
1089,우남그랜드타운,전북특별자치도 익산시 영등동 822,지상 주차장(전기실 옆),35.961308,126.977784,24시간,1899-2100,2017-07-09
956,하남미사19단지,경기도 하남시 망월동 1062,지하1층 주차장,37.56208299,127.1852652,24시간,1899-2100,2017-07-09
1139,엠코타운더프라하,경상남도 진주시 평거동 새평거로 30,"107동앞 지하주차장 들어가 111동,112동 사이 78기둥",35.164497,128.052969,24시간,1899-2100,2017-07-09
1143,LH자은프라임,경상남도 창원시 진해구 자은동 121,405동 지하주차장,35.15244355,128.7208674,24시간,1899-2100,2017-07-09
1092,하남우미 아파트,광주광역시 광산구 우산동 1572-2,"(실외,캐노피)주차장(103동 뒤)",35.16583622,126.8065272,24시간  ※외부인 개방,1899-2100,2017-07-09
928,목동삼성쉐르빌1,서울특별시 양천구 신정동 318-10,지하4층 주차장,37.52294273,126.8701243,24시간,1899-2100,2017-07-09
1050,교동e-편한세상 아파트,강원특별자치도 강릉시 교동 357,104동 지하1층주차장,37.770659,128.895989,24시간,1899-2100,2017-07-09
947,도곡렉슬 아파트,서울특별시 강남구 도곡동 선릉로 221,지하2층  P2 .H37 기둥,37.49420756,127.049733,24시간,1899-2100,2017-07-09
1195,제주외도아름마을LH 아파트,제주특별자치도 제주시 외도일동 641-1,주차장,33.48453985,126.4281642,24시간,1899-2100,2017-07-09
1057,삼호 아파트,충청북도 청주시 서원구 모충동 446-20,지하주차장,36.6280923,127.4757844,24시간  ※외부인 개방,1899-2100,2017-07-09
1150,옥명대우,경상남도 거제시 능포동 224,101동 12라인옆 주차장,34.87471591,128.7336103,24시간  ※외부인 개방,1899-2100,2017-07-09
1246,중산마을1단지두산 아파트,경기도 고양시 일산동구 중산동 1555,111동 왼쪽 지하주차장 1층,37.69740138,126.7812732,24시간,1899-2100,2017-08-12
1342,동탄시범월드반도아파트,경기도 화성시 반송동 80,335동 지하1층 131블록 전기실,37.202462,127.066089,24시간,1899-2100,2017-08-12
1317,꿈마을우성아파트,경기도 안양시 동안구 평촌동 933,B1F 7,37.38737965,126.9698738,24시간  ※외부인 개방,1899-2100,2017-08-12
1296,하남 미사강변9단지아파트,경기도 하남시 선동 423,지하2층 B2 28번 기둥,37.57579901,127.187323,24시간,1899-2100,2017-08-12
1307,정자벽산블루밍아파트,경기도 수원시 장안구 정자동 423-1,"106동 지하1층 주차장 3, 4번",37.30460127,126.9946492,24시간,1899-2100,2017-08-12
1502,신도브래뉴2차 아파트,충청남도 천안시 동남구 목천읍 신계리 166-36,지하 주차장,36.7769413,127.2102447,24시간,1899-2100,2017-08-12
1479,금천수정 아파트,충청북도 청주시 상당구 금천동 115-1,지하주차장 진입 기준 오른쪽 주차 2면,36.62312319,127.5076022,24시간  ※외부인 개방,1899-2100,2017-08-12
1473,청원신성미소지움 아파트,충청북도 청주시 흥덕구 강내면 탑연리 388,지하주차장(102동 밑),36.62208501,127.3612281,24시간  ※외부인 개방,1899-2100,2017-08-12
1471,성화다안채,충청북도 청주시 서원구 성화동 1034,"지하2층주차장(606동1,2,3라인)",36.61165437,127.4515468,24시간  ※외부인 개방,1899-2100,2017-08-12
1344,백현마을 한라비발디2단지,경기도 용인시 기흥구 동백동 662,B2F,37.28000963,127.1608629,24시간,1899-2100,2017-08-12
1397,시화아주 아파트,경기도 시흥시 정왕동 1394,101동 지하 2층,37.35337024,126.7352676,24시간,1899-2100,2017-08-12
1532,두레 아파트,대전광역시 유성구 신성동 152-1,관리사무소뒤 지상주차장,36.386304,127.351825,24시간,1899-2100,2017-08-12
1382,서창LH8단지 아파트,인천광역시 남동구 서창동 692,지하1층 C29,37.42453,126.746122,24시간,1899-2100,2017-08-12
1237,성저마을4단지삼익 아파트,경기도 고양시 일산서구 대화동 2213,제1주차장,37.67980191,126.7490596,24시간(입주자만 이용 가능),1899-2100,2017-08-12
1232,파주힐스테이트2차,경기도 파주시 문산읍 당동리 940,구내 지하주차장 D47,37.86372319,126.7720082,24시간,1899-2100,2017-08-12
1460,영월하송주공3차 아파트,강원특별자치도 영월군 영월읍 하송리 403,"302동 주차장, 관리사무소 앞",37.177677,128.457978,24시간,1899-2100,2017-08-12
1507,논산부영 아파트,충청남도 논산시 강산동 643,관리사무소앞 지상주차장,36.1931323,127.0884431,24시간,1899-2100,2017-08-12
1543,동산골드클래스,전북특별자치도 전주시 덕진구 동산동779,"101동,102동 사이 지하 주차장(구역 04)",35.875572,127.080589,24시간,1899-2100,2017-08-12
1377,초정마을동아 아파트,인천광역시 계양구 용종동 213-3,후문 유치원 쪽 지상주차장,37.539109,126.740138,24시간,1899-2100,2017-08-12
1258,부영그린타운3단지,"경기도 남양주시 도농로 34 (도농동, 부영그린타운)",관리사무소 뒤 4주차장 지하1층 135구역,37.6119616,127.162855,24시간  ※외부인 개방,1899-2100,2017-08-12
1501,행복한마을 아파트,대전광역시 대덕구 평촌동 540-1,101동 지하2층 A66 주차장,36.437795,127.423688,24시간  ※외부인 개방,1899-2100,2017-08-12
1455,신동아 아파트,강원특별자치도 삼척시 교동 745-1,101동 뒤편 주차장,37.44970031,129.1757172,24시간,1899-2100,2017-08-12
1550,송천자이,전북특별자치도 전주시 덕진구 송천동1가 806,지하 주차장(구역 104동C05),35.866144,127.119704,24시간  ※외부인 개방,1899-2100,2017-08-12
1263,거여4단지 아파트,서울특별시 송파구 거여동 양산로4길 8,404동앞 주차장 지하1층,37.48958633,127.1433913,9~18,1899-2100,2017-08-12
1420,인천청라하우스토리,인천광역시 서구 청라동 155-2,지하 1층 73,37.534549,126.641197,24시간,1899-2100,2017-08-12
1557,삼화타운 아파트,전북특별자치도 정읍시 농소동 92-6,지하 주차장 입구 옆,35.580627,126.850427,24시간,1899-2100,2017-08-12
1518,당진롯데캐슬 아파트,충청남도 당진시 송악읍 반촌리 987,지상주차장 (101동 앞),36.90379206,126.6969609,24시간,1899-2100,2017-08-12
1379,논현힐스테이트 아파트,인천광역시 남동구 논현동 732-1,지하2층 105동,37.400344,126.728774,24시간,1899-2100,2017-08-12
1230,가람마을11단지,경기도 파주시 와동동 1368,구내주차장 지하2층 C50,37.72487698,126.7547224,24시간,1899-2100,2017-08-12
1495,단양성원 아파트,충청북도 단양군 단양읍 별곡리 570,지하 2층 주차장 전기실 옆 벽면,36.985518,128.37047,24시간,1899-2100,2017-08-12
1345,신동백롯데캐슬에코2단지,경기도 용인시 기흥구 중동 1101,P2 주차장 B2 B17,37.28268479,127.1483983,24시간,1899-2100,2017-08-12
1549,송천우림 아파트,전북특별자치도 전주시 덕진구 송천동1가 117,지하 주차장(구역 101동A1),35.862064,127.125648,24시간  ※외부인 개방,1899-2100,2017-08-12
1519,당진신평LIG리가 아파트,충청남도 당진시 신평면 금천리 1642,"지상주차장 (105동, 관리사무소앞)",36.88358291,126.7773261,24시간  ※외부인 개방,1899-2100,2017-08-12
1545,럭키우아 아파트,전북특별자치도 전주시 덕진구 우아동3가 285-8,5동앞 지상 주차장,35.844441,127.163822,24시간,1899-2100,2017-08-12
1598,복현현대맨션,대구광역시 북구 복현동 복현로 115,102동 지하1층 주차장,35.900084,128.618844,24시간  ※외부인 개방,1899-2100,2017-08-12
1475,청주푸르지오캐슬 아파트4단지,충청북도 청주시 서원구 사직동 937,"지하1층(407동 입구, B1/12)",36.62967584,127.4668129,24시간  ※외부인 개방,1899-2100,2017-08-12
1368,마포대림1차 아파트,서울 마포구 용강동 500,지하주차장1층,37.540191,126.94172,24시간,1899-2100,2017-08-12
1312,평택더샵 포스코,경기도 평택시 서정동 1116,109동 B1F D95,37.07199076,127.0613572,24시간,1899-2100,2017-08-12
1439,영종우미린2단지,인천광역시 중구 중산동 1871-3,아파트 지하주차장,37.487714,126.555093,24시간,1899-2100,2017-08-12
1288,도촌5단지,경기도 성남시 중원구 도촌동 704,507동 지상주차장,37.41618037,127.1569533,24시간,1899-2100,2017-08-12
1308,모아미래도2단지아파트,경기도 평택시 포승읍 도곡리 1115,203동 B1F,36.988064,126.84913,24시간,1899-2100,2017-08-12
1227,양주자이1단지,경기도 양주시 삼숭동 686-1,P16 지하주차장,37.79490512,127.1057898,24시간  ※외부인 개방,1899-2100,2017-08-12
1327,행정타운늘푸른오스카빌아파트2단지,경기도 용인시 처인구 삼가동 552,제2주차장 202동 앞 B1F,37.238088,127.171284,24시간,1899-2100,2017-08-12
1332,여주호반리젠시빌,경기도 여주시 교동 81-2,지상주차장,37.27454141,127.6339823,24시간  ※외부인 개방,1899-2100,2017-08-12
1462,동해푸르지오 아파트,강원특별자치도 동해시 평릉동 293,103동 앞 지하주차장,37.52959601,129.0996907,24시간,1899-2100,2017-08-12
1616,삼정브리티시용산,대구광역시 달서구 감삼동 달구벌대로 1530,지하주차장(102동 옆),35.848737,128.533779,24시간,1899-2100,2017-08-12
1357,상계동양 아파트,서울특별시 노원구 상계동 상계로5길 12,"102동 1,2라인 지상주차장",37.657129,127.064275,24시간,1899-2100,2017-08-12
1277,흑석한강센트레빌,서울특별시 동작구 흑석동 흑석한강로 2,108동 지하 2층 주차장,37.505913,126.965193,24시간,1899-2100,2017-08-12
1328,행정타운늘푸른오스카빌아파트3단지,경기도 용인시 처인구 삼가동 552,301동 앞 B1F,37.237953,127.170464,24시간,1899-2100,2017-08-12
1341,권선어울림,경기도 수원시 권선구 세류동 1255,지하 2층 전기실 앞,37.260223,127.009782,24시간,1899-2100,2017-08-12
1384,송도더샵그린애비뉴8단지,인천광역시 연수구 송도동 16-7,지하2층 807동 18번기둥,37.400969,126.645754,24시간,1899-2100,2017-08-12
1350,휘경주공1단지,서울특별시 동대문구 휘경동 57,지하주차장 2층 D-69,37.582369,127.071263,24시간,1899-2100,2017-08-12
1463,쌍용 아파트,강원특별자치도 동해시 천곡동 942,지하2층 주차장 입구장,37.52017291,129.1200493,24시간,1899-2100,2017-08-12
1330,반도유보라2차,경기도 화성시 영천동 716,409동 앞 B1F D15,37.20934772,127.1169466,24시간,1899-2100,2017-08-12
1240,일산3차현대홈타운,경기도 고양시 일산서구 일산동 600,지하주차장 왼쪽 끝 H107,37.68810128,126.771548,24시간,1899-2100,2017-08-12
1248,탄현마을6단지현대한신 아파트,경기도 고양시 일산서구 탄현동 1479,"7동,8동사이 지하주차장",37.6966001,126.7684593,24시간,1899-2100,2017-08-12
1289,백현마을2단지아파트,경기도 성남시 분당구 백현동 545,203동 지하 2층 주차장,37.39319904,127.1186057,24시간,1899-2100,2017-08-12
1585,청미래 아파트,전라남도 영광군 홍농읍 상하리 323-1,(실외완전노출) 아파트경비실 옆주차장,35.399494,126.447223,06~23시,1899-2100,2017-08-12
1398,시흥은행4차푸르지오,경기도 시흥시 은행동 599-1,405동 406동 중앙광장 지하2층,37.439863,126.795338,24시간,1899-2100,2017-08-12
1393,송도해모로월드뷰 아파트,인천광역시 연수구 송도동 157,지하1층 A008,37.383805,126.663974,24시간,1899-2100,2017-08-12
1552,전주송천2주공 아파트,전북특별자치도 전주시 덕진구 송천동2가 1280,209동 관리사무소 뒤 지상 주차장,35.865641,127.125318,24시간  ※외부인 개방,1899-2100,2017-08-12
1434,학익동아풍림 아파트,인천광역시 미추홀구 학익동 719,208주차장 지하1층 입구 오른편,37.442307,126.660976,미개방,1899-2100,2017-08-12
1361,남가좌삼성 아파트,서울특별시 서대문구 남가좌동 377,지하2층 전기실,37.57778363,126.9165299,24시간(입주민전용),1899-2100,2017-08-12
1452,청송 아파트,"강원특별자치도 강릉시 하평2길 6 (포남동, 청송아파트 상가)",청송아파트 후문 놀이터 옆 지상주차장,37.771891,128.913032,24시간,1899-2100,2017-08-12
1231,금촌파라다이스 아파트,경기도 파주시 아동동 275-9,구내 지상주차장 단지출입정문 옆,37.76928777,126.7777026,24시간  ※외부인 개방,1899-2100,2017-08-12
1487,은곡천일 아파트,충청북도 청주시 청원구 내수읍 은곡리 302,202동 뒤편 지상 주차장 주차면 2면,36.71069468,127.5252744,24시간  ※외부인 개방,1899-2100,2017-08-12
1326,행정타운늘푸른오스카빌아파트,경기도 용인시 처인구 삼가동 552,102동 쪽 주차장,37.238592,127.163878,24시간,1899-2100,2017-08-12
1371,용산한신 아파트,서울특별시 용산구 용산동2가 녹사평대로 245,지상주차장,37.540132,126.986764,24시간,1899-2100,2017-08-12
1256,덕소아이파크 아파트,경기도 남양주시 와부읍 덕소리 612,113동 지하1층,37.58743205,127.221088,24시간  ※외부인 개방,1899-2100,2017-08-12
1236,서정마을휴먼시아7단지아파트,경기도 고양시 덕양구 행신동 1090,지하주차장 1층 707동 앞,37.61402893,126.8449786,24시간,1899-2100,2017-08-12
1618,성당에덴타운,대구광역시 달서구 성당동 성당로33길 16,지하주차장(바로 앞),35.849782,128.569247,24시간,1899-2100,2017-08-12
1537,인앤인주상복합 아파트,대전광역시 유성구 지족동 834,지하주차장,36.384821,127.319062,24시간,1899-2100,2017-08-12
1581,첨단3-2차호반리젠시빌,광주광역시 광산구 산월동 884-1,(실내지하)주차장 P1,35.21060234,126.8485673,24시간,1899-2100,2017-08-12
1492,금왕두진하트리움3,충청북도 음성군 금왕읍 금석리 340-7,지하주차장 303동,36.987599,127.594668,24시간,1899-2100,2017-08-12
1527,노은에코힐7단지,대전광역시 유성구 지족동 1041,놀이터정면 지하주차장,36.382728,127.304749,24시간,1899-2100,2017-08-12
1309,영화블렌하임아파트,경기도 평택시 고덕면 궁리 520,104동 B3F(C03),37.02118022,127.0329936,24시간  ※외부인 개방,1899-2100,2017-08-12
1366,롯데캐슬프레지던트,서울특별시 마포구 공덕동 마포대로 109,지하주차장 7층,37.544865,126.950739,24시간,1899-2100,2017-08-12
1274,상도파크자이,서울특별시 동작구 상도동 장승배기로 11,지하2층 주차장 101동 앞,37.50553,126.938083,24시간,1899-2100,2017-08-12
1483,율량7단지선광로즈웰1차 아파트,충청북도 청주시 청원구 율량동 2080,지하2층주차장 B37 702동 출입구 주차면,36.66838609,127.5001986,24시간  ※외부인 개방,1899-2100,2017-08-12
1510,가재마을3단지,세종특별자치시 종촌동 679,지하1층 주차장 A-26,36.504987,127.243244,24시간,1899-2100,2017-08-12
1253,후곡9단지LG롯데 아파트,경기도 고양시 일산서구 일산동 1058,관리소뒤 지하주차장,37.67773866,126.7644272,24시간,1899-2100,2017-08-12
1514,덕성공원빌리지,충청남도 공주시 산성동 158,지하주차장 내,36.46020258,127.1257811,24시간,1899-2100,2017-08-12
1266,송파와이즈더샵,서울특별시 송파구 장지동 위례광장로 270,지하2층 103동 1-2호 A46 기둥,37.47710525,127.1436523,24시간,1899-2100,2017-08-12
1617,성당동포스코더샵,대구광역시 달서구 성당동 장기로 115,"지하2층주차장(108-102동 사이, B33)",35.842865,128.547883,24시간,1899-2100,2017-08-12
1250,화성그린빌 아파트,경기도 고양시 덕양구 고양동 103,1주차장(마트주차장)B3 왼쪽,37.70343429,126.8988303,24시간,1899-2100,2017-08-12
1229,윤중 아파트,경기도 양주시 덕계동 201,정문 위편 지상주차장,37.82186948,127.0575391,24시간  ※외부인 개방,1899-2100,2017-08-12
1454,삼척오션빌,강원특별자치도 삼척시 원덕읍 노곡리 산 184-13,옥외 주차장,37.19725964,129.3362721,24시간,1899-2100,2017-08-12
1588,나주혁신영무예다음 아파트,"전라남도 나주시 월정1길 20 (빛가람동, 영무예다음 아파트)",지하 주차장(84),35.012129,126.786067,24시간,1899-2100,2017-08-12
1423,청라상록힐스테이트10블럭,인천광역시 서구 경서동 953-17,지하 1층 A20,37.535088,126.644326,24시간,1899-2100,2017-08-12
1584,제일2차하이빌 아파트,전라남도 목포시 옥암동 984,(실내지하)P2 지하주차장 내,34.806862,126.431369,24시간,1899-2100,2017-08-12
1378,그린애비뉴7단지,인천광역시 연수구 송도동 16-8,지하2층 703동 앞(전기실),37.399038,126.648164,24시간,1899-2100,2017-08-12
1376,작전동보2차 아파트,인천광역시 계양구 작전동 286-1,지상주차장 관리사무소 앞,37.526367,126.732737,24시간,1899-2100,2017-08-12
1576,봉선동제일풍경채엘리트파크,광주광역시 남구 봉선동 1092,(실내지하)101동 지하주차장A65,35.121614,126.908345,24시간,1899-2100,2017-08-12
1333,e편한세상광주역3단지,경기도 광주시 역동 245,지하1층 주차장 304동 입구앞,37.39887124,127.2452223,24시간,1899-2100,2017-08-12
1405,김포한강우남퍼스트빌,경기도 김포시 장기동 2065-1,지하2층 블럭번호 D36(508동),37.636431,126.673914,24시간,1899-2100,2017-08-12
1269,마곡엠밸리6단지,서울특별시 강서구 마곡동 743,지하2층 610동 C226 기둥,37.564275,126.820538,06~23시,1899-2100,2017-08-12
1339,대광파인밸리골드아파트,경기도 화성시 남양읍 신남리 1563,204동 앞 B2F,37.19791635,126.81793,24시간  ※외부인 개방,1899-2100,2017-08-12
1489,주성동대원칸타빌1단지 아파트,충청북도 청주시 청원구 주성동 335,"B2 지하주차장 802동 입구 측면 B05,06,07 기둥 주차면",36.67342321,127.497782,24시간,1899-2100,2017-08-12
1255,덕소두산위브 아파트,경기도 남양주시 와부읍 도곡리 985,"좌측언덕진입 후 P4주차장 지하2층108동3,4라인",37.5787687,127.2139235,24시간  ※외부인 개방,1899-2100,2017-08-12
1388,송도성지리벨루스,인천광역시 연수구 송도동 2-12,지하1층 A12 기둥,37.390514,126.662588,24시간,1899-2100,2017-08-12
1594,SD아이프라임강북,대구광역시 북구 읍내동 칠곡중앙대로125길 7,지하1층,35.950724,128.551119,24시간,1899-2100,2017-08-12
1468,모충두산한솔 아파트,충청북도 청주시 서원구 모충동 473,"지하주차장(101,102동 사이)",36.62588305,127.4771699,24시간  ※외부인 개방,1899-2100,2017-08-12
1469,봉명아이파크,충청북도 청주시 흥덕구 봉명동 2752,"지하1층주차장(108,109동 사이)",36.65171198,127.4598292,24시간  ※외부인 개방,1899-2100,2017-08-12
1612,우방힐타운,경상북도 경산시 진량읍 신상리 868,102동 지하1층 주차장,35.87892778,128.8171295,24시간  ※외부인 개방,1899-2100,2017-08-12
1572,중화산현대1차 아파트,전북특별자치도 전주시 완산구 중화산동1가 329,103동 뒤 지상주차장,35.810562,127.130828,24시간  ※외부인 개방,1899-2100,2017-08-12
1300,광교자연앤자이2단지,경기도 수원시 영통구 이의동 에듀타운로 65,지하2층 주차장,37.287425,127.048294,24시간,1899-2100,2017-08-12
1270,관악동부센트레빌 아파트,서울특별시 관악구 봉천동 은천로33길 5,제1주차장 지하3층 변전실 옆,37.48729859,126.950154,24시간,1899-2100,2017-08-12
1524,태안평천휴먼시아,충청남도 태안군 태안읍 동문리 59-1,지하주차장,36.750436,126.310383,24시간,1899-2100,2017-08-12
1233,동양라파크 아파트,경기도 고양시 일산서구 덕이동 467,101동 앞 지하주차장1층,37.69262457,126.7563973,24시간,1899-2100,2017-08-12
1359,중계경남롯데상아 아파트,"서울특별시 노원구 섬밭로 265 (중계동, 경남,롯데,상아아파트)",8동앞 지상주차장,37.638929,127.063001,24시간,1899-2100,2017-08-12
1291,위례자이아파트,경기도 성남시 수정구 창곡동 531,지하 2층 주차장,37.47031308,127.1389052,24시간,1899-2100,2017-08-12
1575,효자현대 아파트,전북특별자치도 전주시 완산구 효자동1가 용머리로 20,관리실 뒤 자율방범대 주차장,35.804198,127.111748,24시간  ※외부인 개방,1899-2100,2017-08-12
1432,송림진로 아파트,인천광역시 동구 송림동 94-11,지하주차장 지하1층 입구 왼편,37.469505,126.649021,미개방,1899-2100,2017-08-12
1438,청라한라비발디,인천광역시 서구 경서동 855-1,지하1층 B12,37.539377,126.638503,24시간,1899-2100,2017-08-12
1488,장자마을현대 아파트,충청북도 청주시 상당구 금천동 270,209동앞 지상주차장,36.63205143,127.5089876,24시간  ※외부인 개방,1899-2100,2017-08-12
1445,우보삼성 아파트,강원특별자치도 원주시 일산동 남산로 103,지하주차장 B2 구 관리실 앞,37.345776,127.940216,24시간,1899-2100,2017-08-12
1401,참이슬 아파트,경기도 시흥시 하중동 855,제3주차장 지하1층,37.394342,126.805516,24시간,1899-2100,2017-08-12
1271,대방성원 아파트,서울특별시 동작구 대방동 여의대방로44길 9,지하2층 모서리 공간,37.50973174,126.9259167,24,1899-2100,2017-08-12
1536,열매마을6단지 아파트,대전광역시 유성구 지족동 880,지하주차장,36.376607,127.320611,24시간,1899-2100,2017-08-12
1316,보네르빌리지,경기도 안산시 단원구 고잔동 778,B1F 105,37.30831398,126.8398656,24시간,1899-2100,2017-08-12
1343,수원아이파크시티4단지,경기도 수원시 권선구 권선동 1357,"지하2층 411동 4,5호 입구 부근",37.243085,127.028628,24시간,1899-2100,2017-08-12
1360,효성하이타운,서울특별시 도봉구 방학동 방학로11길 33,지히2층 9-10호 라인,37.661264,127.033065,24시간,1899-2100,2017-08-12
1267,잠실한양3차 아파트,서울특별시 송파구 방이동 양재대로 1089,지상주차장,37.505978,127.122973,24시간,1899-2100,2017-08-12
1482,오창중앙하이츠빌 아파트,충청북도 청주시 청원구 오창읍 각리 637-6,"B2 지하주차장 210동 3,4라인 앞 46,47,48 기둥 뒷공간",36.7092319,127.4245798,24시간  ※외부인 개방,1899-2100,2017-08-12
1395,시흥성원 아파트,경기도 시흥시 은행동 538-2,102동 앞 지상주차장,37.442978,126.799132,24시간,1899-2100,2017-08-12
1412,한강신도시이지더원 아파트,경기도 김포시 장기동 1626,지하1층주차장 블럭번호 A39,37.642981,126.665343,24시간,1899-2100,2017-08-12
1415,백송마을GS.SK 아파트,경기도 부천시 상동 571-3,지하주차장,37.49957,126.750607,24시간,1899-2100,2017-08-12
1305,수원장안STX KAN아파트,경기도 수원시 장안구 이목동 장안로 395,B2F 18,37.31427,126.982991,24시간,1899-2100,2017-08-12
1242,일산탄현신원1차 아파트,경기도 고양시 일산서구 일산동 2125,지하주차장 1층,37.68853675,126.7622174,24시간,1899-2100,2017-08-12
1299,광교오드카운티아파트,경기도 수원시 영통구 이의동 센트럴파크로 100,지하3층 주차장 D-33,37.292795,127.058457,24시간,1899-2100,2017-08-12
1503,용곡1차세광엔리치타워 아파트,충청남도 천안시 동남구 용곡동 571,아파트 구내 주차장 105동,36.780111,127.140005,24시간,1899-2100,2017-08-12
1562,익산 오페라하우스,전북특별자치도 익산시 부송동 242-12,지하 주차장 101동,35.957223,126.994534,24시간  ※외부인 개방,1899-2100,2017-08-12
1599,삼진목화 아파트,대구광역시 북구 읍내동 대천로9길 15,뒷편 지상주차장,35.93932,128.554255,24시간  ※외부인 개방,1899-2100,2017-08-12
1535,신안인스빌리베라,대전광역시 유성구 원신흥동 봉명로 48,지하주차장,36.343029,127.345181,24시간,1899-2100,2017-08-12
1556,호성진흥더블파크1단지 아파트,전북특별자치도 전주시 덕진구 호성동1가 829-4,"109동,110동 지하 주차장",35.86303449,127.1488551,24시간,1899-2100,2017-08-12
1324,인덕원대림2차아파트,경기도 안양시 동안구 평촌동 101,B1 B30,37.39158624,126.9770156,24시간  ※외부인 개방,1899-2100,2017-08-12
1456,현진에버빌 아파트,"강원특별자치도 삼척시 정상로 35 (정상동, 현진에버빌)",105동 지하1층 주차장,37.44486,129.174448,24시간,1899-2100,2017-08-12
1402,김포양곡휴먼시아1단지,경기도 김포시 양촌읍 양곡리 1249,"지하1층 주차장 101동, 102동",37.660297,126.636742,24시간,1899-2100,2017-08-12
1509,가락마을9단지 아파트,세종특별자치시 고운동 1408,b1층 주차장 52,36.511089,127.229423,24시간,1899-2100,2017-08-12
1284,개나리래미안 아파트,서울특별시 강남구 역삼동 역삼로 306,지하1층 104동 111기둥,37.49897682,127.046594,24시간,1899-2100,2017-08-12
1520,대덕마을5단지,충청남도 당진시 대덕동 1875,지상주차장 (503동 앞),36.88292197,126.644742,24시간  ※외부인 개방,1899-2100,2017-08-12
1529,대우꿈나무 아파트,대전광역시 서구 둔산동 908-1,관리사무소 정면지하주차장,36.360285,127.391733,24시간,1899-2100,2017-08-12
1579,대주 아파트,광주광역시 북구 운암동 110-11,(실내지하)주차장101동,35.17420372,126.8898315,24시간,1899-2100,2017-08-12
1375,갈산이안 아파트,인천광역시 부평구 갈산동 159,지하,37.517524,126.723057,24시간,1899-2100,2017-08-12
1410,청송현대홈타운1단지 아파트,경기도 김포시 장기동 1339,지하2층 블럭번호 D90(103동),37.650569,126.671034,24시간,1899-2100,2017-08-12
1597,복현푸르지오,대구광역시 북구 복현동 동북로 345,110동 지하 1층 주차장,35.89151,128.628705,24시간  ※외부인 개방,1899-2100,2017-08-12
1602,침산동2차쌍용예가,대구광역시 북구 침산동 성북로9길 12,지하 1층 G79,35.892642,128.589274,24시간  ※외부인 개방,1899-2100,2017-08-12
1224,금오2차신도브래뉴업 아파트,경기도 의정부시 금오동 344-17,208동 C08 지하주차장 1층,37.74790312,127.0555753,24시간,1899-2100,2017-08-12
1329,동탄2모아미래도아파트입주자대표회의,경기도 화성시 청계동 546,B2F Y57,37.20270415,127.1152404,24시간,1899-2100,2017-08-12
1533,둔산플러스주상복합 아파트,대전광역시 서구 둔산동 1047,지하주차장,36.351341,127.374621,24시간,1899-2100,2017-08-12
1374,삼선푸르지오 아파트,서울특별시 성북구 삼선동2가 425,"111동 지하3층 1,2호라인 13",37.58342,127.013815,24시간,1899-2100,2017-08-12
1430,문학호산 아파트,인천광역시 미추홀구 문학동 376-1,지하주차장 입구 옆,37.43752,126.682873,미개방,1899-2100,2017-08-12
1254,덕소건영 아파트,경기도 남양주시 와부읍 도곡리 1117,P1 주차장 지하1층,37.57572829,127.2229394,24시간  ※외부인 개방,1899-2100,2017-08-12
1385,송도더샵그린워크2차 아파트,인천광역시 연수구 송도동 17-3,지하1층 1102동 O-12,37.401343,126.64209,24시간,1899-2100,2017-08-12
1297,신촌휴먼시아1단지아파트,경기도 광명시 소하동 1363,B1F B116,37.4495076,126.8921225,24시간,1899-2100,2017-08-12
1306,우남퍼스트빌,경기도 수원시 영통구 매탄동 매탄로 82,B2F C3 완속02 D06,37.258294,127.043045,24시간,1899-2100,2017-08-12
1318,명지캐럿162,경기도 안양시 만안구 안양동 534-5,B2-1,37.38487033,126.9346704,24시간,1899-2100,2017-08-12
1283,천왕이펜하우스5단지,서울특별시 구로구 천왕동 천왕로 10,지하1층 14번 기둥,37.48072723,126.842163,24시간,1899-2100,2017-08-12
1247,탄현동성 아파트,경기도 고양시 일산서구 탄현동 1476,정문출입 후 802동지하주차장,37.69860418,126.7669721,24시간,1899-2100,2017-08-12
1362,은평뉴타운우물골6단지,서울특별시 은평구 진관동 81,지하2층 전기실,37.63517481,126.9237808,24시간(입주민전용),1899-2100,2017-08-12
1573,코오롱하늘채 아파트,"전북특별자치도 전주시 완산구 화산천변로 55 (중화산동2가, 코오롱하늘채아파트)",103동 지하주차장 내려와서 바로 좌.우,35.823155,127.115331,24시간  ※외부인 개방,1899-2100,2017-08-12
1526,노블레스3차 아파트,대전광역시 유성구 봉명동 640-8,지하주차장,36.358679,127.349459,24시간,1899-2100,2017-08-12
1567,하늘가1차 아파트,전북특별자치도 군산시 산북동 3589,지하 주차장,35.962933,126.679546,24시간,1899-2100,2017-08-12
1367,리첸시아용산B블록,서울특별시 용산구 원효로1가 백범로 341,지하5층,37.537949,126.96833,24시간,1899-2100,2017-08-12
1387,송도더샵하버뷰13단지,인천광역시 연수구 송도동 17-5,지하2층 1306동 F14,37.397673,126.645576,24시간,1899-2100,2017-08-12
1466,가경호반베르디움,충청북도 청주시 흥덕구 가경동 1759,지하2층주차장(210동_B25구역),36.62237861,127.4277732,24시간  ※외부인 개방,1899-2100,2017-08-12
1228,송내주공5단지,경기도 동두천시 송내동 696-3,관리사무소 옆 지상주차장,37.88407299,127.0537566,24시간,1899-2100,2017-08-12
1563,나운4차현대 아파트,전북특별자치도 군산시 나운동 109-6,404동 앞 지상 주차장,35.962779,126.703873,24시간  ※외부인 개방,1899-2100,2017-08-12
1429,동산휴먼시아1단지 아파트,인천광역시 동구 송림동 342,지하2층 12구역,37.476251,126.649061,미개방,1899-2100,2017-08-12
1522,채운공원휴먼빌,충청남도 당진시 채운동 1124,"지상주차장(103동, 관리사무소 앞)",36.89134826,126.621079,24시간,1899-2100,2017-08-12
1279,아크로리버파크,서울특별시 서초구 반포동 2-12,"지하1층 우회전 104동 4,5,6라인",37.50625164,126.9926712,24시간,1899-2100,2017-08-12
1278,반포리체 아파트,서울특별시 서초구 반포동 30-26,지하1층 101동,37.50446722,127.0124542,24시간,1899-2100,2017-08-12
1411,청송현대홈타운3단지 아파트,경기도 김포시 장기동 1312,지하2층 블럭번호 246(310동),37.648138,126.666124,24시간,1899-2100,2017-08-12
1285,삼성파크 아파트,서울특별시 강남구 삼성동 삼성로99길 14,지하1층,37.50921292,127.0538237,24시간,1899-2100,2017-08-12
1286,세곡리엔파크3단지,서울특별시 강남구 세곡동 헌릉로590길 11,지하주차장 B1층 302동 통로 11번 기둥,37.463952,127.104109,24시간,1899-2100,2017-08-12
1287,청담래미안로이뷰,서울특별시 강남구 청담동 영동대로142길 16,지하2층 전기실 앞,37.52475952,127.0562105,24시간,1899-2100,2017-08-12
1613,교대역월드메르디앙,대구광역시 남구 이천동 이천로19길 68,지하주차장(103동 앞),35.850974,128.596062,24시간  ※외부인 개방,1899-2100,2017-08-12
1425,청라중흥s-클래스1단지 아파트,인천광역시 서구 연희동 762-2,지하 1층 O61,37.538987,126.652307,24시간,1899-2100,2017-08-12
1511,범지기마을10단지,세종특별자치시 아름동 1277,주차장 2-2 지하1층,36.51674,127.250739,24시간,1899-2100,2017-08-12
1565,사정금호1차 아파트,전북특별자치도 군산시 사정동 421,103동 앞 지상 주차장,35.963687,126.744758,24시간  ※외부인 개방,1899-2100,2017-08-12
1525,갤러리빌4차,대전광역시 서구 둔산동 1141,지하주차장,36.345099,127.380292,24시간  ※외부인 개방,1899-2100,2017-08-12
1564,나운비사벌 아파트,전북특별자치도 군산시 나운동 153-11,101동 앞 지상 주차장,35.960126,126.698588,24시간  ※외부인 개방,1899-2100,2017-08-12
1494,제천장락롯데캐슬 아파트,충청북도 제천시 장락동 1046,106동 지하주차장 출입구 왼쪽,37.158283,128.222938,24시간,1899-2100,2017-08-12
1498,버드내마을 아파트2단지,대전광역시 중구 태평동 551,3주차장 지하,36.32059669,127.3906883,24시간,1899-2100,2017-08-12
1257,마석역신도브래뉴 아파트,경기도 남양주시 화도읍 마석우리 598,지하1층  A15구역,37.66119354,127.304559,24시간  ※외부인 개방,1899-2100,2017-08-12
1416,백송마을동남,경기도 부천시 상동 571-4,지하주차장,37.498426,126.750306,24시간,1899-2100,2017-08-12
1349,전농sk 아파트,서울특별시 동대문구 전농동 10,106동 지하주차장 1층,37.577205,127.061375,24시간,1899-2100,2017-08-12
1389,송도아트윈푸르지오,인천광역시 연수구 송도동 33-1,지하5층102동,37.392909,126.632565,24시간,1899-2100,2017-08-12
1394,에코메트로3차더타워 아파트,인천광역시 남동구 논현동 751-1,지하3층 60번기둥,37.399291,126.733161,24시간,1899-2100,2017-08-12
1600,센트로팰리스,대구광역시 중구 대봉동 대봉로 260,지하 2층 주차장,35.861874,128.601805,24시간  ※외부인 개방,1899-2100,2017-08-12
1499,신동아파밀리에 아파트,대전광역시 동구 홍도동 1003,103동 지하1층 주차장,36.34805965,127.4255593,24시간,1899-2100,2017-08-12
1560,정읍부영2차 아파트,전북특별자치도 정읍시 수성동 1027,202동 앞 관리사무소 옆 지상 주차장,35.582414,126.860663,24시간,1899-2100,2017-08-12
1593,태영2차 아파트,전라남도 광양시 중동 1682,(실외완전노출)201동 관리사무소 앞,34.93470619,127.6957197,24시간,1899-2100,2017-08-12
1225,신도8차 아파트,경기도 양주시 광사동 313-4,입구 오른쪽 지하주차장1층,37.79322432,127.0741121,24시간  ※외부인 개방,1899-2100,2017-08-12
1241,일산임광진흥 아파트,경기도 고양시 일산서구 탄현동 1634,110동 지하주차장 기둥번호118,37.70241978,126.7641056,24시간,1899-2100,2017-08-12
1544,라이프 아파트,전북특별자치도 전주시 덕진구 송천동1가 417,아파트 내 노인정 옆,35.859146,127.118398,24시간,1899-2100,2017-08-12
1490,중흥마을1단지,충청북도 청주시 상당구 용암동 2542,104-106동 사이 지하1층주차장,36.61921605,127.5112121,24시간  ※외부인 개방,1899-2100,2017-08-12
1373,무악현대 아파트,서울특별시 종로구 무악동 통일로 246-20,110동 지하2층주차장,37.575074,126.959929,24시간,1899-2100,2017-08-12
1391,송도자이하버뷰1단지,인천광역시 연수구 송도동 19-6,지하2층 D16번 기둥,37.395775,126.64086,24시간,1899-2100,2017-08-12
1615,본리2차롯데캐슬,대구광역시 달서구 본리동 대명천로 119,"지하주차장(203동 옆, G10)",35.838776,128.546124,24시간,1899-2100,2017-08-12
1251,후곡14단지청구 아파트,경기도 고양시 일산서구 일산동 1101,입구왼쪽 지하주차장,37.67719673,126.7717171,24시간,1899-2100,2017-08-12
1252,후곡18단지현대 아파트,경기도 고양시 일산서구 일산동 1090,1812동앞 지하주차장32번기둥,37.67442353,126.772514,24시간,1899-2100,2017-08-12
1259,평내상록데시앙 아파트,경기도 남양주시 평내동 592,1608동 지하2층,37.64644879,127.2393903,24시간  ※외부인 개방,1899-2100,2017-08-12
1260,화도효성해링턴플레이스,"경기도 남양주시 화도읍 경춘로2248번길 40 (월산리, 화도 효성해링턴 플레이스)",지하주차장 지하1층 09구역,37.65043734,127.3371368,24시간  ※외부인 개방,1899-2100,2017-08-12
1264,거여5단지 아파트,서울특별시 송파구 거여동 양산로4길 16,502동앞 주차장 지하1층,37.48920959,127.1449645,24시간,1899-2100,2017-08-12
1265,성내삼성 아파트,서울특별시 강동구 성내동 풍성로 128,"1단지 지하2층 67,68기둥",37.532049,127.126629,24시간,1899-2100,2017-08-12
1272,대우신림2차푸르지오,서울특별시 관악구 신림동 난곡로 66,전기실 옆 105동 지하1층,37.46106615,126.9198746,24시간,1899-2100,2017-08-12
1273,동작상떼빌 아파트,서울특별시 동작구 신대방동 신대방1가길 38,지하3층 103동 옆,37.48789955,126.9069377,24,1899-2100,2017-08-12
1276,신림쌍용 아파트,서울특별시 관악구 신림동 미성길 122,지하4층 전기실 옆,37.47282788,126.9121748,24시간,1899-2100,2017-08-12
1480,내수덕일한마음 아파트,충청북도 청주시 청원구 내수읍 은곡리 301,104동 지하1층주차장 좌측,36.708674,127.526019,24시간,1899-2100,2017-08-12
1491,증평대성베르힐,충청북도 증평군 증평읍 장동리 930,지하1층주차장 108동 0820,36.78990994,127.5891395,24시간  ※외부인 개방,1899-2100,2017-08-12
1446,코오롱하늘채 아파트,강원특별자치도 원주시 단계동 880,102동 103동 사이 전기실 뒷편,37.343545,127.928793,24시간,1899-2100,2017-08-12
1239,위시티블루밍5단지,경기도 고양시 일산동구 식사동 1565,P1 지하주차장 3층 503동 1.2 27B(파란색),37.67532708,126.8110761,24시간,1899-2100,2017-08-12
1245,주교벽산 아파트,경기도 고양시 덕양구 주교동 350-1,"지하주차장 진입 후, 아래층",37.66467685,126.8327213,24시간,1899-2100,2017-08-12
1523,중앙하이츠빌 아파트,충청남도 서산시 석림동 416-1,지하 주차장,36.76719553,126.467813,24시간,1899-2100,2017-08-12
1528,노은한화꿈에그린2단지,대전광역시 유성구 지족동 1093,입구 좌측 지하주차장,36.388108,127.303887,24시간,1899-2100,2017-08-12
1530,도안베르디움 아파트,"대전광역시 서구 원도안로 100 (도안동, 도안 베르디움)",지하2층,36.312456,127.346983,24시간,1899-2100,2017-08-12
1531,도안아이파크 아파트,대전광역시 서구 도안동 1362,1506동,36.32291117,127.3465065,24시간,1899-2100,2017-08-12
1534,상아 아파트,대전광역시 서구 만년동 1,제1지하주차장,36.370197,127.378621,24시간  ※외부인 개방,1899-2100,2017-08-12
1540,테크노7단지 아파트,대전광역시 유성구 관평동 892,지하 2층 702동,36.425185,127.385257,24시간,1899-2100,2017-08-12
1346,죽전1차힐데스하임,경기도 용인시 기흥구 보정동 1308,1지하주차장,37.3051464,127.1152036,24시간  ※외부인 개방,1899-2100,2017-08-12
1512,새샘마을9단지,세종특별자치시 소담동 325,지하2층 주차장 A-36,36.488559,127.298958,24시간,1899-2100,2017-08-12
1414,래미안부천중동,경기도 부천시 중동 1293-1,지하주차장,37.50782,126.775663,24시간,1899-2100,2017-08-12
1474,청주푸르지오캐슬 아파트1단지,충청북도 청주시 서원구 사직동 931,"지하1층(117동 입구, D03)",36.6320754,127.470266,24시간  ※외부인 개방,1899-2100,2017-08-12
1477,프리미엄뷰 아파트,충청북도 보은군 보은읍 이평리 148,102동 주차장,36.48432549,127.7261081,24시간  ※외부인 개방,1899-2100,2017-08-12
1478,LH쌍용예가 아파트,충청북도 음성군 맹동면 사예로 20,지하 2층 B25구역 주차 4면,36.91187,127.539128,24시간  ※외부인 개방,1899-2100,2017-08-12
1436,청라린스트라우스 아파트,인천광역시 서구 연희동 797-1,지하1층 O27,37.535084,126.652468,24시간,1899-2100,2017-08-12
1614,동화로즈빌,대구광역시 달서구 죽전동 죽전1길 81,지하주차장(102-103동 사이),35.853284,128.539123,24시간,1899-2100,2017-08-12
1356,수락산벨리체아파트,서울특별시 노원구 상계동 1265,"104,105동 사이 지상주차장",37.681033,127.05576,24시간,1899-2100,2017-08-12
1447,양구 보배 아파트,강원특별자치도 양구군 양구읍 정림리 177,관리사무소 옆 놀이터 앞 주차장,38.100673,127.983005,24시간,1899-2100,2017-08-12
1261,힐스테이트황금산,경기도 남양주시 지금동 129-65,지하주차장 지하3층 113동 E19구,37.60822142,127.1636373,24시간  ※외부인 개방,1899-2100,2017-08-12
1243,일산탄현신원2차 아파트,경기도 고양시 일산서구 일산동 2121,지하주차장 1층,37.68780078,126.7626414,24시간,1899-2100,2017-08-12
1467,개신삼익1차 아파트,충청북도 청주시 서원구 개신동 1-1,지상주차장(105동 앞),36.62700746,127.466987,24시간  ※외부인 개방,1899-2100,2017-08-12
1476,하복대벽산 아파트,충청북도 청주시 흥덕구 복대동 2606,"105동 3,4호앞 지하1층주차장 49",36.63564547,127.4247386,24시간  ※외부인 개방,1899-2100,2017-08-12
1484,율량대원칸타빌4차 아파트,충청북도 청주시 청원구 율량동 2246,지하2층주차장 802동 B06,36.661424,127.50557,24시간,1899-2100,2017-08-12
1493,음성금광포란재 아파트,충청북도 음성군 음성읍 신천리 149,104-107동 사이 지하1층 D23,36.920242,127.686863,24시간  ※외부인 개방,1899-2100,2017-08-12
1464,"한양2,3차 아파트",강원특별자치도 동해시 천곡동 794,32동 뒤편 주차장,37.5271469,129.1063793,24시간,1899-2100,2017-08-12
1409,청구한라 아파트,경기도 김포시 북변동 815,지하1층 주차장 블럭B03 (205동,37.621318,126.719215,24시간,1899-2100,2017-08-12
1465,(봉명)두진하트리움 아파트,충청북도 청주시 흥덕구 봉명동 2758,지하주차장 좌측 코너,36.65192717,127.4579113,24시간  ※외부인 개방,1899-2100,2017-08-12
1506,아산장재마을휴먼시아,충청남도 아산시 배방읍 장재리 1844,지하주차장,36.787336,127.111165,24시간,1899-2100,2017-08-12
1517,당진1차푸르지오,충청남도 당진시 읍내동 1451,"지하주차장 (30번기둥, 108동 앞",36.89904786,126.6258361,24시간,1899-2100,2017-08-12
1539,큰마을 아파트,대전광역시 서구 갈마동 1418,지상주차장,36.345114,127.376451,24시간  ※외부인 개방,1899-2100,2017-08-12
1568,서곡청솔 아파트,전북특별자치도 전주시 완산구 효자동3가 1483-1,106동 뒤 지상 주차장,35.831995,127.100474,24시간  ※외부인 개방,1899-2100,2017-08-12
1582,대성사랑으로,전라남도 목포시 석현동 1074,(실내지하)P3주차장 18,34.818997,126.422224,24시간,1899-2100,2017-08-12
1583,목포옥암부영애시앙2차 아파트,전라남도 목포시 옥암동 1144,(실내지하)P3 주차장 18,34.80967981,126.434406,24시간,1899-2100,2017-08-12
1589,나주혁신중흥S클래스센트럴1차,"전라남도 나주시 우정로 77 (빛가람동, 빛가람 중흥S-CLASS센트럴1차)",지하 주차장(A51),35.024101,126.788261,24시간,1899-2100,2017-08-12
1591,신월대주 아파트,전라남도 여수시 신월동 1-4,(실외완전노출)102동 뒷편 화단 내,34.72831125,127.7121122,24시간,1899-2100,2017-08-12
1595,금호신도시서한이다음,대구광역시 북구 사수동 한강로 17,지하 1층 A39구역,35.898005,128.511182,24시간  ※외부인 개방,1899-2100,2017-08-12
1444,반곡아이파크 아파트,강원특별자치도 원주시 반곡동 늘품로 199,"지하주차창 112동, 115동 사이",37.335358,127.963652,24시간,1899-2100,2017-08-12
1453,동화3차 아파트,강원특별자치도 삼척시 남양동 338,지하주차장,37.44198836,129.1690649,24시간,1899-2100,2017-08-12
1610,삼주봉황4차타운,경상북도 경산시 진량읍 북리 100,503동 505동 지하주차장 1층,35.88332856,128.8259126,24시간  ※외부인 개방,1899-2100,2017-08-12
1497,버드내마을,대전광역시 중구 태평동 422-7,147 지하1층 주차장,36.31835001,127.3892087,24시간,1899-2100,2017-08-12
1443,무실세영리첼1차 아파트,강원특별자치도 원주시 무실동 1861-1,"지하주차장 102동, 103동 사이",37.329315,127.926818,24시간,1899-2100,2017-08-12
1448,포미재 아파트,강원특별자치도 양구군 양구읍 상리 559,주차장,38.108168,127.991974,24시간,1899-2100,2017-08-12
1459,현대1차 아파트,강원특별자치도 속초시 교동 618-10,관리사무소 앞 주차장,38.207195,128.573201,24시간,1899-2100,2017-08-12
1470,산남푸르지오,충청북도 청주시 서원구 산남동 679,"지하2층주차장(108동14f,15f)",36.608075,127.464497,24시간  ※외부인 개방,1899-2100,2017-08-12
1546,명성강변 아파트,전북특별자치도 전주시 덕진구 덕진동2가 450-2,101동 앞 지상 주차장,35.839347,127.115743,24시간,1899-2100,2017-08-12
1554,진북우성 아파트,전북특별자치도 전주시 덕진구 진북동 416,113동 지하 주차장(구역 32 . 49),35.830883,127.133964,24시간  ※외부인 개방,1899-2100,2017-08-12
1555,호성동동아 아파트,전북특별자치도 전주시 덕진구 호성동1가 826,105동 쪽 지하 주차장,35.860031,127.152543,24시간  ※외부인 개방,1899-2100,2017-08-12
1558,시기현대 아파트,전북특별자치도 정읍시 시기동 506-14,101동 앞 지상 주차장,35.560666,126.850827,24시간,1899-2100,2017-08-12
1559,유창파크맨션2차,전북특별자치도 정읍시 시기동 490-1,202동 옆 지상 주차장,35.559774,126.846988,24시간,1899-2100,2017-08-12
1561,정읍상동엘지 아파트,전북특별자치도 정읍시 상동 319-15,지하 주차장,35.561181,126.865981,24시간,1899-2100,2017-08-12
1275,신림동부센트레빌,서울특별시 관악구 신림동 미성3길 16,101동 지하 1층 창고 좌측,37.47295325,126.9160635,24,1899-2100,2017-08-12
1334,쌍령2차현대모닝사이드,경기도 광주시 쌍령동 360-1,202동 지하2층 주차장,37.39788963,127.2799728,24시간,1899-2100,2017-08-12
1418,부천원미풍림 아파트,경기도 부천시 원미동 114-1,지하주차장,37.491554,126.792139,24시간,1899-2100,2017-08-12
1422,청라SK뷰,인천광역시 서구 경서동 973-3,지하 2층 J10,37.52668,126.631167,24시간,1899-2100,2017-08-12
1424,청라자이 아파트,인천광역시 서구 연희동 811-1,지하 1층 B18,37.527944,126.656975,24시간,1899-2100,2017-08-12
1431,바흐카운티,인천광역시 동구 송림동 230-6,지하3층 입구,37.473405,126.640095,미개방,1899-2100,2017-08-12
1433,송림휴먼시아1단지 아파트,인천광역시 동구 송림동 341,103동주차장 지하2층 44-45구역,37.479475,126.651651,미개방,1899-2100,2017-08-12
1435,청라더샵레이크파크,인천광역시 서구 경서동 952-1,지하1층 O18,37.530443,126.637499,24시간,1899-2100,2017-08-12
1440,영종힐스테이트,인천광역시 중구 중산동 1887-2,아파트 지하주차장,37.491879,126.565593,24시간,1899-2100,2017-08-12
1538,전원 아파트,대전광역시 서구 월평동 312,지하주차장,36.358848,127.365217,24시간  ※외부인 개방,1899-2100,2017-08-12
1578,제일풍경채에듀파크2차,광주광역시 남구 행암동 562,(실내지하)B46과 D006기둥사이3,35.101499,126.887073,24시간,1899-2100,2017-08-12
1586,나주1차대방노블랜드 아파트,"전라남도 나주시 대호길 76-8 (대호동, 대방노블랜드1차아파트)",지하 주차장(A32),35.044292,126.718251,24시간,1899-2100,2017-08-12
1542,동국해성,전북특별자치도 전주시 덕진구 진북동 1034-1,101동 옆 지하 주차장,35.826021,127.133487,24시간  ※외부인 개방,1899-2100,2017-08-12
1596,반월당삼정그린코아,대구광역시 중구 남산동 중앙대로67길 10,지하 3층 주차장,35.863534,128.59218,24시간  ※외부인 개방,1899-2100,2017-08-12
1372,한강대우,서울특별시 용산구 이촌동 이촌로 181,4주차장 지하주차장1층,37.522509,126.970087,24시간,1899-2100,2017-08-12
1280,개봉영화 아파트,서울특별시 구로구 개봉동 475,지하1층 102동 54번 기둥 뒤,37.49639327,126.860228,24시간,1899-2100,2017-08-12
1282,천왕이펜하우스2단지,서울특별시 구로구 천왕동 천왕로 92,지하2층 주차장 42번기둥,37.48523036,126.8380876,24시간,1899-2100,2017-08-12
1369,메세나폴리스 아파트,서울특별시 마포구 양화로 45,지하주차장 7층,37.551047,126.913787,24시간,1899-2100,2017-08-12
1390,송도에듀포레푸르지오,인천광역시 연수구 송도동 191-4,지하1층 202동 93 연두색기둥,37.374745,126.660188,24시간,1899-2100,2017-08-12
1392,송도푸르지오하버뷰,인천광역시 연수구 송도동 19-5,지하2층 B16번 기둥,37.397951,126.640049,24시간,1899-2100,2017-08-12
1396,숲속마을 아파트,경기도 시흥시 장곡동 807,지하2층주차장 전기실 옆,37.377997,126.780858,24시간,1899-2100,2017-08-12
1399,신명 아파트,경기도 시흥시 은행동 538-1,102동 앞 지하주차장 입구,37.442992,126.798384,24시간,1899-2100,2017-08-12
1403,김포양곡휴먼시아2단지,경기도 김포시 양촌읍 양곡리 1247,"지하1층 주차장 206동, 207동",37.661196,126.636172,24시간,1899-2100,2017-08-12
1404,김포풍년마을신일 아파트,경기도 김포시 북변동 812,관리실앞 지하주차장 입구 옆 지상주차,37.622809,126.717749,24시간,1899-2100,2017-08-12
1408,일성트루엘타운하우스,경기도 김포시 운양동 1294-2,지하2층 블럭번호 C35(202동),37.652906,126.689912,24시간,1899-2100,2017-08-12
1295,하남라인아파트,경기도 하남시 덕풍동 336-40,지하2층 주차장 계단옆,37.54477779,127.1993336,24시간,1899-2100,2017-08-12
1400,은행동풍림아이원 아파트,경기도 시흥시 은행동 250-5,101동 지하1층 D11구역,37.433243,126.797462,24시간,1899-2100,2017-08-12
1407,은여울마을경남아너스빌 아파트,경기도 김포시 마산동 639-8,지하1층 블럭번호 F17(207동),37.637407,126.637782,24시간,1899-2100,2017-08-12
1268,풍납쌍용,서울특별시 송파구 풍납동 올림픽로47길 9,102동 지하1층 주차장,37.527721,127.1181,24시간,1899-2100,2017-08-12
1406,유현마을현대프라임빌,경기도 김포시 풍무동 759,"지하1층 블럭번호 F17(207동,",37.598729,126.727832,24시간,1899-2100,2017-08-12
1331,신안인스빌리베라2차아파트,경기도 화성시 청계동 547,B2F C61,37.20081603,127.1165832,24시간,1899-2100,2017-08-12
1303,매탄성일아파트,경기도 수원시 영통구 매탄동 인계로 239,204~205동 사이 지상주차장,37.265004,127.044992,24시간  ※외부인 개방,1899-2100,2017-08-12
1298,광교레이크파크수자,경기도 수원시 영통구 하동 1027,지하 2층 주차장,37.28052454,127.071161,24시간,1899-2100,2017-08-12
1301,광교호수마을 참누리레이크,경기도 수원시 영통구 하동 법조로 134,지하2층 주차장,37.290451,127.072577,24시간,1899-2100,2017-08-12
1380,더샵퍼스트월드,인천광역시 연수구 송도동 4-1,지하2층 C14,37.390832,126.649775,24시간,1899-2100,2017-08-12
1294,미사강변센트리버,경기도 하남시 선동 436,지하1층 주차장,37.57380546,127.1832541,24시간,1899-2100,2017-08-12
1426,하나리아벨주상복합,경기도 부천시 심곡동 800,지하주차장 1층,37.488109,126.786998,24시간,1899-2100,2017-08-12
1323,안양경남아너스빌아파트,경기도 안양시 만안구 안양동 78,B1F,37.40613153,126.9200947,24시간  ※외부인 개방,1899-2100,2017-08-12
1304,살구골동아서광성지진덕아파트,경기도 수원시 영통구 영통동 봉영로 1526,717~718동 사이 B1F,37.24852026,127.0696429,24시간,1899-2100,2017-08-12
1580,무등산이스토리,광주광역시 북구 두암동 1001,(실내지하)102동지하주차장(27),35.16120949,126.940956,24시간,1899-2100,2017-08-12
1313,평택롯데캐슬아파트,경기도 평택시 서정동 1121,113동 B1F,37.0600121,127.0602789,24시간,1899-2100,2017-08-12
1322,석수아이파크,경기도 안양시 만안구 석수동 794,B2F 18,37.40628804,126.9014709,24시간  ※외부인 개방,1899-2100,2017-08-12
1293,덕풍쌍용아파트,경기도 하남시 덕풍동 537-1,제2주차장 지하 1층,37.53309577,127.1992464,24시간,1899-2100,2017-08-12
1338,장지현대아파트,경기도 광주시 장지동 692-61,105동 106동 사이 지하1층 주차장,37.39272186,127.2342055,24시간,1899-2100,2017-08-12
1347,푸른마을푸르지오아파트,경기도 용인시 수지구 성복동 741,B1 42,37.31634902,127.0795458,24시간,1899-2100,2017-08-12
1348,흥덕마을7단지힐스테이트 아파트,경기도 용인시 기흥구 영덕동 969,B1F C10,37.27965833,127.0734393,24시간,1899-2100,2017-08-12
1353,공릉동부 아파트,서울특별시 노원구 공릉동 공릉로 206,104동 뒷편 지상,37.628002,127.078863,24시간,1899-2100,2017-08-12
1220,현대성우3단지,경기도 양평군 강상면 병산리 1207,304동 지하1층 주차장,37.488231,127.473736,24시간,1899-2100,2017-08-12
1221,모아미래도 아파트,경기도 남양주시 별내동 899,2305동 지하1층 72구역 주차면,37.66230721,127.1272841,24시간,1899-2100,2017-08-12
1222,별사랑마을2-2단지,경기도 남양주시 별내동 905,지하1층 2번 기둥 옆,37.66051185,127.1254059,24시간,1899-2100,2017-08-12
1223,신일유토빌 아파트,경기도 남양주시 별내동 별내4로 63,3408동 지하2층 c28면 주차면,37.6485486,127.1157258,24시간,1899-2100,2017-08-12
1234,산들5단지동문 아파트,경기도 고양시 일산서구 일산동 1670,오른쪽 제2주차장,37.68160267,126.7754141,24시간,1899-2100,2017-08-12
1358,쌍문염광 아파트,서울특별시 도봉구 쌍문동 우이천로30길 28,지하2층 들어가서 좌측 편,37.648687,127.026106,24시간,1899-2100,2017-08-12
1311,청북풍림아이원,경기도 평택시 청북읍 옥길리 1144,104동 B1F 40,37.023588,126.919531,24시간,1899-2100,2017-08-12
1314,그린빌7단지,경기도 안산시 단원구 고잔동 776,B1F 좌측,37.3086457,126.8336976,24시간,1899-2100,2017-08-12
1315,네오빌6단지아파트,경기도 안산시 단원구 고잔동 767,B1F A14,37.31069907,126.8342073,24시간,1899-2100,2017-08-12
1325,초원대원아파트,경기도 안양시 동안구 평촌동 898-6,B1F D11,37.38858296,126.9668105,24시간  ※외부인 개방,1899-2100,2017-08-12
1290,성남 도촌섬마을1단지,경기도 성남시 중원구 도촌동 700,101동 지상주차장,37.41363925,127.1477755,24시간,1899-2100,2017-08-12
1292,위례호반베르디움,경기도 성남시 수정구 창곡동 515,지하 4층 주차장,37.47267432,127.152385,24시간,1899-2100,2017-08-12
1662,테크노폴리스진아리채,대구광역시 달성군 유가면 테크노대로5길 79,"지하주차장(104동 옆, A32)",35.69627,128.464332,24시간  ※외부인 개방,1899-2100,2017-08-12
1665,모전현대 아파트,경상북도 문경시 시청3길 10,지상주차장(북측 후문 옆),36.589021,128.188508,24시간,1899-2100,2017-08-12
1726,명륜쌍용예가,부산광역시 동래구 명륜동 753,지하주차장,35.21013589,129.0804881,24시간,1899-2100,2017-08-12
1731,문수데시앙2단지,울산광역시 울주군 청량읍 율리 1476-1,201동 B1 A-01,35.52659706,129.2428023,24시간,1899-2100,2017-08-12
1733,에일린의뜰3차,울산광역시 중구 유곡동 271-2,307동 C-02,35.56465792,129.3044059,24시간,1899-2100,2017-08-12
1736,동아2차 아파트,경상남도 김해시 내동 1125-3,지하주차장(323동5~6라인),35.23819316,128.8659303,24시간  ※외부인 개방,1899-2100,2017-08-12
1773,도남2차e-편한세상,제주특별자치도 제주시 도남동 서광로22길 32,주차장,33.49764295,126.5222667,24시간,1899-2100,2017-08-12
1692,현진에버빌3차 아파트,경상북도 안동시 강남1길 98-23,지상주차장(302-304동 사이),36.548326,128.731772,24시간  ※외부인 개방,1899-2100,2017-08-12
1691,현진에버빌2차 아파트,경상북도 안동시 강남5길 112,지하주차장(지하우측),36.550768,128.729373,24시간  ※외부인 개방,1899-2100,2017-08-12
1678,신암뜨란채,"대구광역시 동구 아양로7길 12 (신암동, 신암뜨란채)",103동 지하 1층 주차장,35.883673,128.617472,24시간,1899-2100,2017-08-12
1689,용상6주공본가타운,경상북도 안동시 경동로 977-5,지상주차장(608동 북측),36.554657,128.76162,24시간  ※외부인 개방,1899-2100,2017-08-12
1784,삼아 아파트,제주특별자치도 서귀포시 동홍동 태평로 536,삼아아파트 뒷쪽 주차장,33.25182276,126.5744651,24시간  ※외부인 개방,1899-2100,2017-08-12
1712,모라벽산 아파트,부산광역시 사상구 모라동 203,101동 지하 1층,35.19117995,128.9939096,24시간  ※외부인 개방,1899-2100,2017-08-12
1702,양정현대1차,부산광역시 부산진구 양정동 458-5,"8,9동 지하 2층",35.17313146,129.06297,24시간,1899-2100,2017-08-12
1723,구서동쌍용예가1단지 아파트,부산광역시 금정구 구서동 1053,지하2층 주차장 B30,35.24637018,129.0849376,24시간,1899-2100,2017-08-12
1730,동원로얄듀크2차 아파트,울산광역시 중구 유곡동 215,B1 / 18~19,35.56168068,129.2932047,24시간,1899-2100,2017-08-12
1769,광덕 아파트,제주특별자치도 제주시 건입동 사라봉1길 50,주차장,33.51463885,126.5411081,24시간,1899-2100,2017-08-12
1776,방선문6차빌리지,제주특별자치도 제주시 아라일동 아란1길 28-1,주차장,33.47516491,126.5395519,24시간,1899-2100,2017-08-12
1674,시지4차태왕레전드,"대구광역시 수성구 달구벌대로645길 22 (매호동, 시지우방하이츠)",106동 지하주차장,35.830691,128.709442,24시간,1899-2100,2017-08-12
1695,무양지엘리베라움,경상북도 상주시 봉양1길 126,"지상주차장(104동 북측, 후문 옆)",36.42570109,128.1569972,24시간,1899-2100,2017-08-12
1729,연산선경 아파트,부산광역시 연제구 연산동 2235-4,지하주차장,35.17634413,129.1102896,24시간,1899-2100,2017-08-12
1740,율현마을주공13단지 아파트,경상남도 김해시 율하동 1403,지하주차장(1308~1309동사이),35.16816866,128.8208242,24시간  ※외부인 개방,1899-2100,2017-08-12
1742,화정마을아이파크가야,경상남도 김해시 삼계동 1439-5,지하2층주차장(406동앞),35.2654048,128.8708659,24시간  ※외부인 개방,1899-2100,2017-08-12
1743,고촌LH 아파트,부산광역시 기장군 철마면 고촌리 684,아파트 지하,35.23713447,129.1699467,24시간  ※외부인 개방,1899-2100,2017-08-12
1744,기장우신네오빌,부산광역시 기장군 기장읍 청강로 76,아파트 지하주차장,35.23841586,129.2230534,24시간,1899-2100,2017-08-12
1749,엘크루솔마레 아파트,부산광역시 강서구 명지동 3235,106동 지하1층,35.08174166,128.8965956,24시간,1899-2100,2017-08-12
1754,해운동성아파트,경상남도 창원시 마산합포구 해운동 59,지하1층주차장,35.183201,128.56365,24시간,1899-2100,2017-08-12
1759,사천리가 아파트,경상남도 사천시 사남면 월성1길 89,104동앞 지하1층주차장(G122기둥),35.063032,128.077074,24시간  ※외부인 개방,1899-2100,2017-08-12
1767,청명화이트빌,경상남도 거제시 양정동 989-5,3동앞 지상주차장,34.89139962,128.6335051,24시간  ※외부인 개방,1899-2100,2017-08-12
1775,미듬하나로 아파트,제주특별자치도 제주시 도련일동 삼봉로 115-1,주차장,33.51103837,126.5900983,24시간,1899-2100,2017-08-12
1778,아라하임,제주특별자치도 제주시 아라이동 1374-1,주차장,33.48524281,126.5451539,24시간,1899-2100,2017-08-12
1782,제주이도한일베라체 아파트,제주특별자치도 제주시 이도이동 1956,주차장,33.4929984,126.5473412,24시간,1899-2100,2017-08-12
1783,파인그로브,제주특별자치도 제주시 연동 484,주차장,33.47815338,126.4997352,24시간,1899-2100,2017-08-12
1696,상주우방타운1차,경상북도 상주시 복룡3길 7,지상주차장(103-106동 사이),36.41691436,128.1718682,24시간  ※외부인 개방,1899-2100,2017-08-12
1700,가아KT-e편한세상,부산광역시 부산진구 가야동 698,지하2층 주차장 전기실 인근,35.15464703,129.0337614,24시간  ※외부인 개방,1899-2100,2017-08-12
1704,센텀동부센트레빌,부산광역시 해운대구 재송동 380-1,전기실(지하) 인접 주차장,35.18329354,129.1239549,24시간,1899-2100,2017-08-12
1715,엄궁대림 아파트,부산광역시 사상구 엄궁동 669-2,103동 지하 1층,35.12893583,128.9781876,24시간  ※외부인 개방,1899-2100,2017-08-12
1718,율리벽산블루밍,부산광역시 북구 금곡동 1915,103동 지하 1층,35.24894797,129.0139504,24시간,1899-2100,2017-08-12
1720,학장삼성2차 아파트,부산광역시 사상구 학장동 574-57,관리사무소 앞 지하주차장,35.14049265,128.9836938,24시간  ※외부인 개방,1899-2100,2017-08-12
1722,거제동일동미라주리버 아파트,부산광역시 연제구 거제동 1515,지하1층 103동 출입구옆,35.19493646,129.083666,24시간,1899-2100,2017-08-12
1644,미리샘마을,대구광역시 달서구 도원동 한실로 134,지하주차장(201-208동 사이),35.805211,128.540946,24시간,1899-2100,2017-08-12
1654,성서청남타운,대구광역시 달서구 이곡동 성서서로 330,지하주차장(105-106동 사이),35.85458,128.501129,24시간,1899-2100,2017-08-12
1659,진천코오롱하늘채,대구광역시 달서구 진천동 상화로 65,지하주차장(지하2층 입구앞),35.808533,128.521287,24시간  ※외부인 개방,1899-2100,2017-08-12
1660,테크노폴리스반도유보라,대구광역시 달성군 유가면 테크노대로 195,지하주차장(104동 옆),35.689698,128.469387,24시간  ※외부인 개방,1899-2100,2017-08-12
1694,원호한누리타운2블록,경상북도 구미시 고아읍 문장로22길 40,지상주차장(204동 동측),36.15323,128.33386,24시간,1899-2100,2017-08-12
1716,엄궁쌍용스윗닷홈 아파트,부산광역시 사상구 엄궁동 680-2,106동 지하 2층,35.12503257,128.9766014,24시간,1899-2100,2017-08-12
1690,태화현대 아파트,경상북도 안동시 광명로 227,지상주차장(관리사무소 앞),36.565211,128.706997,24시간  ※외부인 개방,1899-2100,2017-08-12
1741,장유e그린타운2차부영,경상남도 김해시 삼문동 583-7,지하주차장(1002~1003동사이),35.19077343,128.8086248,24시간  ※외부인 개방,1899-2100,2017-08-12
1629,상도코아루센트럴하임,"경상북도 포항시 남구 상도남로 25 (상도동, 포항 상도 코아루 센트럴 하임)",101동지하주차장,36.009007,129.345097,24시간  ※외부인 개방,1899-2100,2017-08-12
1711,덕포경동메르빌 아파트,부산광역시 사상구 덕포동 793,202동 지하 1층,35.1709542,128.9901757,24시간,1899-2100,2017-08-12
1676,시지우방하이츠,대구광역시 수성구 매호동 1033,101동 지하주차장,35.8414089,128.7112917,24시간,1899-2100,2017-08-12
1669,범물우방미진하이츠,"대구광역시 수성구 지범로 290 (범물동, 범물우방미진아파트)",106동 지하주차장,35.81433,128.647874,24시간,1899-2100,2017-08-12
1675,시지5차월드하이츠,"대구광역시 수성구 욱수천로 7 (욱수동, 태왕월드하이츠아파트)",103동 지하주차장,35.829343,128.709307,24시간,1899-2100,2017-08-12
1682,율하휴먼시아12단지,"대구광역시 동구 금호강변로 315 (율하동, 율하 휴먼시아12단지)",1202동 지하 1층 41구역,35.861308,128.697344,24시간,1899-2100,2017-08-12
1709,다대현대 아파트,부산광역시 사하구 다대동 120-1,110동 지하2층 주차장45번~49번,35.06147996,128.9793116,24시간,1899-2100,2017-08-12
1679,아이프라임시지,"대구광역시 수성구 달구벌대로 3110 (시지동, 아이프라임 시지)",101동 B1 134구역,35.841984,128.696648,24시간,1899-2100,2017-08-12
1724,구서유림노르웨이아침 아파트,부산광역시 금정구 구서동 420-12,지하주차장,35.24490321,129.0927607,24시간,1899-2100,2017-08-12
1755,현동중흥S클래스프라디움 2차,경상남도 창원시 마산합포구 현동 606,지하1층주차장 203동쪽 B-21기둥,35.144741,128.555894,24시간,1899-2100,2017-08-12
1626,중흥S클래스프라디움,경상북도 김천시 혁신6로 57,지하주차장(103동 옆),36.125145,128.188049,24시간  ※외부인 개방,1899-2100,2017-08-12
1681,웰리치시지,대구광역시 수성구 욱수동 246,103동 지하 1층,35.833707,128.710297,24시간,1899-2100,2017-08-12
1620,용산청구블루빌타운,대구광역시 달서구 용산동 용산로 254,지하주차장(105동 남측),35.859465,128.531368,24시간,1899-2100,2017-08-12
1625,엠코타운더플레닛,경상북도 김천시 용전1로 9,지하주차장(103동 북측),36.118202,128.185669,24시간  ※외부인 개방,1899-2100,2017-08-12
1630,양학산KCC스위첸 아파트,경상북도 포항시 북구 용흥동 641,109동 지하 1층 주차장,36.02996,129.353603,24시간  ※외부인 개방,1899-2100,2017-08-12
1633,이동경성골드,"경상북도 포항시 남구 대이로 160 (이동, 경성골드아파트)",지하주차장,36.028749,129.340074,24시간  ※외부인 개방,1899-2100,2017-08-12
1634,창포아이파크1차,경상북도 포항시 북구 두호동 1103-3,104동 지하주차장 2층 40구역,36.063564,129.372832,24시간  ※외부인 개방,1899-2100,2017-08-12
1639,대곡주공9단지아람마을,대구광역시 달서구 도원동 한실로 30,지상주차장(901동-상가 사이),35.806931,128.530149,24시간,1899-2100,2017-08-12
1640,대구월배2차IPARK,대구광역시 달서구 유천동 월배로5길 76,지하주차장(216동 옆),35.818176,128.512539,24시간,1899-2100,2017-08-12
1786,서귀포혁신LH2단지,제주특별자치도 서귀포시 서호동 서호남로 92-16,후문주차장 오른쪽,33.2480065,126.5198351,24시간  ※외부인 개방,1899-2100,2017-08-12
1772,대유대림 아파트,제주특별자치도 제주시 일도이동 남광로 181,주차장,33.50314057,126.5516208,24시간,1899-2100,2017-08-12
1651,성서1차영남우방타운,대구광역시 달서구 용산동 성지로 11,"지하주차장(102-105동 사이, 관리사무소 밑)",35.854369,128.51704,24시간,1899-2100,2017-08-12
1765,한선파라디움,경상남도 통영시 광도면 죽림리 1578-2,관리사무소 옆 지상주차장,34.8783047,128.4173837,24시간  ※외부인 개방,1899-2100,2017-08-12
1621,경북혁신LH천년나무2단지,경상북도 김천시 혁신4로 72,지하주차장(203-204동 사이),36.119791,128.190064,24시간  ※외부인 개방,1899-2100,2017-08-12
1693,화성 아파트,경상북도 안동시 퇴계로 259,지상주차장(아파트북측 바깥),36.580466,128.733054,24시간  ※외부인 개방,1899-2100,2017-08-12
1622,골드클래스,경상북도 김천시 혁신2로 76,"지하주차장(104-105동 사이, C18)",36.118627,128.180776,24시간  ※외부인 개방,1899-2100,2017-08-12
1688,옥동휴먼시아8단지,경상북도 안동시 옥서1길 90,지상주차장(804-805동 사이),36.56248,128.691266,24시간,1899-2100,2017-08-12
1684,태왕메트로시티,"대구광역시 동구 동북로 500 (효목동, 태왕메트로시티)",115동 지하2층,35.880112,128.638707,24시간,1899-2100,2017-08-12
1627,혁신영무예다음1차 아파트,경상북도 김천시 혁신8로 66,지하주차장(103동 옆),36.126249,128.188547,24시간  ※외부인 개방,1899-2100,2017-08-12
1734,양산서창대동이미지타운1단지,경상남도 양산시 삼호동 169,103동 후면 주차장(입구 맞은편) 옹벽쪽 주차장 나면,35.41657517,129.1792009,24시간,1899-2100,2017-08-12
1713,모라삼정그린코아,부산광역시 사상구 모라동 334,101-102동 사이 지하주차장,35.18893544,128.9936176,24시간  ※외부인 개방,1899-2100,2017-08-12
1687,신성미소시티주상복합 아파트,대구광역시 중구 계산동2가 달구벌대로 2051,지하 5층 주차장,35.866984,128.588592,24시간  ※외부인 개방,1899-2100,2017-08-12
1745,대연경동메르빌,부산광역시 남구 대연동 252-1,지하주차장,35.15096962,129.0911636,24시간,1899-2100,2017-08-12
1752,LH그린품애,경상남도 창원시 마산합포구 현동 620,지하1층주차장 들어가서 611동입구 대각선방향,35.140199,128.558617,24시간,1899-2100,2017-08-12
1770,노형하이어스,제주특별자치도 제주시 노형동 광평서길 22,주차장,33.47721697,126.4650179,24시간,1899-2100,2017-08-12
1717,엄궁코오롱 아파트,부산광역시 사상구 엄궁동 680-1,10-12동 사이 6 주차장 지하2층,35.12607562,128.9782895,24시간  ※외부인 개방,1899-2100,2017-08-12
1785,서귀포혁신LH1단지,제주특별자치도 서귀포시 서호동 서호남로 92-15,후문 주차장 왼쪽,33.24958642,126.5236552,24시간  ※외부인 개방,1899-2100,2017-08-12
1748,명지위브포세이돈,부산광역시 강서구 명지동 3234,지하주차장,35.08399968,128.8967356,24시간,1899-2100,2017-08-12
1698,상주함창LH천년나무2단지 아파트,경상북도 상주시 함창읍 구향4길 15,지하주차장(202동 아래),36.57225214,128.1834003,24시간,1899-2100,2017-08-12
1732,문수로아이파크1단지,울산광역시 남구 신정동 1639-1,B1 / 비상구 계단 앞,35.53520308,129.2981608,24시간,1899-2100,2017-08-12
1657,제일풍경채더퍼스트,대구광역시 달성군 현풍면 테크노상업로 49,지하주차장(101-102동 사이),35.693283,128.454152,24시간  ※외부인 개방,1899-2100,2017-08-12
1624,아포덕일한마음 아파트,경상북도 김천시 아포읍 한지2길 64-9,"지하주차장(4주차장, 104동 뒤)",36.15804,128.264439,24시간  ※외부인 개방,1899-2100,2017-08-12
1686,삼도뷰엔빌,경상북도 포항시 북구 흥해읍 학천리 454,103동 지하1층 154구역,36.080208,129.333079,24시간  ※외부인 개방,1899-2100,2017-08-12
1667,각산태영데시앙,대구광역시 동구 각산동 905,109동 지하 1층 주차장,35.873754,128.711419,24시간,1899-2100,2017-08-12
1739,율곡마을주공2단지,경상남도 김해시 율하동 1291,지하주차장(208~210동사이),35.1737206,128.8051387,24시간  ※외부인 개방,1899-2100,2017-08-12
1635,한양수자인(포항),경상북도 포항시 북구 양덕동 439-1,201동 지하주차장 A15 구역,36.091276,129.385061,24시간  ※외부인 개방,1899-2100,2017-08-12
1763,자은더샵 아파트,경상남도 창원시 진해구 자은동 774-3,104동 앞,35.14222464,128.7075774,24시간,1899-2100,2017-08-12
1725,동래센트럴파크하이츠2단지,부산광역시 동래구 명륜동 756-1,지하주차장,35.21152635,129.0852538,24시간,1899-2100,2017-08-12
1768,하동송보파인빌,"경상남도 하동군 하동읍 중앙로 103 (읍내리, 송보파인빌)",지상주차장,35.07310128,127.7416385,24시간  ※외부인 개방,1899-2100,2017-08-12
1632,우현풍림아이원,경상북도 포항시 북구 우현동 27-3,102동 지하 4층 주차장,36.056836,129.364194,24시간  ※외부인 개방,1899-2100,2017-08-12
1762,삼정그린코아 아파트2단지,경상남도 창원시 진해구 경화동 1291,"102동,103동 사이 지하주차장",35.1616683,128.6832542,24시간  ※외부인 개방,1899-2100,2017-08-12
1666,e편한세상범어,"대구광역시 수성구 들안로78길 45 (범어동, 이편한세상범어)",103동 지하1층,35.866123,128.620601,24시간,1899-2100,2017-08-12
1710,당리혜성 아파트,부산광역시 사하구 당리동 17-2,104동 옆 지상주차장 입구 벽측,35.11002283,128.9794498,24시간  ※외부인 개방,1899-2100,2017-08-12
1728,부곡동푸르지오,부산광역시 금정구 부곡동 268-2,지하주차장,35.2295189,129.0901513,24시간,1899-2100,2017-08-12
1727,명장삼성타운,부산광역시 동래구 명장동 63-9,지하주차장,35.20268061,129.0999546,24시간,1899-2100,2017-08-12
1708,금곡주공3단지,부산광역시 북구 금곡동 57-1,관리사무소 앞,35.26457911,129.0218572,24시간  ※외부인 개방,1899-2100,2017-08-12
1661,테크노폴리스서한이다음,대구광역시 달성군 현풍면 테크노상업로 33,"지하주차장(102-103동 사이, B34)",35.692132,128.453111,24시간,1899-2100,2017-08-12
1677,시지한신휴플러스,"대구광역시 수성구 달구벌대로669길 50 (사월동, 시지한신휴플러스)",103동 지하주차장,35.837497,128.722073,24시간,1899-2100,2017-08-12
1719,주례한효 아파트,부산광역시 사상구 주례동 3-32,102동 지하 2층 주차장,35.15561645,129.0143636,24시간  ※외부인 개방,1899-2100,2017-08-12
1746,엘지메트로시티 아파트(101동),부산광역시 남구 용호동 176-30,지하주차장,35.12570291,129.1121518,24시간,1899-2100,2017-08-12
1747,명지롯데캐슬 아파트,부산광역시 강서구 명지동 3244,지하주차장,35.08399283,128.9049888,24시간,1899-2100,2017-08-12
1703,연지자이2차,부산광역시 부산진구 연지동 406,지하 3층 주차장,35.17383365,129.0483622,24시간,1899-2100,2017-08-12
1672,사월화성파크드림2단지,"대구광역시 수성구 달구벌대로 3304-1 (신매동, 사월화성파크드림 2단지)",202동 지하 1층 B05구역,35.835134,128.716546,24시간,1899-2100,2017-08-12
1697,상주우방타운2차,경상북도 상주시 복룡3길 25,지상주차장(103-106동 사이),36.41787696,128.171847,24시간  ※외부인 개방,1899-2100,2017-08-12
1758,밀양도뮤토 아파트,경상남도 밀양시 삼문동 755,지하1층 103동 07번기둥 앞,35.48877311,128.7433676,24시간,1899-2100,2017-08-12
1737,분성마을동원로얄듀크,경상남도 김해시 삼계동 1428-1,지하주차장(310동앞),35.26951985,128.8653651,24시간  ※외부인 개방,1899-2100,2017-08-12
1664,화원태왕타운,대구광역시 달성군 화원읍 성화로4길 13,"지상주차장(101동 뒷편, 남측)",35.802169,128.491892,24시간  ※외부인 개방,1899-2100,2017-08-12
1645,보성은하타운,대구광역시 달서구 상인동 월곡로 320,지하주차장(106-107동 사이),35.822711,128.535217,24시간,1899-2100,2017-08-12
1757,롯데인벤스 아파트,경상남도 밀양시 내이동 1390,지하1층 입구 앞,35.48807968,128.7399459,24시간,1899-2100,2017-08-12
1777,아너써클,제주특별자치도 제주시 해안동 821,주차장,33.46778968,126.4619627,24시간,1899-2100,2017-08-12
1766,현대성우오스타1단지,경상남도 통영시 광도면 안정리 1075,104동 앞 지하1층주차장 A33기둥,34.945551,128.41191,24시간  ※외부인 개방,1899-2100,2017-08-12
1714,신주례엘지2단지 아파트,부산광역시 사상구 주례동 10-4,관리동 지하2층 주차장,35.15387891,129.0128505,24시간  ※외부인 개방,1899-2100,2017-08-12
1761,삼정그린코아 아파트,경상남도 창원시 진해구 경화동 1428-1,"102동,103동 사이 지하주차장",35.16160587,128.6818897,24시간  ※외부인 개방,1899-2100,2017-08-12
1658,진천역대우이안 아파트,대구광역시 달서구 진천동 진천로 18길 10,지하주차장(103-104동 사이),35.816148,128.524426,24시간,1899-2100,2017-08-12
1707,해운대메트로하이츠 아파트,부산광역시 해운대구 중동 149-1,전기실 인접 주차장,35.1696536,129.1707679,24시간,1899-2100,2017-08-12
1791,별내하우스토리,경기도 남양주시 별내동 872,지하2층 5304동 26구역,37.67016287,127.1326631,24시간,1899-2100,2017-08-25
1835,대호2차아파트,경기도 이천시 창전동 456,지하1층 주차장,37.28212707,127.4483176,24시간  ※외부인 개방,1899-2100,2017-08-25
1950,사동2지구화성파크드림,경상북도 경산시 사동 21,107동 지하주차장,35.81096654,128.7523422,24시간  ※외부인 개방,1899-2100,2017-08-25
1848,흥덕마을5단지호반베르디움(레이크파크),경기도 용인시 기흥구 영덕동 976,B1F 130,37.27765584,127.0702172,24시간,1899-2100,2017-08-25
1890,주원애뜰2차빌라,충청북도 청주시 상당구 남일면 효촌리 32,102동 지상주차장,36.58713696,127.5102977,24시간  ※외부인 개방,1899-2100,2017-08-25
1929,롯데인벤스가 아파트,전북특별자치도 군산시 미룡동 59-118,후문 경비실 앞 지상 주차장,35.945954,126.690378,24시간,1899-2100,2017-08-25
1897,홍성효성해링턴플레이스,충청남도 홍성군 홍북읍 신경리 1169,지하주차장 B-42,36.651137,126.674854,24시간,1899-2100,2017-08-25
1918,트리풀시티9단지 아파트,대전광역시 유성구 상남대로 26,지하 1층 D62기둥,36.342273,127.335572,24시간,1899-2100,2017-08-25
1958,장성동롯데낙천대,경상북도 포항시 북구 장성동 1455-1,102동 지하 1층 주차장,36.076873,129.389218,24시간  ※외부인 개방,1899-2100,2017-08-25
1895,하소현대힐스테이트,충청북도 제천시 하소동 156,106동 지하1층주차장 08,37.136938,128.196556,24시간  ※외부인 개방,1899-2100,2017-08-25
1964,진천역대성스카이렉스,대구광역시 달서구 진천동 월배로 80,"지하3층주차장(101동 앞, 23번)",35.813416,128.523821,24시간,1899-2100,2017-08-25
1880,한라비발디1차 아파트,강원특별자치도 원주시 우산동 818,지하3층 주차장,37.362657,127.932682,24시간,1899-2100,2017-08-25
1968,우방한가람타운,대구광역시 수성구 수성동1가 272-11,지하 4층 주차장,35.8543299,128.6103532,24시간,1899-2100,2017-08-25
1938,첨단부영2차 아파트,광주광역시 광산구 산월동 885-1,(실내지하)P2 지하주차장,35.21062221,126.8442611,24시간,1899-2100,2017-08-25
1798,일산푸르지오,경기도 고양시 일산서구 일산동 1945-1,지하2층 주차장 103동 밑,37.69050097,126.7731049,24시간,1899-2100,2017-08-25
1838,동광모닝스카이아파트,경기도 광주시 초월읍 쌍동리 392,101동 지상주차장,37.3765312,127.2945892,24시간,1899-2100,2017-08-25
1877,홍천오드카운티,강원특별자치도 홍천군 홍천읍 갈마곡리 549,107동 지하1층주차장,37.69791005,127.9016085,24시간  ※외부인 개방,1899-2100,2017-08-25
1803,대우한강베네시티 아파트,서울특별시 강동구 올림픽로 664,아파트동 지하7층 주차장 7-19,37.540361,127.124838,24시간,1899-2100,2017-08-25
1931,서곡대림 아파트,"전북특별자치도 전주시 완산구 서곡로 11 (효자동3가, 서곡대림아파트)",105동 지하 주차장,35.832434,127.097478,24시간  ※외부인 개방,1899-2100,2017-08-25
1843,구성자이3차,경기도 용인시 기흥구 마북동 638,지하주차장 연두색기둥 13,37.30245317,127.1189759,24시간,1899-2100,2017-08-25
1799,GS강동자이 아파트,서울특별시 강동구 천호대로 1239(길동),GATE A 주차장 지하 1층 23,37.537527,127.148702,24시간,1899-2100,2017-08-25
1983,사직쌍용예가 아파트,부산광역시 동래구 사직동 1017,지하3층 관리사무소옆 엘리베이터옆,35.19699913,129.0557899,24시간,1899-2100,2017-08-25
1818,엠코타운 센트로엘아파트,경기도 하남시 학암동 662,지하2층 주차장,37.47648709,127.1455502,24시간,1899-2100,2017-08-25
1869,김포유현마을신동아,경기도 김포시 풍무동 583-6,지하 1층 4번 주차장(블럭번호 7),37.597174,126.723169,24시간,1899-2100,2017-08-25
1982,부곡롯데캐슬디아망 아파트,부산광역시 금정구 부곡동 970,지하3층 104동 06기둥,35.22942134,129.0947505,24시간,1899-2100,2017-08-25
1992,서부주공 아파트,부산광역시 기장군 기장읍 서부리 102,아파트 지하주차장,35.24369401,129.2095612,24시간  ※외부인 개방,1899-2100,2017-08-25
1891,세영첼시빌 아파트,충청북도 충주시 칠금동 628,104동앞 지상 관리사무소 옆,36.986242,127.920151,24시간  ※외부인 개방,1899-2100,2017-08-25
1819,센트럴하이츠아파트,경기도 수원시 영통구 망포동 718,B1F 93,37.24259783,127.0592784,24시간,1899-2100,2017-08-25
1887,영무예다음1차 아파트,충청북도 진천군 덕산읍 두촌리 2718,107동앞 지상주차장,36.901827,127.530823,24시간,1899-2100,2017-08-25
2011,하동대경송림타운,경상남도 하동군 하동읍 광평리 428,관리사무소옆 지상주차장,35.0649517,127.7445151,24시간  ※외부인 개방,1899-2100,2017-08-25
1858,대명 아파트,서울특별시 마포구 연남동 동교로39길 11,지하주차장해당층,37.561672,126.92361,24시간,1899-2100,2017-08-25
1861,창전삼성 아파트,서울특별시 마포구 창전동 서강로 95,지하,37.551292,126.931494,24시간,1899-2100,2017-08-25
1821,LH 리더스 하임 아파트,경기도 평택시 비전동 1011,807동 B1F G08,37.00571875,127.1064856,24시간,1899-2100,2017-08-25
1930,수송제일오투그란데2단지 아파트,전북특별자치도 군산시 수송동 812-1,지하 1층 주차장 508동 끝,35.962423,126.713973,24시간,1899-2100,2017-08-25
1896,내포극동스타클래센트럴 아파트,충청남도 홍성군 홍북읍 신경리 928,지하주차장 B3-05(105동 입구앞,36.653179,126.673407,24시간,1899-2100,2017-08-25
1908,금산렉시움,충청남도 금산군 금산읍 아인리 5,아파트뒤쪽 지상주차장,36.106211,127.484684,24시간,1899-2100,2017-08-25
1919,파랑새 아파트,대전광역시 서구 둔산동 957,후문입구옆지하주차장,36.356392,127.375992,24시간  ※외부인 개방,1899-2100,2017-08-25
1939,첨단부영e그린타운1차 아파트,광주광역시 광산구 산월동 885-3,"(실외,캐노피) 아파트 상가 뒤",35.2095962,126.8462393,24시간,1899-2100,2017-08-25
1997,양덕코오롱하늘채,경상남도 창원시 마산회원구 양덕동 535,지하2층주차장 37번기둥,35.226723,128.57965,24시간,1899-2100,2017-08-25
1885,분평계룡리슈빌2단지,충청북도 청주시 서원구 분평동 262,지하주차장,36.61305395,127.4784883,24시간  ※외부인 개방,1899-2100,2017-08-25
1814,강남한양수자인,서울특별시 강남구 자곡동 자곡로 260,B입구로 진입 지하1층 408동 29번 기둥,37.475905,127.112986,24시간,1899-2100,2017-08-25
1815,금호어울림 아파트(삼성동),서울특별시 강남구 삼성동 봉은사로111길 25,지하1층,37.51673264,127.0647107,24시간,1899-2100,2017-08-25
1971,용상5주공 아파트,경상북도 안동시 경동로 977-6,지상주차장(관리사무소 측면),36.5523,128.762747,24시간  ※외부인 개방,1899-2100,2017-08-25
1990,정림은하수타운,울산광역시 북구 매곡동 542-22,지하 주차장,35.64204895,129.3543959,24시간,1899-2100,2017-08-25
1945,여수청솔1차 아파트,전라남도 여수시 돌산읍 우두리 1046-1,(실외완전노출)101동 옆 주차장,34.71960274,127.7477966,24시간,1899-2100,2017-08-25
1793,호원두산 아파트,경기도 의정부시 호원동 347-1,"지하2층 C-13구역 #87, 88",37.7297073,127.0448431,24시간  ※외부인 개방,1899-2100,2017-08-25
1800,강일리버파크3단지,서울특별시 강동구 강일동 아리수로93길 40,303동 앞 지하1층 바로 좌측 B70기둥,37.567409,127.174666,24시간,1899-2100,2017-08-25
1804,리센츠 아파트,서울특별시 송파구 올림픽로 135,지하2층 241동 076 기둥,37.513161,127.090312,24시간,1899-2100,2017-08-25
1805,송파파인타운7단지,서울특별시 송파구 충민로 4길 19,702동앞 지하1층 좌측 (A07) 기둥,37.479097,127.130755,24시간,1899-2100,2017-08-25
1849,휘경베스트빌현대,서울특별시 동대문구 휘경동 52,지하주차장 1층,37.58138,127.07448,24시간,1899-2100,2017-08-25
1850,성수2차대우 아파트,서울특별시 성동구 성수동1가 상원6길 16,지하,37.54828,127.050422,24시간,1899-2100,2017-08-25
1856,현대그린 아파트,서울특별시 노원구 중계동 중계로8길 39,지상1층,37.646893,127.084574,24시간,1899-2100,2017-08-25
1859,래미안마포리버웰,서울특별시 마포구 용강동 토정로31길 23,106동 지하주차장2층48기둥,37.542217,126.94196,24시간,1899-2100,2017-08-25
1865,에코메트로한화12단지관리소,인천광역시 남동구 논현동 755-4,지하2층 G41 1214동 앞,37.397267,126.733918,24시간,1899-2100,2017-08-25
1866,동양덱스빌 아파트,경기도 시흥시 장곡동 804,지하1층 251동 앞,37.380362,126.779124,24시간,1899-2100,2017-08-25
1883,대명늘푸른 아파트,강원특별자치도 속초시 교동 미시령로3337번길 ７,지하주차장,38.205736,128.570848,24시간,1899-2100,2017-08-25
1842,화성태안푸르지오,경기도 화성시 기산동 370,지하1층 112동 F8번 기둥 옆,37.227922,127.043692,24시간,1899-2100,2017-08-25
1846,수지센트럴아이파크,경기도 용인시 수지구 상현동 842,5주차장 B1 32~33~34,37.30690531,127.0825256,24시간,1899-2100,2017-08-25
1879,통일 아파트,강원특별자치도 원주시 단구동 556,관리사무소 앞,37.33284,127.959238,24시간,1899-2100,2017-08-25
1828,상록마을삼보아파트,경기도 안산시 상록구 사동 1514,B1F,37.30574662,126.8424524,24시간,1899-2100,2017-08-25
1934,수완2차호반베르디움,광주광역시 광산구 장덕동 1043,(실내지하) 주차장,35.19970631,126.8135811,24시간,1899-2100,2017-08-25
1933,운암동남양휴튼,광주광역시 북구 운암동 1761,"(실내지하)주차장B1,2",35.18346577,126.8768055,24시간,1899-2100,2017-08-25
1824,청북이안아파트,경기도 평택시 청북읍 옥길리 1091,108동 지하2층,37.01929304,126.9081461,24시간,1899-2100,2017-08-25
1839,남양우림그린빌리지아파트,경기도 화성시 남양읍 남양리 415,제2주차장 104동 앞 45,37.20428338,126.8038875,24시간  ※외부인 개방,1899-2100,2017-08-25
1806,송파파인타운9단지,서울특별시 송파구 송파대로 8길 17,정면 주차장 지하1층,37.478239,127.128729,24시간,1899-2100,2017-08-25
1884,분평계룡리슈빌1단지,충청북도 청주시 서원구 분평동 274,102동 앞(지상),36.61236267,127.4788512,24시간  ※외부인 개방,1899-2100,2017-08-25
1922,인후휴먼시아,전북특별자치도 전주시 덕진구 인후동1가 1035,105동 106동 사이 지하 주차장,35.835467,127.152047,24시간  ※외부인 개방,1899-2100,2017-08-25
1872,꿈마을삼환한진,경기도 부천시 중동 1104,지하주차장,37.501958,126.779276,24시간,1899-2100,2017-08-25
1978,학장동신구덕우성 아파트,부산광역시 사상구 학장동 571-3,지하주차장,35.140356,128.987205,24시간  ※외부인 개방,1899-2100,2017-08-25
1977,동원로얄듀크비스타,부산광역시 북구 구포동 1296,지하주차장,35.20802272,128.998832,24시간,1899-2100,2017-08-25
1867,두산 아파트,경기도 시흥시 은행동 542,지하1층 14동과15동 사이,37.443617,126.800856,24시간,1899-2100,2017-08-25
1985,연산자이 아파트,부산광역시 연제구 연산동 2262,지하3층 101동 입구,35.18905997,129.0879067,24시간,1899-2100,2017-08-25
1984,연산경동메르빌,부산광역시 연제구 연산동 2298,지하2층 기둥D,35.17453018,129.0828596,24시간,1899-2100,2017-08-25
1960,성서우방유쉘 아파트,대구광역시 달서구 파호동 달구벌대로 995,지하주차장(103-106동 사이),35.853869,128.475762,24시간,1899-2100,2017-08-25
1970,삼도뷰엔빌스마트,경상북도 포항시 북구 흥해읍 학천리 846,103동 지하 2층 D12구역,36.081557,129.334891,24시간  ※외부인 개방,1899-2100,2017-08-25
2012,아라주원라비앙,제주특별자치도 제주시 아라일동 아연로 512,주차장,33.47600106,126.5345814,24시간,1899-2100,2017-08-25
1845,서원마을금호베스트빌5단지아파트,경기도 용인시 수지구 상현동 867,제2주차장 B1F 58,37.30673604,127.0783683,24시간,1899-2100,2017-08-25
1952,현대타운,경상북도 경산시 정평동 130,105동 지상주차장,35.83574383,128.7285287,24시간  ※외부인 개방,1899-2100,2017-08-25
2010,장원썬비치 아파트,경상남도 통영시 미수동 960-1,지하주차장 들어가 직진(차단바 안열림 055-648-1011),34.831315,128.408237,24시간,1899-2100,2017-08-25
1961,월성동삼성래미안 아파트,대구광역시 달서구 월성동 상원로 143,지하주차장(103-104동 사이),35.819973,128.528114,24시간,1899-2100,2017-08-25
1910,원당이안 아파트,충청남도 당진시 원당동 1257,지하주차장,36.90524409,126.6441854,24시간,1899-2100,2017-08-25
1955,양덕삼구트리니엔3차,경상북도 포항시 북구 양덕동 786-1,306동 지하주차장,36.08751363,129.395565,24시간  ※외부인 개방,1899-2100,2017-08-25
1926,남원부영3차 아파트,전북특별자치도 남원시 월락동 642,305동 옆 지상 주차장,35.419287,127.401808,24시간  ※외부인 개방,1899-2100,2017-08-25
1944,순천두산위브1단지,전라남도 순천시 왕지동 891,(실내지하)3층 101동 출입구 옆,34.97546219,127.5244894,24시간,1899-2100,2017-08-25
1812,신도림동아1차 아파트,서울특별시 구로구 신도림로 87,지하1층 103동,37.510895,126.88338,24시간,1899-2100,2017-08-25
1840,수원센트럴타운3단지,경기도 수원시 권선구 세류동 1280,B37블럭 기둥 옆,37.261161,127.0044,24시간  ※입주자외 이용불가,1899-2100,2017-08-25
1956,양덕풍림아이원,경상북도 포항시 북구 양덕동 1731,119동 지하1층,36.086027,129.404066,24시간  ※외부인 개방,1899-2100,2017-08-25
1823,청북 유승한내들,경기도 평택시 청북읍 옥길리 1094,B1F 228,37.018131,126.909896,24시간,1899-2100,2017-08-25
1875,용현금호어울림3단지,인천광역시 미추홀구 용현동 652,지하1층 27구역,37.450684,126.639931,미개방,1899-2100,2017-08-25
1888,율량삼성 아파트,충청북도 청주시 청원구 율량동 1184,102동뒷편옥외주차장,36.66904846,127.4797303,24시간  ※외부인 개방,1899-2100,2017-08-25
2003,천수림 아파트,경상남도 창원시 의창구 북면 감계리 252-1,지상,35.3014977,128.5876526,24시간  ※입주자외 이용불가,1899-2100,2017-08-25
1871,한강화성파크드림 아파트,경기도 김포시 운양동 1325-7,지하 2층 주차장 우측탁구대 옆,37.644934,126.69228,24시간,1899-2100,2017-08-25
1906,욱일 아파트,세종특별자치시 조치원읍 침산리 89,지하 주차장,36.602809,127.293256,24시간,1899-2100,2017-08-25
1808,암펠로스타워,서울특별시 강동구 둔촌동 명일로 110,지하2층,37.528946,127.142793,24시간,1899-2100,2017-08-25
1834,육군용인관사,경기도 용인시 처인구 김량장동 525,지하 1층,37.233492,127.193448,24시간,1899-2100,2017-08-25
1870,장릉마을삼성쉐르빌,경기도 김포시 풍무동 740,지하1층 블럭번호 3(111동),37.605665,126.710299,24시간,1899-2100,2017-08-25
1966,대구혁신LH이노힐즈,"대구광역시 동구 메디밸리로 35 (사복동, 대구혁신엘에이치이노힐즈)",807동 지하1층 주차장,35.875466,128.748509,24시간,1899-2100,2017-08-25
1816,삼성동힐스테이트2단지,서울특별시 강남구 삼성로 111길 8,우측 첫번째 주차장 지하1층 좌측,37.513789,127.051413,24시간,1899-2100,2017-08-25
1923,전주부영6차,전북특별자치도 전주시 덕진구 인후동1가 918-1,정문 지하 주차장 (구역 12 또는 28),35.827984,127.165979,24시간  ※외부인 개방,1899-2100,2017-08-25
1995,대권한빛아파트,경상남도 창원시 마산합포구 진동면 진동리 494-3,관리사무소 옆,35.116948,128.488773,24시간,1899-2100,2017-08-25
1996,신성네스트빌,경상남도 창원시 마산회원구 내서읍 상곡리 195,"101동,102동 사이",35.242461,128.502208,24시간,1899-2100,2017-08-25
2005,광려천벽산블루밍 아파트,경상남도 함안군 칠원읍 오곡리 87,110동앞 지하1층주차장 06기둥,35.27572244,128.5194632,24시간  ※외부인 개방,1899-2100,2017-08-25
2006,하대현대 아파트,경상남도 진주시 하대동 101,관리사무실 뒤 지상주차장,35.192259,128.126578,24시간  ※외부인 개방,1899-2100,2017-08-25
2013,연동뜨레모아 아파트,제주특별자치도 제주시 연동 연동4길 36,주차장,33.48268831,126.4873164,24시간,1899-2100,2017-08-25
2015,조천도화썬빌리지,제주특별자치도 제주시 조천읍 조천18길 23-2,주차장,33.5394725,126.6455147,24시간,1899-2100,2017-08-25
1924,호성동LG동아,전북특별자치도 전주시 덕진구 호성동1가 718,110동 지하 주차장,35.855614,127.152241,24시간  ※외부인 개방,1899-2100,2017-08-25
1954,세잔베르체,경상북도 경주시 황성동 886-1,지하 1층 주차장,35.869425,129.210343,24시간  ※외부인 개방,1899-2100,2017-08-25
1886,산남부영사랑으로,충청북도 청주시 서원구 산남동 1094,"지하주차장(108동 3,4라인 앞)",36.60813389,127.4729473,24시간  ※외부인 개방,1899-2100,2017-08-25
1907,중흥S-클래스파크뷰가락마을15단지,세종특별자치시 고운동 1393,지하주차장,36.516921,127.236427,24시간,1899-2100,2017-08-25
1881,양구경림 아파트,강원특별자치도 양구군 양구읍 상리 510,아파트 입구 경비실 옆 주차장,38.107659,127.985261,24시간,1899-2100,2017-08-25
1898,논산대림 아파트,충청남도 논산시 부창동 209-4,지하주차장,36.19814286,127.0842612,24시간,1899-2100,2017-08-25
1965,협성휴포레월성,대구광역시 달서구 조암로10길 11,지하주차장(106동 옆),35.824282,128.522593,24시간  ※외부인 개방,1899-2100,2017-08-25
1967,신천휴먼시아5단지,"대구광역시 동구 동부로 26 (신천동, 신천휴먼시아5단지)",507동 지하주차장 2층,35.872083,128.615475,24시간,1899-2100,2017-08-25
1981,구서SKVIEW1단지,부산광역시 금정구 구서동 561-1,지하3층 105동 D41,35.24460778,129.0857602,24시간,1899-2100,2017-08-25
1825,평택벽산늘푸른,경기도 평택시 비전동 889,102동 지상주차장,36.99179198,127.1197242,24시간,1899-2100,2017-08-25
1831,삼성마을3단지,경기도 군포시 당동 1020,B1 016,37.34091808,126.9319976,24시간  ※외부인 개방,1899-2100,2017-08-25
1914,삼성래미안 아파트2단지,대전광역시 서구 가장동 55,지하주차장,36.333942,127.386394,24시간  ※외부인 개방,1899-2100,2017-08-25
1851,공릉대동 아파트,서울특별시 노원구 공릉동 동일로175길 38,지하1층,37.620056,127.072536,24시간,1899-2100,2017-08-25
1817,세곡리엔파크2단지 아파트,서울특별시 강남구 세곡동 헌릉로 590길10,지하1층 출구 앞,37.464099,127.102849,24시간,1899-2100,2017-08-25
1827,고잔그린빌8단지,경기도 안산시 단원구 고잔동 766,B1F,37.31067115,126.8375332,24시간,1899-2100,2017-08-25
1829,군포당동삼성마을 4단지,경기도 군포시 부곡동 1201,B2 005,37.33761474,126.9307898,24시간,1899-2100,2017-08-25
1830,당동쌍용아파트,경기도 군포시 당동 873,B1F H18,37.34491802,126.9423387,24시간  ※외부인 개방,1899-2100,2017-08-25
1833,온누리마을아파트(3군사령부),경기도 용인시 처인구 역북동 316-1,1F 17,37.241356,127.190731,24시간,1899-2100,2017-08-25
1921,라송센트럴카운티 아파트,전북특별자치도 완주군 봉동읍 둔산리 871-1,지하 주차장 103동(구역 B10 B21),35.960842,127.120949,24시간  ※외부인 개방,1899-2100,2017-08-25
1826,고잔3차푸르지오,경기도 안산시 단원구 고잔동 728,B1F 07,37.3136049,126.8346569,24시간,1899-2100,2017-08-25
1957,우방하이츠,경상북도 포항시 북구 두호동 919,103동 지하 1층 B10구역,36.062199,129.374459,24시간  ※외부인 개방,1899-2100,2017-08-25
2008,덕진왈츠1차,경상남도 통영시 용남면 장평리 222-2,101동 69라인앞 지하1층주차장,34.885122,128.467442,24시간,1899-2100,2017-08-25
1943,남악제일풍경채,전라남도 무안군 삼향읍 남악리 2601,(실내지하)지하 A5,34.811732,126.481238,24시간,1899-2100,2017-08-25
1963,제일풍경채센트럴,대구광역시 달성군 유가면 테크노대로 165,"지하주차장(215-214동 사이, A38)",35.690525,128.466221,24시간  ※외부인 개방,1899-2100,2017-08-25
2001,대원파크빌 아파트,경상남도 창원시 의창구 대원동 삼동로 121,경비실 정문 뒤쪽,35.225185,128.655774,24시간  ※외부인 개방,1899-2100,2017-08-25
2016,폴라리스빌5차,제주특별자치도 제주시 월평동 1372,주차장,33.47545542,126.5693803,24시간,1899-2100,2017-08-25
2017,화북4 아파트,제주특별자치도 제주시 화북일동 동화로1길 10,주차장,33.51800187,126.5739457,24시간,1899-2100,2017-08-25
2018,화북주공2 아파트,제주특별자치도 제주시 동화로1길 39,2단지 관리사무소 바로 옆,33.52096091,126.5775048,24시간,1899-2100,2017-08-25
1946,태영1차,전라남도 광양시 중동 1681,(실외완전노출)101동 관리사무소 앞,34.93469901,127.6968789,24시간,1899-2100,2017-08-25
1951,하양2차롯데낙천대 아파트,경상북도 경산시 하양읍 금락리 407-1,106동 지하1층 주차장,35.90985374,128.8207826,24시간  ※외부인 개방,1899-2100,2017-08-25
1975,양정현대2차 아파트,부산광역시 부산진구 양정동 458-20,"207,208,209동 지하3층",35.17241306,129.0654651,24시간,1899-2100,2017-08-25
1912,무지개 아파트(서대전),대전광역시 서구 월평동 300,후문입구좌측지하주차장,36.358527,127.376203,24시간  ※외부인 개방,1899-2100,2017-08-25
2009,미수현대 아파트,경상남도 통영시 미수동 291-3,102동뒤 지하주차장 9번기둥,34.82886,128.407612,24시간  ※외부인 개방,1899-2100,2017-08-25
1892,유원하나 아파트,충청북도 충주시 연수동 418,4동옆 지상주차장,36.981071,127.941638,24시간  ※외부인 개방,1899-2100,2017-08-25
1894,증평송산지평더웰,충청북도 증평군 증평읍 송산리 721,104동 지하1층주차장,36.78931979,127.5734895,24시간,1899-2100,2017-08-25
1900,가락마을17단지,세종특별자치시 고운동 1386,지하주차장,36.517871,127.235775,24시간,1899-2100,2017-08-25
1905,세종청정 아파트,세종특별자치시 연동면 명학리 255,지상 주차장,36.529975,127.350913,24시간,1899-2100,2017-08-25
1913,삼성래미안 아파트1단지,대전광역시 서구 가장동 55,지하주차장,36.333393,127.384232,24시간  ※외부인 개방,1899-2100,2017-08-25
1915,송림마을1단지 아파트,대전광역시 유성구 하기동 512,입구좌측 지하주차장,36.388274,127.318931,24시간  ※외부인 개방,1899-2100,2017-08-25
1916,엄사삼진 아파트,충청남도 계룡시 엄사면 번영3길 73-12,지하주차장,36.281601,127.239031,24시간,1899-2100,2017-08-25
2007,한림풀에버 아파트,경상남도 진주시 충무공동 소호로 39,109동앞 지하1층주차장 들어가 105동왼쪽편,35.172516,128.132403,24시간,1899-2100,2017-08-25
1796,서원마을7단지,경기도 파주시 금촌동 1019번지,지상주차장 단지 출입정문 옆,37.7487798,126.77091,24시간,1899-2100,2017-08-25
1802,길동삼익파크,서울특별시 강동구 길동 명일로 293,지상,37.544819,127.1478,24시간,1899-2100,2017-08-25
1807,송파파크데일2단지,서울특별시 송파구 마천동 성내천로47길 38,"입구 우측 주차장 지하2충 207,208동 B12 기둥",37.49633944,127.1581639,24시간,1899-2100,2017-08-25
1988,아데라움 아파트,울산광역시 남구 삼산동 182-1,103동출입구/B1-145,35.54484519,129.3469403,24시간,1899-2100,2017-08-25
1822,송탄효명아파트,경기도 평택시 장당동 473-1,102동 앞 지상주차장,37.05070287,127.0544279,24시간  ※외부인 개방,1899-2100,2017-08-25
1860,래미안밤섬리베뉴2,서울특별시 마포구 상수동 독막로20나길 21,지하주차장 3층84기둥,37.546535,126.928136,24시간,1899-2100,2017-08-25
1813,강남데시앙포레,서울특별시 강남구 수서동 광평로34길55,들어가서 한층 더 올라가야 함 109동C2 13기둥,37.480807,127.09049,24시간,1899-2100,2017-08-25
1797,강선동신 아파트,경기도 고양시 일산서구 주엽동 46,P2주차장 B-14기둥,37.67079835,126.7698654,24시간,1899-2100,2017-08-25
1936,신촌대주파크빌 아파트,광주광역시 광산구 신촌동 826-1,(실내지하) 주차장,35.14550095,126.8082925,24시간  ※외부인 개방,1899-2100,2017-08-25
1868,김포신화 아파트,경기도 김포시 감정동 674,지하1층주차장 블럭번호 7(101동),37.623853,126.701392,24시간,1899-2100,2017-08-25
1832,휴먼시아청계마을4단지,경기도 의왕시 청계동 966,B1F 05,37.39354747,127.0014979,24시간  ※외부인 개방,1899-2100,2017-08-25
1979,화명롯데 아파트낙천대,부산광역시 북구 화명동 2264,지하주차장,35.13737589,129.0655711,24시간,1899-2100,2017-08-25
1857,연희대우 아파트,서울특별시 서대문구 연희동 739,지하주차장,37.56152057,126.9295148,24시간(입주민전용),1899-2100,2017-08-25
1789,구리인창성원2차 아파트,경기도 구리시 인창동 453,지하 1층 주차장,37.61134677,127.1365017,24시간,1899-2100,2017-08-25
1909,당진하늘채,충청남도 당진시 읍내동 1061,지상주차장 (102동 앞),36.89204074,126.6407422,24시간  ※외부인 개방,1899-2100,2017-08-25
1874,용현금호2차 아파트,인천광역시 미추홀구 용현동 647,212-214동 사이 지상주차장,37.448223,126.634239,미개방,1899-2100,2017-08-25
1899,논산제이파크2단지 아파트,충청남도 논산시 내동 272-7,입구정면 지하주차장,36.18974409,127.0975425,24시간,1899-2100,2017-08-25
2020,보성파워텍,전라남도 나주시 동수동 402-9,입구 우측,34.973173,126.687909,평일08:30~17:30,1899-2100,2017-09-06
2022,엘지메트로시티 아파트(138동),부산광역시 남구 용호동 176-30,138동 지하주하장,35.12812894,129.1110079,24시간,1899-2100,2017-09-14
2023,엘지메트로시티 아파트(123동),부산광역시 남구 용호동 176-30,123동 지하주차장,35.13054135,129.1142622,24시간,1899-2100,2017-09-14
2024,엘지메트로시티 아파트(201동),부산광역시 남구 용호동 176-30,201동 지하주차장,35.12864998,129.1100671,24시간,1899-2100,2017-09-14
2026,구래동 주민센터,경기도 김포시 구래동 6872-5,지상주차장,37.646448,126.623821,24시간,1899-2100,2017-09-18
2029,이마트 진접점,경기도 남양주시 진접읍 금강로유연들1길 154,5층 주차장,37.70914019,127.1821424,06~23시,1899-2100,2017-09-19
2027,서종면사무소,경기도 양평군 서종면 문호리 766-1,면사무소 뒷편 주차장,37.60684,127.348504,24시간,1899-2100,2017-09-19
2032,양주시청,경기도 양주시 남방동 1-1,요금소 지나서 100m앞오른쪽주차장,37.78498055,127.0452501,24시간,1899-2100,2017-09-19
2049,조종면사무소,경기도 가평군 조종면 현리 567-7,지상주차장,37.817427,127.352985,24시간,1899-2100,2017-09-19
2047,상면사무소,경기도 가평군 상면 연하리 171-1,지상주차장,37.805091,127.357149,24시간,1899-2100,2017-09-19
2033,이마트 양주점,경기도 양주시 회정동 98,지상주차장 2층,37.84185517,127.0539724,24시간,1899-2100,2017-09-19
2046,화정환승공영주차장,경기도 고양시 덕양구 화정동 963,"지하주차장 1층, 언덕넘어, 좌측 D-2 구역",37.63499921,126.8326494,24시간,1899-2100,2017-09-19
2052,남서울농협 하나로마트 우면점,서울특별시 서초구 우면동 763,4층 주차장,37.45685749,127.0158574,09~22시,1899-2100,2017-09-19
2042,능곡주민센터,경기도 고양시 덕양구 토당동 335-4,지상주차장,37.62262001,126.8181432,24시간,1899-2100,2017-09-19
2034,이마트 포천점,경기도 포천시 호국로 915,지상주차장2층,37.84772187,127.1603499,24시간,1899-2100,2017-09-19
2041,고양종합터미널환승주차장,경기도 고양시 일산동구 백석동 1242,지하4층,37.64323357,126.7896988,24시간,1899-2100,2017-09-19
2043,여성회관(행신동),경기도 고양시 덕양구 행신동 774,지상주차장,37.61737401,126.8362313,09:00~17:00,1899-2100,2017-09-19
2044,탄현역 환승공영주차장,경기도 고양시 일산서구 탄현동 1636,지하2층 끝,37.69499774,126.7615561,24시간,1899-2100,2017-09-19
2036,전곡읍사무소,경기도 연천군 전곡읍 은대리 573,전곡읍사무소 왼쪽 지상주차장,38.027767,127.063312,24시간,1899-2100,2017-09-19
2075,대야 제3공영주차장,경기도 시흥시 대야동 528-3,제3공영주차장내,37.4428,126.789217,24시간,1899-2100,2017-09-19
2068,이마트 동백점,경기도 용인시 기흥구 중동 833,B4 09,37.27805584,127.1517027,개장시간,1899-2100,2017-09-19
2064,수원농협 하나로마트 봉담점,경기도 화성시 봉담읍 동화리 597-1,F5 C1,37.21759506,126.9590898,09~22시,1899-2100,2017-09-19
2072,삼산농산물도매시장,인천광역시 부평구 삼산동 7-1,1번 주차장 내,37.52134,126.750476,24시간,1899-2100,2017-09-19
2061,모현농협 하나로마트,경기도 용인시 처인구 모현읍 왕산리 815-2,지상주차장,37.33569803,127.2487054,24시간,1899-2100,2017-09-19
2082,공지천 공영주차장,강원특별자치도 춘천시 근화동 785-10,파출소옆주차장,37.874379,127.713098,06~23시,1899-2100,2017-09-19
2080,서림초교 뒤 공영주차장,인천광역시 동구 송림동 61-8,하루도넛 앞 공영주차장,37.47620269,126.6465142,24시간,1899-2100,2017-09-19
2062,이마트 안성점,경기도 안성시 석정동 149-3,F4주차장,37.01272693,127.2559909,10시~23시,1899-2100,2017-09-19
2079,김포시청 주차장,경기도 김포시 사우동 263-1,지상주차장,37.615644,126.716185,24시간,1899-2100,2017-09-19
2071,부평아트센터,인천광역시 부평구 십정동 186-411,지하주차장 2층 G-2번,37.482107,126.704236,오전7시~오후9시,1899-2100,2017-09-19
2054,이마트 TR 수원점,경기도 수원시 영통구 신동 941,지상 4F D,37.2460781,127.0486482,24시간,1899-2100,2017-09-19
2076,시청 입구 주차장,경기도 시흥시 장현동 300,시흥시청 후문,37.38036872,126.8040707,24시간,1899-2100,2017-09-19
2077,고촌읍 주민센터,경기도 김포시 고촌읍 신곡리 530-1,지하주차장,37.603267,126.770995,24시간,1899-2100,2017-09-19
2074,마니산국민관광지,인천광역시 강화군 화도면 상방리 362-1,주차장 동쪽방면 끝위치,37.63383858,126.4238921,24시간,1899-2100,2017-09-19
2081,인천업사이클 에코센터,인천광역시 미추홀구 학익동736,업사이클 에코센터 주차장,37.443075,126.655366,24시간,1899-2100,2017-09-19
2073,강화군청,인천광역시 강화군 강화읍 관청리 163,주차타워 출입 게이트 오른편,37.7465504,126.4877951,06~23시,1899-2100,2017-09-19
2099,강남동주민센터,강원특별자치도 강릉시 노암동 133,강남동주민센터 지상주차장,37.744127,128.905083,24시간,1899-2100,2017-09-19
2102,강원양돈농협 하나로마트,강원특별자치도 강릉시 교동 1888-3,강릉양돈농협하나로마트 지상주차장,37.76333488,128.877279,24시간,1899-2100,2017-09-19
2085,동내면사무소,강원특별자치도 춘천시 동내면 신촌리 583-1,지상주차장,37.848012,127.761109,24시간,1899-2100,2017-09-19
2092,후평1동행정복지센터,강원특별자치도 춘천시 후평동 713,행정복지센터 뒤편 주차장,37.886091,127.745122,09시 ~ 18시,1899-2100,2017-09-19
2093,기후변화대응교육연구센터,강원특별자치도 원주시 행구동 1029,수변공원 주차장,37.343311,127.99668,24시간,1899-2100,2017-09-19
2096,차량등록사업소,강원특별자치도 원주시 무실동 423-6,차량등록사업소 자전거주차장 옆,37.343286,127.92378,24시간,1899-2100,2017-09-19
2090,춘천극장몸짓,강원특별자치도 춘천시 효자동 531,입구옆 주차장,37.872498,127.727309,24시간,1899-2100,2017-09-19
2100,강릉농협 하나로마트,강원특별자치도 강릉시 성남동 26-1,강릉농협하나로마트 지상주차장,37.754689,128.901915,24시간,1899-2100,2017-09-19
2094,문막읍사무소,강원특별자치도 원주시 문막읍 건등리 1718,문막읍 사무소 주차장화장실 옆,37.31201,127.817375,24시간,1899-2100,2017-09-19
2105,이마트 강릉점,강원특별자치도 강릉시 송정동 612-11,이마트 강릉점 지상주차장,37.771576,128.92239,24시간,1899-2100,2017-09-19
2097,하나로마트 혁신도시점,강원특별자치도 원주시 반곡동 1880-10,지상 5층 주차장 좌측 입구 옆,37.324499,127.98199,마트 운영시간,1899-2100,2017-09-19
2103,성덕동주민센터,강원특별자치도 강릉시 입암동 599,성덕동주민센터 지상주차장,37.76350951,128.9137578,24시간,1899-2100,2017-09-19
2086,신사우동사무소,강원특별자치도 춘천시 사농동 99-7,동사무소 주차장,37.905663,127.727618,24시간,1899-2100,2017-09-19
2101,강릉축협 하나로마트,강원특별자치도 강릉시 입암동 448,강릉축협하나로마트 지상주차장,37.754163,128.91264,24시간,1899-2100,2017-09-19
2104,송정동주민센터,강원특별자치도 강릉시 송정동 161-2,송정동주민센터 입구,37.774406,128.927799,24시간,1899-2100,2017-09-19
2095,원주시청,강원특별자치도 원주시 무실동 1,원주시의회 주차장,37.340932,127.91839,1시간 30분 무료(이후 30분마다 500원 부과),1899-2100,2017-09-19
2088,의암빙상장,강원특별자치도 춘천시 송암동 700-3,지상주차장,37.854525,127.68773,24시간,1899-2100,2017-09-19
2089,이마트 춘천점,강원특별자치도 춘천시 온의동 511,이마트 주차장 3층,37.863773,127.718142,10시~23시,1899-2100,2017-09-19
2084,남산면사무소,강원특별자치도 춘천시 남산면 창촌리 67-3,지상주차장,37.792025,127.646031,06~23시,1899-2100,2017-09-19
2087,애니메이션박물관,강원특별자치도 춘천시 서면 현암리 367-3,지상주차장,37.893901,127.689949,24시간,1899-2100,2017-09-19
2083,김유정문학마을,강원특별자치도 춘천시 신동면 증리 868-1,버스 및 화물차 주차장,37.818462,127.716533,06~23시,1899-2100,2017-09-19
2121,이마트 제천점,충청북도 제천시 강제동 684,4층 주차장,37.12320739,128.2229005,10~22시,1899-2100,2017-09-19
2114,국가기술표준원,충청북도 음성군 맹동면 두성리 1038,지상주차장,36.91322,127.550999,평일 09시~18시,1899-2100,2017-09-19
2122,아산원예농협 하나로마트,충청남도 아산시 방축동 101-4,하나로마트 주차장,36.784245,126.986707,24시간,1899-2100,2017-09-19
2109,이마트 태백점,강원특별자치도 태백시 화전동 113,이마트 태백점 2층 주차장,37.200291,128.961705,영업시간,1899-2100,2017-09-19
2113,이마트 동해점,강원특별자치도 동해시 천곡동 831,지상3층 주차장,37.524239,129.117692,10~22시,1899-2100,2017-09-19
2119,이마트 충주점,충청북도 충주시 문화동 1024,4층주차장 우측,36.971371,127.923844,10~23시,1899-2100,2017-09-19
2123,탕정농협 하나로마트,충청남도 아산시 탕정면 호산리 524-2,하나로마트 주차장,36.807935,127.073882,24시간,1899-2100,2017-09-19
2112,옥계면사무소,강원특별자치도 강릉시 옥계면 현내리 310,면사무소 주차장,37.612462,129.038121,09시~18시,1899-2100,2017-09-19
2120,남제천 하나로마트,충청북도 제천시 수산면 수산리 694-7,하나로마트 입구 지상주차장 내,36.934908,128.178305,24시간,1899-2100,2017-09-19
2107,해람중학교옆 공영주차장,강원특별자치도 강릉시 용강동 46-2,해람중학교 앞 공영주차장,37.75317321,128.8894272,24시간,1899-2100,2017-09-19
2111,이마트 속초점,강원특별자치도 속초시 청호동 459-134,3층주차장,38.19092704,128.5960889,매장운영시간,1899-2100,2017-09-19
2117,이마트 청주점,충청북도 청주시 서원구 미평동 123-1,지상 5층 진입후 우측,36.6017,127.474783,10~23시,1899-2100,2017-09-19
2126,태안군청 부설주차장,충청남도 태안군 태안읍 남문리 90,군청내 주차장 시설에서 좌측 주차장,36.744877,126.298886,24시간,1899-2100,2017-09-19
2125,당진농협 하나로마트,충청남도 당진시 대덕동 376-1,건물뒤 지상주차장,36.88490642,126.6483956,24시간,1899-2100,2017-09-19
2127,전기공사협회 주차장,대전광역시 동구 용전동 21-9,전기공사협회 주차장,36.35387376,127.439327,24시간,1899-2100,2017-09-19
2128,㈜농협대전유통,대전광역시 중구 대둔산로 199번길 43,2층 주차장,36.289046,127.377512,24시간,1899-2100,2017-09-19
2150,공단119 인근 주차장,전라남도 여수시 중흥동 1695-1,(실외완전노출) 주차장 입구,34.83982725,127.694488,24시간,1899-2100,2017-09-19
2144,목포농협 하나로마트,전라남도 목포시 석현동 608-6,(실외완전노출)공영 주차장,34.82336093,126.4221121,06~23시,1899-2100,2017-09-19
2134,도통동행정복지센터,전북특별자치도 남원시 도통동 564,복지 센터 주차장,35.419608,127.400127,24시간,1899-2100,2017-09-19
2139,동계면사무소,전북특별자치도 순창군 동계면 현포리 586,면사무소 주차장,35.440941,127.243044,24시간,1899-2100,2017-09-19
2136,마이산 관광단지 공영주차장,전북특별자치도 진안군 진안읍 단양리 746,공영 주차장 화장실 옆,35.775355,127.418702,24시간,1899-2100,2017-09-19
2143,광주유통센터,광주광역시 광산구 신가동 1052,(실외)3F 주차장 출구지점,35.18520284,126.8188225,24시간,1899-2100,2017-09-19
2145,이마트 목포점,전라남도 목포시 옥암동 915-25,(실내지상)1층매장 출구나가기 전,34.81164487,126.4251765,24시간,1899-2100,2017-09-19
2137,태인면사무소,전북특별자치도 정읍시 태인면 태창리 425,면사무소 주차장,35.650529,126.932796,24시간,1899-2100,2017-09-19
2138,장계면사무소,전북특별자치도 장수군 장계면 장계리 689,면사무소 주차장,35.731853,127.588441,24시간,1899-2100,2017-09-19
2142,이마트 군산점,전북특별자치도 군산시 경암동 590-296,옥상 주차장,35.983142,126.734452,24시간,1899-2100,2017-09-19
2147,순천원예농협 하나로마트,전라남도 순천시 남정동 568-2,(실외완전노출)주차장 입구 우측,34.939344,127.493203,24시간,1899-2100,2017-09-19
2135,백두대간 생태교육관,전북특별자치도 남원시 운봉읍 주촌리 595-6,생태교육장 주차장 화장실 옆,35.396416,127.506828,24시간,1899-2100,2017-09-19
2140,이마트 익산점,전북특별자치도 익산시 동산동 667-53,이마트 3층 주차장,35.930775,126.957728,24시간,1899-2100,2017-09-19
2153,동백공영주차장,전라남도 여수시 수정동 280,(실외완전노출) 주차장 옥상층,34.74195475,127.7514871,24시간,1899-2100,2017-09-19
2152,내트럭 여수사업소,전라남도 여수시 주삼동 1020,(실외완전노출) 주차장 입구 우측,34.79766444,127.6623865,24시간,1899-2100,2017-09-19
2155,여문공영주차장,전라남도 여수시 여서동 237,(실외완전노출) 주차장 옥상층,34.751719,127.703117,24시간,1899-2100,2017-09-19
2151,공단반점 앞 주차장,전라남도 여수시 월하동 1145-5,(실외완전노출)주차장 10시방향 끝,34.807831,127.669672,24시간,1899-2100,2017-09-19
2156,여서청사 주차장,전라남도 여수시 여서동 222-2,(실외완전노출) 주차장 출입구 좌측,34.754196,127.708545,24시간,1899-2100,2017-09-19
2154,배수펌프 주차장,전라남도 여수시 남산동 710,(실외완전노출) 주차장 끝지점,34.73727981,127.7317001,24시간,1899-2100,2017-09-19
2158,율촌도서관 공영주차장,전라남도 여수시 율촌면 조화리 65-1,(실외완전노출) 주차장 입구,34.883824,127.578332,24시간,1899-2100,2017-09-19
2159,향일암 주차장,전라남도 여수시 돌산읍 율림리 6-5,(실내지상)향일암일출광장 주차장 2층,34.594496,127.804081,24시간,1899-2100,2017-09-19
2169,이마트 경산점,경상북도 경산시 중산동 623,3층 주차장 출구 왼편,35.835233,128.71963,06~23시,1899-2100,2017-09-19
2162,광영 근린공원,전라남도 광양시 광영동 산 41-3,(실외완전노출) 주차장입구 좌측,34.96069662,127.7188556,24시간,1899-2100,2017-09-19
2175,천북농협 로컬푸드,경상북도 경주시 천북면 모아리 587-2,지상주차장,35.91938085,129.2454628,24시간,1899-2100,2017-09-19
2163,마동근린체육공원,전라남도 광양시 마동 700-10,(실외완전노출) 주차장입구 좌측,34.95217677,127.6934701,24시간,1899-2100,2017-09-19
2161,영암축협 하나로마트,전라남도 영암군 영암읍 회문리 204,(실외캐노피기설)하나로마트주차장,34.79482799,126.6861765,24시간,1899-2100,2017-09-19
2171,이마트 영천점,경상북도 영천시 오수동 286,지상주차장,35.957674,128.911294,24시간,1899-2100,2017-09-19
2179,(고속도로)영해농협 영덕휴게소,경상북도 영덕군 영해면 성내리 882-1,사옥내 주차장,36.529107,129.402923,24시간,1899-2100,2017-09-19
2181,가창체육공원,대구광역시 달성군 가창면 대일리 319-1,지상,35.767687,128.649503,24시간,1899-2100,2017-09-19
2182,대구공항,"대구광역시 동구 공항로 221 (지저동, 대구국제공항)",본관 전면주차장,35.900139,128.636866,24시간,1899-2100,2017-09-19
2177,하나로마트 포항점,경상북도 포항시 북구 양덕동 1473,3층 주차장,36.082069,129.398427,9시~23시,1899-2100,2017-09-19
2183,대구축협 축산물프라자,대구광역시 동구 용계동 444-2,지상주차장,35.874749,128.677147,24시간,1899-2100,2017-09-19
2193,이마트 안동점,경상북도 안동시 옥동1길 2,2층주차장 입구옆(남측),36.55834,128.699027,06~23시,1899-2100,2017-09-19
2188,대구오토월드,대구광역시 북구 노원동3가 184-1,1층 서편 고객주차장,35.89663673,128.5732663,06~23시,1899-2100,2017-09-19
2184,이마트 반야월점,대구광역시 동구 신서동 520-1,3층 주차장,35.871443,128.727616,마트 영업시간 내,1899-2100,2017-09-19
2187,경북대학교(대구캠퍼스),대구광역시 북구 산격동 1370-1,IT대학1호관 앞 주차장,35.887792,128.613286,24시간,1899-2100,2017-09-19
2190,이마트 칠성점,대구광역시 북구 칠성동2가 20-1,지하주차장 3층 B6구역,35.8852386,128.5902685,24시간,1899-2100,2017-09-19
2189,대백프라자,대구광역시 중구 대봉동 214,야외주차장,35.85703891,128.6062347,영업시간 내,1899-2100,2017-09-19
2201,만덕2동 주민센터,부산광역시 북구 만덕동 289-1,주민센터 내 야외주차장,35.21018377,129.0372014,24시간,1899-2100,2017-09-19
2206,태종대공원입구 주차장,부산광역시 영도구 동삼동 1011,위쪽 직진 좌측,35.0624316,129.0825061,24시간,1899-2100,2017-09-19
2209,이마트 TR 김해터미널,경상남도 김해시 외동 1264,지하주차장,35.23031189,128.871907,09~23,1899-2100,2017-09-19
2199,이마트 상주점,경상북도 상주시 경상대로 3141,"2층주차장(남서 측, 매장입구 옆)",36.42783192,128.1511557,10:00~22:00,1899-2100,2017-09-19
2195,이마트 구미점,경상북도 구미시 구미대로 256,3층주차장 자동차정비소 옆,36.109244,128.36503,24시간,1899-2100,2017-09-19
2204,양산웅상출장소,경상남도 양산시 주진동 72-2,주차장내,35.39490591,129.1551706,24시간,1899-2100,2017-09-19
2207,김해 대동면사무소,경상남도 김해시 대동면 초정리 143-2,야외주차장,35.24211503,128.9804544,24시간,1899-2100,2017-09-19
2211,마암면사무소 주차장,경상남도 고성군 마암면 도전리 670-8,사무소 앞,35.05519,128.336717,24시간,1899-2100,2017-09-19
2212,남창원농협 농수산물유통센터,경상남도 창원시 성산구 가음동 47-2,옥상 주차장,35.20417,128.703138,10:00~22:00,1899-2100,2017-09-19
2208,김해 율하체육관,경상남도 김해시 관동동 1123-1,체육관 내 야외주차장,35.17833382,128.8212112,24시간,1899-2100,2017-09-19
2214,대장경테마파크,경상남도 합천군 가야면 가야산로 1160,4번 지상주차장(주소: 가야면 야천리 896),35.765625,128.135074,24시간,1899-2100,2017-09-19
2203,양산시청,경상남도 양산시 남부동 505,양산문화회관 건너편 주차장,35.33286678,129.036012,24시간,1899-2100,2017-09-19
2198,경북대학교(상주캠퍼스),경상북도 상주시 경상대로 2559,지상주차장(도서관(본관)뒤 서측),36.379383,128.143199,24시간,1899-2100,2017-09-19
2205,양산주민편익시설,경상남도 양산시 동면 석산리 652,주차장내,35.32784676,129.0274741,24시간,1899-2100,2017-09-19
2216,이마트 사천점,경상남도 사천시 삼천포대교로 591,1층주차장(A기둥),34.950233,128.077154,06~23시,1899-2100,2017-09-19
2219,이마트 진주점,경상남도 진주시 진양호로 477,지하3층주차장 F기둥,35.191489,128.077416,10~22시,1899-2100,2017-09-19
2224,창선대교주차장,경상남도 남해군 창선면 대벽리 6-5,화장실앞 지상주차장,34.91666214,128.0303413,24시간,1899-2100,2017-09-19
2227,거창사과원예농협 하나로마트,경상남도 거창군 거창읍 수남로 2241,농협 주차장 농협건물 앞,35.678866,127.911338,24시간,1899-2100,2017-09-19
2223,유배문학관주차장,경상남도 남해군 남해읍 남변리 555,지상주차장,34.83234085,127.899904,24시간,1899-2100,2017-09-19
2222,케이블카제2주차장,경상남도 통영시 도남동 349-1,버스주차장 바로위 지상주차장,34.826465,128.426887,24시간,1899-2100,2017-09-19
2221,이마트 통영점,경상남도 통영시 광도면 죽림리 1566-2,건물위 지상주차장(출차앞),34.887743,128.418207,06~23시,1899-2100,2017-09-19
2225,거제농수산물종합유통센터,경상남도 거제시 상동동 590-1,주차장건물 들어와 왼쪽 A04기둥,34.87396408,128.6329585,24시간,1899-2100,2017-09-19
2228,장로회신학대학교,서울특별시 광진구 광장동 353,남문 주차장 앞,37.54945,127.104825,24시간,1899-2100,2017-09-20
2229,제주공항,제주특별자치도 제주시 용담이동 2002,C2 주차장,33.50475714,126.4933755,24시간,1899-2100,2017-09-27
2230,문화아파트,제주특별자치도 제주시 화북이동 4955-2,주차장,33.51376647,126.5556252,24시간,1899-2100,2017-09-29
2232,용두암1차현대아파트,제주특별자치도 제주시 용담삼동 505,주차장,33.51553129,126.507795,24시간,1899-2100,2017-09-29
2233,하얀빌라,제주특별자치도 제주시 노형동 1070-4,주차장,33.489905,126.4793746,24시간,1899-2100,2017-09-29
2234,하우스토리2차아파트,대전광역시 중구 문화동 1-31,지하3층,36.31998154,127.4146073,24시간,1899-2100,2017-09-29
2236,옥명대우2차,경상남도 거제시 능포동 224,관리사무소 옆 지상주차장,34.87471591,128.7336103,24시간  ※외부인 개방,1899-2100,2017-09-29
2238,일곡롯데아파트,광주광역시 북구 일곡동 814-3,(실내지하)주차장105동입구B5,35.21223577,126.896095,24시간,1899-2100,2017-09-29
2240,동화마을 신동아파밀리에,경기도 화성시 봉담읍 동화리 647,103동 앞 B1F 28,37.222437,126.958832,24시간  ※외부인 개방,1899-2100,2017-09-29
2241,롯데캐슬 스카이클래스,강원특별자치도 춘천시 온의동 590,104동 지하2층주차장,37.870086,127.718276,24시간,1899-2100,2017-09-29
2235,아주아파트,충청남도 논산시 내동 968,관리사무소옆 지상주차장,36.18781624,127.0979776,24시간,1899-2100,2017-09-29
2237,예당마을 신안인스빌아파트,경기도 남양주시 진접읍 금곡리 1117,P2주차장 지하2층 b05기둥,37.72340738,127.2080368,24시간,1899-2100,2017-09-29
2239,옥동3주공아파트,경상북도 안동시 은행나무로 106-6,"지상주차장(후문 옆, 312-313동 사이)",36.566171,128.695466,24시간  ※외부인 개방,1899-2100,2017-09-29
2245,소양강 공영주차장,강원특별자치도 춘천시 근화동 786-44,지상주차장,37.890401,127.721241,24시간,1899-2100,2017-10-17
2251,대방노블랜드 연리지3차,경상남도 양산시 물금읍 가촌리 1302-1,지하주차장,35.3121421,129.0049126,24시간,1899-2100,2017-10-19
2254,국민체육센터,충청북도 충주시 호암동 569,시설관리공단 사무실 옆,36.963094,127.926587,24시간,1899-2100,2017-10-23
2260,대전시립연정국악원 주차장,대전광역시 서구 만년동 396,지상주차장,36.366711,127.389686,24시간,1899-2100,2017-10-26
2262,사리현동문3단지아파트,경기도 고양시 일산동구 사리현동 189,왼쪽 지하주차장 1층,37.69892412,126.8475676,24시간,1899-2100,2017-10-27
2277,안산고잔7차푸르지오아파트,경기도 안산시 상록구 사동 1510,B1F,37.29604161,126.8181648,24시간,1899-2100,2017-10-27
2274,래미안상도3차아파트,서울특별시 동작구 대방동 상도로 53길 8,지하2층 328동 12호,37.49815,126.953982,24,1899-2100,2017-10-27
2273,보라매벚꽃마을아파트,서울특별시 영등포구 신길동 대방천로14길 34,지상주차장,37.49592104,126.9101936,24시간,1899-2100,2017-10-27
2261,양주금광1차아파트,경기도 양주시 덕계동 646-1,107동 P2 지하주차장 1층,37.8220118,127.0402525,24시간  ※외부인 개방,1899-2100,2017-10-27
2264,푸른마을6단지 풍림아이원 아파트,경기도 고양시 덕양구 고양동 724,입구 왼쪽지하1층 기둥번호A51,37.71272627,126.9050743,24시간,1899-2100,2017-10-27
2263,일산파밀리에2단지아파트,경기도 고양시 일산서구 덕이동 1529,지하주차장 지하3층 209동 D56(블루),37.69977416,126.7510489,24시간,1899-2100,2017-10-27
2275,힐스테이트상도프레스티지,서울특별시 동작구 상도동 상도로 346-2,주차장 진입 후 바로 우측,37.49475091,126.9482719,24,1899-2100,2017-10-27
2278,안산푸르지오6차아파트,경기도 안산시 상록구 사동 1512,제 5주차장 B1F B01,37.29567859,126.8238244,24시간,1899-2100,2017-10-27
2276,위례센트럴푸르지오아파트,경기도 성남시 수정구 창곡동 519,지하 4층 주차장,37.47087144,127.1527025,24시간,1899-2100,2017-10-27
2267,부영그린타운4단지,경기도 남양주시 다산동 4002-1,지하1층 전기실 앞 B05구역,37.61174603,127.1607309,24시간  ※외부인 개방,1899-2100,2017-10-27
2271,신성둔촌미소지움아파트 입주자대표회의,서울특별시 강동구 둔촌동 명일로 102,지하2층,37.527911,127.142992,24시간,1899-2100,2017-10-27
2268,부영그린타운5단지,경기도 남양주시 도농동 2-1,"(부채꼴중앙 관리소쪽 주차장) 지하1층 B22,23구역",37.611021,127.1600274,24시간  ※외부인 개방,1899-2100,2017-10-27
2327,양정힐스테이트1차 아파트,울산광역시 북구 양정동 500-33,지하주차장,35.55008932,129.3832129,24시간,1899-2100,2017-10-27
2293,시흥연성대우우성아파트,경기도 시흥시 장곡동 828,상가 앞 인도,37.380185,126.785807,24시간,1899-2100,2017-10-27
2296,무실세영리첼2차 아파트,강원특별자치도 원주시 무실동 1868-1,지하 2층 주차장 206동 뒷편,37.328913,127.929779,24시간,1899-2100,2017-10-27
2298,이끌린STAY,강원특별자치도 원주시 단계동 1115-2,지상 1층 후문 앞,37.347549,127.926545,24시간,1899-2100,2017-10-27
2299,양양서문주공아파트,강원특별자치도 양양군 양양읍 서문리 414,103동 옆,38.075493,128.61239,24시간  ※외부인 개방,1899-2100,2017-10-27
2300,진천갑을아파트,충청북도 진천군 광혜원면 죽현리 202,101동앞 지상주차장,36.94086171,127.428414,24시간  ※외부인 개방,1899-2100,2017-10-27
2334,벽산e-솔렌스힐2차,경상남도 거제시 상동동 927-9,입구정면 실내주차장 A25기둥,34.85999479,128.6298806,24시간  ※외부인 개방,1899-2100,2017-10-27
2284,마포래미안푸르지오 1단지,서울특별시 마포구 아현동 마포대로 195,지하주차장 4층 55번기둥,37.555274,126.95395,24시간,1899-2100,2017-10-27
2326,구포유림노르웨이숲,부산광역시 북구 구포동 1293,지하주차장,35.19619259,129.0029509,24시간  ※외부인 개방,1899-2100,2017-10-27
2322,태왕그린힐즈,"대구광역시 동구 파계로 46 (지묘동, 태왕그린힐즈)",101동 지하주차장,35.938917,128.639368,24시간,1899-2100,2017-10-27
2314,신대 중흥S클래스 6단지 메가타운,전라남도 순천시 해룡면 신대리 1968,(실내지하)2층 606동 3-5라인,34.935739,127.543654,24시간,1899-2100,2017-10-27
2324,매천화성파크드림,대구광역시 북구 매천동 매전로 17,지하1층,35.909805,128.543802,24시간  ※외부인 개방,1899-2100,2017-10-27
2287,마포래미안푸르지오 4단지,서울특별시 마포구 아현동 마포대로 195,지하주차장 4층 60번기둥,37.552737,126.953164,24시간,1899-2100,2017-10-27
2307,호반베르디움더클래스,전북특별자치도 전주시 덕진구 장동 1086,지하 주차장 210동 방향(구역 07),35.841419,127.062319,24시간  ※외부인 개방,1899-2100,2017-10-27
2317,옥산협화타운,경상북도 경산시 옥산동 884,102동 어린이집 옆 주차장,35.82077874,128.7191838,24시간  ※외부인 개방,1899-2100,2017-10-27
2313,천년나무아파트,전라남도 목포시 대성동 222,(실내지하)111동 주차장,34.801939,126.381872,24시간,1899-2100,2017-10-27
2323,대한동아침산1차무지개아파트,대구광역시 북구 침산동 침산로21길 24,지하주차장 1층 1-32,35.887253,128.588102,24시간  ※외부인 개방,1899-2100,2017-10-27
2329,봉암서광아파트,경상남도 창원시 마산회원구 봉암동 277,103동앞 주차장,35.216287,128.612899,24시간,1899-2100,2017-10-27
2332,일성한샘빌라1차,경상남도 통영시 무전동 1024-1,53라인 오른쪽 지상주차장,34.858548,128.424269,24시간,1899-2100,2017-10-27
2336,조양상떼빌,제주특별자치도 제주시 연동 연삼로 30,주차장,33.49337146,126.4954875,24시간,1899-2100,2017-10-27
2318,용흥현대1차아파트,경상북도 포항시 북구 용흥동 57-2,103동 앞 주차장,36.039716,129.358405,24시간  ※외부인 개방,1899-2100,2017-10-27
2316,첨단자이2단지아파트,광주광역시 북구 신용동 863,(실내지하)주차장2층205동입구,35.2118147,126.8690094,24시간,1899-2100,2017-10-27
2285,마포래미안푸르지오 2단지,서울특별시 마포구 아현동 마포대로 195,지하주차장 3층 61번기둥,37.553968,126.954621,06~23시,1899-2100,2017-10-27
2286,마포래미안푸르지오 3단지,서울특별시 마포구 아현동 마포대로 195,지하주차장 3층 33번기둥,37.554041,126.951517,24시간,1899-2100,2017-10-27
2289,정릉풍림아이원,서울특별시 성북구 정릉동 239,"110동 지하2층 1,2라인",37.618782,127.007279,24시간,1899-2100,2017-10-27
2315,빛가람로제비앙,"전라남도 나주시 그린로 153 (빛가람동, 대광로제비앙)",지하 주차장(G52),35.010355,126.78353,24시간,1899-2100,2017-10-27
2301,형석2차아파트,충청북도 청주시 흥덕구 가경동 766,지상 202동 뒤,36.6319138,127.4370717,24시간  ※외부인 개방,1899-2100,2017-10-27
2302,계룡리슈빌2차아파트,충청북도 충주시 연수동 1763,지하주차장 관리사무소 앞,36.989462,127.93219,24시간,1899-2100,2017-10-27
2308,남원산이고운코아루,전북특별자치도 남원시 월락동 659,106동 뒤 지상 주차장,35.426764,127.402913,24시간  ※외부인 개방,1899-2100,2017-10-27
2306,호반베르디움 더센트럴2,전북특별자치도 전주시 덕진구 장동 1075,지하 주차장 608동 606동 사이(구역 30),35.840541,127.060628,24시간,1899-2100,2017-10-27
2309,은파코아루,전북특별자치도 군산시 지곡동 158-1,106동 앞 지상 주차장,35.954713,126.707748,24시간,1899-2100,2017-10-27
2310,수완대방노블랜드3차아파트,광주광역시 광산구 장덕동 1693,(실내지하)B1 지하주차장(52),35.18736052,126.8174557,24시간,1899-2100,2017-10-27
2311,근화베아채아파트,전라남도 무안군 삼향읍 남악리 1480,(실내지하) 106동 6-7라인 지하,34.813349,126.470191,24시간,1899-2100,2017-10-27
2282,예현마을현대홈타운,경기도 용인시 기흥구 서천동 705,107동 B1F,37.24126985,127.0678837,24시간,1899-2100,2017-10-27
2330,현대아파트,경상남도 밀양시 내이동 1515,지상1층 103동 바로앞,35.50548211,128.7406468,24시간,1899-2100,2017-10-27
2319,월성화성타운,대구광역시 달서구 월성동 학산로2길 27,지상주차장(101동 67라인 앞),35.82554,128.534295,24시간  ※외부인 개방,1899-2100,2017-10-27
2291,한화에코메트로5단지아파트,인천광역시 남동구 논현동 755-1,지하2층 GO-40,37.39892,126.73143,24시간,1899-2100,2017-10-27
2333,덕진봄아파트,경상남도 거제시 사등면 지석리 1224-1,아파트입구 정면 주차장,34.90758871,128.5120479,24시간  ※외부인 개방,1899-2100,2017-10-27
2294,백석마을 신일해피트리,경기도 김포시 통진읍 도사리 972,"지하1층주차장(102동, 103동)",37.680433,126.62185,24시간,1899-2100,2017-10-27
2304,호암리버빌아파트,충청북도 충주시 호암동 221-23,102동 분리수거장 옆,36.954265,127.938275,24시간  ※외부인 개방,1899-2100,2017-10-27
2331,광려천벽산블루밍2차아파트,경상남도 함안군 칠원읍 오곡리 113,206동뒤(지상),35.27600883,128.5215869,24시간  ※외부인 개방,1899-2100,2017-10-27
2279,초지두산위브아파트,경기도 안산시 단원구 초지동 796,B2F B01,37.32607845,126.8041477,24시간,1899-2100,2017-10-27
2321,지산화성파크드림,"대구광역시 수성구 지범로17길 85 (지산동, 지산 화성 파크드림)",지하1층,35.827664,128.627982,24시간,1899-2100,2017-10-27
2292,목감네이처하임아파트,경기도 시흥시 조남동 720,지하1층 출구쪽,37.37988,126.865384,24시간,1899-2100,2017-10-27
2280,신안인스빌리베라,경기도 화성시 청계동 545,B2F D163,37.19402755,127.1178137,24시간,1899-2100,2017-10-27
2320,영조아름다운나날1단지,"대구광역시 동구 안심로 402 (신서동, 영조아름다운나날1단지)",103동 지하1층 주차장,35.868114,128.729575,24시간,1899-2100,2017-10-27
2281,상현마을성원상떼빌3차,경기도 용인시 수지구 상현동 866,제4주차장 B1F B5,37.30010128,127.0779265,24시간,1899-2100,2017-10-27
2305,산호옥마을아파트,충청남도 서산시 인지면 둔당리 307,지상 주차장 103동 건물뒤,36.75573932,126.4204811,24시간  ※외부인 개방,1899-2100,2017-10-27
2290,구월힐스테이트1단지,인천광역시 남동구 구월동 23,지하2층 다-30,37.454435,126.713809,24시간,1899-2100,2017-10-27
2288,브라운스톤돈암아파트,서울특별시 성북구 돈암동 636,"108동 지하2층 1,2호라인 바15",37.597049,127.018558,24시간,1899-2100,2017-10-27
2339,노은리슈빌3차아파트,대전광역시 유성구 지족동 1030,지하주차장,36.384848,127.309115,24시간,1899-2100,2017-10-27
2338,효성해링턴플레이스아파트,대전광역시 서구 관저동 1595,지하주차장,36.292977,127.340941,24시간,1899-2100,2017-10-27
2337,한신아파트,"대전광역시 서구 계룡로536번길 9 (괴정동, 한신아파트)",지상주차장,36.342021,127.382561,24시간  ※외부인 개방,1899-2100,2017-10-27
2340,별내아이파크1차,경기도 남양주시 별내동 854,지하2층 1611동 87,37.66208696,127.1177879,24시간,1899-2100,2017-10-31
2344,후곡17단지태영아파트,경기도 고양시 일산서구 일산동 1087,관리소오른쪽 지하1층,37.67526447,126.7703608,24시간,1899-2100,2017-10-31
2345,강동역 신동아 파밀리에,서울특별시 강동구 천호동 천호대로 1089,지하2층 1101동 12번 기둥,37.536822,127.133259,24시간,1899-2100,2017-10-31
2341,브라운스톤흥선,경기도 의정부시 가능동 224-191,"103,104동 지하1층 07구역",37.74165136,127.0301465,24시간,1899-2100,2017-10-31
2342,송산주공7단지아파트,경기도 의정부시 민락동 736-1,입구오른쪽 지하주차장 1층,37.74065469,127.0882868,24시간  ※외부인 개방,1899-2100,2017-10-31
2346,강일리버파크10단지,서울특별시 강동구 강일동 고덕로97길 20,1007동 뒤쪽 지하주차장 진입 1010동 B65 기둥,37.559002,127.18087,24시간,1899-2100,2017-10-31
2347,한강극동아파트,서울특별시 송파구 풍납동 토성로 38-6,108동 지상주차장 노인정 앞,37.529071,127.11161,24시간,1899-2100,2017-10-31
2351,천왕연지타운1단지,서울특별시 구로구 오류동 오류로 30,지하주차장 2층 106동 24번 기둥,37.48642952,126.8400162,06~23시,1899-2100,2017-10-31
2349,구로삼성래미안,서울특별시 구로구 구로동 256-1,직진P4 지하2층 좌 좌 48기둥,37.48750664,126.8920287,24시간,1899-2100,2017-10-31
2348,개봉대상아파트,서울특별시 구로구 개봉동 477,지하1층,37.48227983,126.8498977,06~23시,1899-2100,2017-10-31
2350,롯데캐슬엠파이어,서울특별시 영등포구 여의도동 의사당대로 127,지하5층 6번 기둥,37.52024136,126.9264086,24시간,1899-2100,2017-10-31
2356,방배1차 e편한세상,서울특별시 서초구 방배동 884-2,B2-103,37.48724783,126.999014,24시간,1899-2100,2017-10-31
2352,강서한강자이아파트,서울특별시 강서구 가양동 양천로55길 55,지하2층 연두색 47 기둥,37.56647076,126.8481217,06~23시,1899-2100,2017-10-31
2357,LH강남힐스테이트,서울특별시 강남구 자곡동 자곡로3길 21,503동 관리동 지하2층,37.471028,127.088781,24시간,1899-2100,2017-10-31
2355,반포미도아파트,서울특별시 서초구 반포동 60-4,306동 뒤 지상,37.50115186,127.0086289,24시간,1899-2100,2017-10-31
2353,마곡수명산파크1단지,서울특별시 강서구 내발산동 742,105-106동 지하1층 C15 기둥,37.55356618,126.830534,06~23시,1899-2100,2017-10-31
2366,동탄2 하우스디더레이크,경기도 화성시 송동 693,B1F A11,37.17441306,127.1040372,24시간,1899-2100,2017-10-31
2362,한빛아파트,경기도 평택시 비전동 876,104동 지상주차장,36.99605127,127.1157653,24시간,1899-2100,2017-10-31
2363,동편마을4단지,경기도 안양시 동안구 관양동 1669,B1 055,37.40907327,126.9691405,24시간,1899-2100,2017-10-31
2367,오산자이아파트,경기도 오산시 청호동 321,109동 뒤 B1F A51,37.1308405,127.0809048,24시간,1899-2100,2017-10-31
2361,청북한양수자인아파트,경기도 평택시 청북읍 옥길리 1150,B2F O82,37.023729,126.921015,24시간,1899-2100,2017-10-31
2360,삼성동현대아파트,서울특별시 강남구 삼성동 학동로64길 14,지하2층 우회전우회전 끝,37.51676357,127.0446125,24시간,1899-2100,2017-10-31
2359,래미안강남힐즈,서울특별시 강남구 자곡동 자곡로 101,지하1층 들어가서 바로 좌측,37.47265589,127.0958063,24시간,1899-2100,2017-10-31
2365,안성공도KCC스위첸,경기도 안성시 공도읍 만정리 877,114동 B1F B02,37.00095572,127.1776314,24시간,1899-2100,2017-10-31
2364,처인구코아루아파트,경기도 용인시 처인구 고림동 1002,제5주차장 B1F 5-02,37.258231,127.236971,24시간  ※외부인 개방,1899-2100,2017-10-31
2375,심곡마을광교힐스테이트,경기도 용인시 수지구 상현동 1099,B2F A119,37.30844102,127.0738202,24시간,1899-2100,2017-10-31
2371,교동마을쌍용,경기도 용인시 기흥구 마북동 621,B1F A05,37.3031583,127.1276366,24시간,1899-2100,2017-10-31
2373,도담마을우미이노스빌1차,경기도 용인시 수지구 죽전동 1261,P1 21,37.32601259,127.1196896,24시간  ※외부인 개방,1899-2100,2017-10-31
2368,제일오투그란데,경기도 화성시 향남읍 행정리 491,1101동 B1F E13,37.1285783,126.9223376,24시간,1899-2100,2017-10-31
2369,더베일리하우스,경기도 광주시 오포읍 신현리 825-17,204동 지상주차장,37.35357222,127.1488287,24시간,1899-2100,2017-10-31
2372,금화마을주공4단지,경기도 용인시 기흥구 상갈동 463,B1F C02,37.26263471,127.1101491,24시간,1899-2100,2017-10-31
2374,성동마을LG빌리지3차,경기도 용인시 수지구 성복동 726,311동 옆 주차장 B1F 09,37.3181875,127.0728064,24시간,1899-2100,2017-10-31
2380,창동2차현대아파트,서울특별시 도봉구 창동 도봉로136길 111,B2 126-127 벽면사이,37.660905,127.04586,24시간  ※외부인 개방,1899-2100,2017-10-31
2381,상암월드컵파크3단지,서울특별시 마포구 상암동 월드컵로 338,지하주차장 2층58기둥,37.573609,126.889656,24시간,1899-2100,2017-10-31
2376,엘지빌리지 5차 A단지,경기도 용인시 수지구 신봉동 870,B1F 42,37.32641906,127.0725307,24시간,1899-2100,2017-10-31
2378,공릉풍림아파트,서울특별시 노원구 공릉동 섬밭로 139,지하2층 전기실앞,37.629093,127.067499,24시간,1899-2100,2017-10-31
2387,연수대우삼환아파트,인천광역시 연수구 동춘동 925-7,107동 주차장 (제4주차장),37.405989,126.678961,24시간,1899-2100,2017-10-31
2377,화성파크드림아파트,경기도 용인시 기흥구 보라동 633,B1F B03,37.24860013,127.1121886,24시간,1899-2100,2017-10-31
2382,삼선 SK뷰 아파트,서울특별시 성북구 삼선동3가 116,103동 지하2층 09,37.58777,127.011914,24시간,1899-2100,2017-10-31
2383,해모로아파트,서울특별시 강북구 번동 139,지하1층 27,37.626598,127.037899,24시간,1899-2100,2017-10-31
2386,송도더샵센트럴파크2차아파트,인천광역시 연수구 송도동 23-4,지하2층 C11번 기둥(연두색),37.394218,126.641583,24시간,1899-2100,2017-10-31
2379,방학금광포란재,서울특별시 도봉구 방학동 도봉로150바길 26,지하1층 들어가자마자 좌측,37.664732,127.045172,24시간  ※외부인 개방,1899-2100,2017-10-31
2384,산곡한신휴아파트,인천광역시 부평구 산곡동 222,"지하주차장 94, 101번",37.498792,126.703205,24시간,1899-2100,2017-10-31
2392,강릉 교동2차현대아파트,강원특별자치도 강릉시 교동 1767,203동204동사이 지하주차장,37.763335,128.881193,24시간,1899-2100,2017-10-31
2394,서희스타힐스리버파크,"강원특별자치도 강릉시 회산로 344 (회산동, 서희스타힐스 리버파크 아파트)",지하1층 관리사무소 앞 주차장,37.737238,128.865185,24시간,1899-2100,2017-10-31
2389,은행녹원아파트,경기도 시흥시 은행동 289-33,지하1층주차장(수전실방향),37.43064,126.796284,24시간,1899-2100,2017-10-31
2393,삼우골든아파트,강원특별자치도 강릉시 포남동 898-17,지하주차장,37.760669,128.9060886,24시간,1899-2100,2017-10-31
2390,검단아이파크아파트,인천광역시 서구 마전동 998-4,제2주차장 지하1층 01,37.601538,126.665722,24시간,1899-2100,2017-10-31
2398,강산동신아파트,충청남도 논산시 강산동 645,입구우측지상주차장,36.19158052,127.0894153,24시간,1899-2100,2017-10-31
2391,봉화산이편한세상 아파트,강원특별자치도 원주시 단계동 1095-1,관리사무소 앞,37.350455,127.926913,24시간,1899-2100,2017-10-31
2396,현대아파트,강원특별자치도 삼척시 원당동 122-3,104동 뒤편 주차장,37.44030294,129.1522897,24시간,1899-2100,2017-10-31
2395,코아루타워아파트,강원특별자치도 삼척시 교동 781,101동 지하3층 기계실 앞 주차장,37.45107529,129.1710746,24시간,1899-2100,2017-10-31
2397,장자마을10단지 부영아파트,충청북도 청주시 상당구 금천동 318,1003동앞 지상주차장,36.62719874,127.5101119,24시간  ※외부인 개방,1899-2100,2017-10-31
2406,서신대우대창아파트,"전북특별자치도 전주시 완산구 새터로 100 (서신동, 대우대창아파트)",103동 지하주차장,35.834536,127.117905,24시간  ※외부인 개방,1899-2100,2017-10-31
2401,범지기 3단지,세종특별자치시 아름동 1297,지하주차장,36.517548,127.245281,24시간,1899-2100,2017-10-31
2409,근화베아채스위트아파트,전라남도 무안군 삼향읍 남악리 2532,(실내지하)208 지하주차장 E20,34.806834,126.473554,24시간,1899-2100,2017-10-31
2408,상무버들1단지,광주광역시 서구 유촌동 864,(실내지하)107동 앞 지하주차장,35.165531,126.861148,24시간,1899-2100,2017-10-31
2400,가락마을21단지,세종특별자치시 고운동 1390,지하주차장,36.517668,127.240615,24시간,1899-2100,2017-10-31
2403,뉴캐슬아파트,전북특별자치도 정읍시 수성동 940,지하 주차장,35.578625,126.858051,24시간,1899-2100,2017-10-31
2407,옥성골든카운티 노인복지주택,"전북특별자치도 전주시 완산구 중인1길 136-20 (중인동, 옥성골든카운티)",아파트 내 골든복마트 옆 노면,35.768111,127.090464,24시간  ※외부인 개방,1899-2100,2017-10-31
2402,송천케이제이라미안아파트,전북특별자치도 전주시 덕진구 송천동1가 805,지하 주차장(구역 101동1),35.866332,127.115847,24시간  ※외부인 개방,1899-2100,2017-10-31
2412,순천 롯데캐슬,전라남도 순천시 왕지동 843,(실외완전노출)지상주차장 109동 앞,34.97530306,127.5272871,24시간,1899-2100,2017-10-31
2411,금강메트로빌아파트,전라남도 순천시 조곡동 566,(실내지하)101동 3.4라인 주차장,34.95868112,127.4976882,24시간,1899-2100,2017-10-31
2418,한빛타운,대구광역시 달성군 화원읍 비슬로491길 13,지상주차장(관리사무소 서측),35.79842,128.485948,24시간,1899-2100,2017-10-31
2417,진천역AK그랑폴리스,대구광역시 달서구 유천동 월배로11길 33,지상주차장(115동 남측),35.813895,128.517482,24시간,1899-2100,2017-10-31
2414,두암현대1차,광주광역시 북구 두암동 72-4,(실내지하)101동주차장끝지점,35.17297925,126.9368523,24시간,1899-2100,2017-10-31
2419,삼덕청아람리슈빌,대구광역시 중구 삼덕동3가 달구벌대로447길 77,102동 지하 1층 주차장,35.866351,128.606664,24시간  ※외부인 개방,1899-2100,2017-10-31
2415,용봉동쌍용예가,광주광역시 북구 용봉동 999,(실내지하)주차장관리사무소B-23,35.18594018,126.890413,24시간,1899-2100,2017-10-31
2413,순천 서해골드빌,전라남도 순천시 조례동 1730-1,(실외완전노출)102동 옆,34.97177714,127.5198259,24시간,1899-2100,2017-10-31
2416,북죽곡엠코타운더솔레뉴,대구광역시 달성군 다사읍 세천로 160,"지하주차장(101동앞, 지하2층 입구)",35.874268,128.480017,24시간,1899-2100,2017-10-31
2422,양산가촌휴먼시아,경상남도 양산시 물금읍 가촌리 800,지하주차장,35.32381248,128.9954917,24시간,1899-2100,2017-10-31
2420,선우2차 아파트,경상남도 양산시 평산동 117-1,지하주차장,35.38048092,129.1495053,24시간,1899-2100,2017-10-31
2423,엘크루블루오션C2,부산광역시 강서구 명지동 3243,지하주차장,35.08407341,128.9083455,24시간,1899-2100,2017-10-31
2421,신창비바패밀리아파트,경상남도 양산시 물금읍 범어리 2713-1,지하주차장,35.33226243,129.0188585,24시간,1899-2100,2017-10-31
2426,진주혁신도시 센텀리버파크,경상남도 진주시 충무공동 사들로 157,101동34라인앞 지하1층주차장  B12기둥,35.182103,128.148228,24시간  ※외부인 개방,1899-2100,2017-10-31
2427,다담빌리지,제주특별자치도 제주시 아라이동 아봉로 88,주차장,33.47771795,126.5532709,24시간,1899-2100,2017-10-31
2429,답십리래미안위브1블럭,서울특별시 동대문구 답십리로 130,지하주차장 1층 201동 5-6라인,37.571654,127.054289,24시간,1899-2100,2017-11-02
2430,답십리래미안위브2블럭,서울특별시 동대문구 답십리로 130,지하주차장 2층 311동 3-4라인,37.570246,127.052799,24시간,1899-2100,2017-11-02
2432,대원칸타빌2차아파트,충청북도 청주시 청원구 주성동 1023,지하2층주차장 308동 18 기둥,36.673121,127.494253,24시간,1899-2100,2017-11-07
2441,대관령면 관광안내소,강원특별자치도 평창군 대관령면 횡계리 376-10,관광안내소 주차장,37.67866,128.699797,24시간,1899-2100,2017-11-14
2434,교1동주민센터,강원특별자치도 강릉시 교동 1874-3,주민센터 지상주차장,37.76554833,128.8745249,24시간,1899-2100,2017-11-14
2436,홍제동 공영주차장,강원특별자치도 강릉시 홍제동 157,지상 공영주차장,37.75345,128.882694,24시간,1899-2100,2017-11-14
2438,주문진해수욕장,강원특별자치도 강릉시 주문진읍 향호리 8-17,주문진해수욕장 지상주차장,37.9101982,128.8178855,24시간,1899-2100,2017-11-14
2443,용평리조트,강원특별자치도 평창군 대관령면 용산리 130,그린변전실 앞 지상주차장,37.644172,128.676355,24시간,1899-2100,2017-11-14
2446,강원랜드,강원특별자치도 정선군 사북읍 사북리 424,컨밴션 호텔 정문앞,37.212817,128.822428,24시간,1899-2100,2017-11-14
2435,허균허난설헌기념공원,강원특별자치도 강릉시 초당동 390,허균허난설헌기념공원 지상주차장,37.79114449,128.9100284,24시간,1899-2100,2017-11-14
2445,파크로쉬(알파인경기장),강원특별자치도 정선군 북평면 숙암리 482,호텔 정문 앞,37.474902,128.611598,24시간,1899-2100,2017-11-14
2442,알펜시아리조트,강원특별자치도 평창군 대관령면 용산리 425,홀리데이인스위트 지상주차장,37.65831,128.671943,24시간,1899-2100,2017-11-14
2440,HAPPY700 평창시네마,강원특별자치도 평창군 용평면 장평리 374-2,해피700평창시네마 지상주차장,37.589094,128.41683,24시간,1899-2100,2017-11-14
2439,교2동주민센터,강원특별자치도 강릉시 교동 723-5,교2동주민센터 지상주차장,37.76794191,128.8923834,24시간,1899-2100,2017-11-14
2437,경포해수욕장,강원특별자치도 강릉시 안현동 868-2,경포상가번영회 앞 공영주차장,37.802467,128.903439,24시간,1899-2100,2017-11-14
2433,녹색도시체험센터,강원특별자치도 강릉시 운정동 484,녹색도시체험센터 지상주차장,37.788754,128.906722,24시간,1899-2100,2017-11-14
2444,정선군청,강원특별자치도 정선군 정선읍 봉양리 267,군청옆 지상주차장,37.380487,128.661244,24시간,1899-2100,2017-11-14
2450,용인실내체육관,경기도 용인시 처인구 마평동 703,지상주차장,37.23788696,127.2133051,24시간,1899-2100,2017-11-17
2456,동부도서관,경기도 용인시 처인구 역북동 504-1,지상주차장,37.23361319,127.1903166,24시간,1899-2100,2017-11-17
2455,용인자연휴양림,경기도 용인시 처인구 모현읍 초부리 산 22,숲속체험관 앞 지상주차장,37.31305716,127.2708886,24시간,1899-2100,2017-11-17
2459,기흥구청,경기도 용인시 기흥구 구갈동 355,B1F,37.28021175,127.1147125,24시간,1899-2100,2017-11-17
2454,유림동주민센터,경기도 용인시 처인구 유방동 475-20,지상주차장,37.25257801,127.2115545,24시간,1899-2100,2017-11-17
2453,원삼면사무소,경기도 용인시 처인구 원삼면 고당리 88-1,지상주차장,37.16642524,127.3131015,24시간,1899-2100,2017-11-17
2451,이동읍사무소,경기도 용인시 처인구 이동읍 송전리 750-3,지상주차장,37.14109755,127.1959484,24시간,1899-2100,2017-11-17
2452,양지면사무소,경기도 용인시 처인구 양지면 양지리 701-9,지상주차장,37.23525575,127.2797769,24시간,1899-2100,2017-11-17
2457,동부동주민센터,경기도 용인시 처인구 마평동 533-8,지상주차장,37.23285547,127.2191565,24시간,1899-2100,2017-11-17
2474,동의보감촌 주차장,경상남도 산청군 금서면 특리 1300-30,지상주차장 입구 왼쪽편,35.442317,127.830126,24시간,1899-2100,2017-11-17
2462,상현도서관,경기도 용인시 수지구 상현동 1129-2,B1F A6,37.29978667,127.0742378,도서관개장시간,1899-2100,2017-11-17
2471,화천민원센터,경상남도 창원시 의창구 북면 외감리 165-1,센터 앞,35.29961192,128.6027814,24시간,1899-2100,2017-11-17
2472,포로수용소유적공원,경상남도 거제시 고현동 362,관광안내소 앞 지상주차장,34.87559996,128.6246604,24시간,1899-2100,2017-11-17
2476,자하곡매표소 주차장,경상남도 창녕군 창녕읍 말흘리 35,화장실앞 지상주차장,35.540175,128.507549,24시간,1899-2100,2017-11-17
2473,거류체육공원 주차장,경상남도 고성군 거류면 신용리 888,지상주차장,34.983127,128.405541,24시간,1899-2100,2017-11-17
2463,아르피아주차장,경기도 용인시 수지구 죽전동 1003-43,B1F 34,37.32875476,127.1058272,24시간,1899-2100,2017-11-17
2461,영덕동주민센터,경기도 용인시 기흥구 영덕동 1208,실내주차장,37.27784394,127.0745489,09:00-18:00,1899-2100,2017-11-17
2477,창녕군 우포늪관리사무소 주차장,경상남도 창녕군 유어면 세진리 423,우포늪복원센터 옆,35.54259479,128.4166838,24시간,1899-2100,2017-11-17
2475,산청실내체육관주차장,경상남도 산청군 금서면 매촌리 1,체육관건물 오른쪽 지상주차장,35.421968,127.872601,24시간,1899-2100,2017-11-17
2460,신갈동주민센터,경기도 용인시 기흥구 신갈동 60-3,B2F 19,37.27258207,127.1067518,09:00-18:00,1899-2100,2017-11-17
2491,신흥동 주민센터,전라남도 목포시 상동 959,(실외완전노출)주민센터 뒤쪽,34.79886788,126.4188993,24시간,1899-2100,2017-11-17
2487,목포유통센터,전라남도 목포시 석현동 247,(실외완전노출)주차장 우측 끝,34.81932128,126.4297243,24시간,1899-2100,2017-11-17
2485,안동버스터미널 공영주차장,경상북도 안동시 송현동 910-1,지상주차장 입구옆(북측),36.573801,128.676123,24시간,1899-2100,2017-11-17
2483,농업기술센터 주차장,경상남도 함양군 함양읍 이은리 67,정문에서 왼쪽 지상주차장,35.50759186,127.7413973,24시간,1899-2100,2017-11-17
2478,최참판댁 소형 주차장,경상남도 하동군 악양면 평사리 378-9,지상주차장,35.151051,127.689676,24시간,1899-2100,2017-11-17
2492,원형1공영주차장,전라남도 목포시 상동 1133,(실외완전노출)입구에서 1시방향,34.79806459,126.4302707,24시간,1899-2100,2017-11-17
2489,목포시청 민원주차장,전라남도 목포시 용당동 1188-2,(실외완전노출)시청건물 옆,34.81167768,126.3923031,06~23시,1899-2100,2017-11-17
2479,화개장터 주차장,경상남도 하동군 화개면 탑리 734-5,1동앞 지상주차장,35.188769,127.625339,24시간,1899-2100,2017-11-17
2482,수동공영주차장,경상남도 함양군 수동면 화산리 1186-4,공중화장실 뒤 지상주차장,35.52145614,127.7846325,24시간,1899-2100,2017-11-17
2490,부주동 행정복지센터,전라남도 목포시 옥암동 1249,(실외완전노출)지상주차장,34.81047111,126.4476239,24시간,1899-2100,2017-11-17
2493,원형2공영주차장,전라남도 목포시 상동 1130,(실외완전노출)입구에서 1시방향,34.79910443,126.4324467,24시간,1899-2100,2017-11-17
2486,하회마을,경상북도 안동시 풍천면 하회리 257,지상주차장(관리사무소 앞),36.55031,128.52846,24시간,1899-2100,2017-11-17
2494,자동차등록사무소,전라남도 목포시 연산동 1236-10,(실외완전노출)자동차 등록사무소 입구,34.81317787,126.3767097,06~23시,1899-2100,2017-11-17
2484,합천영상테마파크,경상남도 합천군 용주면 가호리 256-5,푸드직매장 지상주차장(주소: 용주면 가호리 418),35.547921,128.072368,24시간,1899-2100,2017-11-17
2488,동부시장공영주차장,전라남도 목포시 용당동 1053-8,(실내지상)공영 주차장,34.80457749,126.393387,24시간,1899-2100,2017-11-17
2510,가로공원 공영주차장,서울특별시 양천구 신월동 263,지하1층 나 20기둥,37.53598736,126.8290441,24시간,1899-2100,2017-11-17
2495,북항광장 공영주차장,전라남도 목포시 죽교동 620-72,(실외완전노출)공영 주차장 입구 정면,34.802742,126.3686511,24시간,1899-2100,2017-11-17
2498,드라마촬영장,전라남도 순천시 비례골길 24,(실외완전노출)주차장 내 화장실 옆,34.958482,127.538166,09~18시,1899-2100,2017-11-17
2499,서면사무소,전라남도 순천시 서면 동산리 873,(실외완전노출)주차장 입구 우측,34.99474032,127.4884901,24시간,1899-2100,2017-11-17
2502,왕지수매골 주차장,전라남도 순천시 조례동 1808-10,(실외완전노출)공영 주차장 내,34.9562844,127.5334795,24시간,1899-2100,2017-11-17
2497,낙안읍성 주차장,전라남도 순천시 낙안면 평촌리 10-2,(실외완전노출)주차장 공중화장실 옆,34.90351008,127.3438535,24시간,1899-2100,2017-11-17
2500,순천만습지 주차장,전라남도 순천시 대대동 162-2,(실외완전노출)주차장 입구 좌측,34.886206,127.507793,06~23시,1899-2100,2017-11-17
2507,강남구청 공영주차장,서울특별시 강남구 삼성동 16-1,우측 지상주차장,37.517705,127.046821,09:00~18:00,1899-2100,2017-11-17
2496,금당공용주차장,전라남도 순천시 연향동 1513-1,(실외완전노출)공영 주차장 내,34.94462537,127.5258267,24시간,1899-2100,2017-11-17
2501,연향도서관,전라남도 순천시 연향동 1379-1,(실외완전노출)주차장 입구 좌측,34.94695882,127.5185178,24시간,1899-2100,2017-11-17
2513,서울에너지공사 주차장,서울특별시 양천구 목동 900,테니스장 앞 지상,37.5401156,126.8837631,06~23시,1899-2100,2017-11-17
2521,양덕 한마음 체육관,경상북도 포항시 북구 새천년대로 1460 (양덕동),지상주차장,36.07841,129.407284,24시간,1899-2100,2017-11-17
2514,달성유통센터,대구광역시 달성군 화원읍 설화리 555,지하주차장(서측),35.79960878,128.4870831,06~23시,1899-2100,2017-11-17
2523,금산수삼센터주차장,충청남도 금산군 금산읍 중도리 22-1,금산수삼센터주차장,36.09899971,127.4964148,24시간,1899-2100,2017-11-17
2519,포항문화원,"경상북도 포항시 북구 새천년대로 909 (우현동, 포항문화원)",뒷편주차장,36.053396,129.361076,24시간,1899-2100,2017-11-17
2529,금마면사무소 부설주차장,충청남도 홍성군 금마면 부평리 438-5,금마면사무소 버스정류장 옆,36.611808,126.73229,24시간,1899-2100,2017-11-17
2525,2생활권 환승주차장2(B),세종특별자치시 나성동 778,지하주차장,36.48143146,127.2621496,24시간,1899-2100,2017-11-17
2515,경주화백컨벤션센터,경상북도 경주시 신평동 182,지상주차장,35.83863,129.28921,24시간,1899-2100,2017-11-17
2524,2생활권 환승주차장1(A),세종특별자치시 나성동 719,지하주차장,36.4810037,127.2612761,24시간,1899-2100,2017-11-17
2517,경주 예술의 전당,경상북도 경주시 황성동 988,지상주차장,35.86229459,129.2063226,24시간,1899-2100,2017-11-17
2516,불국사주차장,경상북도 경주시 진현동 50-2,지상주차장,35.785666,129.329694,24시간,1899-2100,2017-11-17
2520,연일읍사무소,"경상북도 포항시 납구 연일읍 철강로 10 (괴정리, 연일읍사무소, 연일읍보건지소)",지상주차장,35.992259,129.343992,24시간,1899-2100,2017-11-17
2526,만리포 보건진료소 부설주차장,충청남도 태안군 소원면 모항리 1393,만리포 공영주차장 도로변 쪽,36.782634,126.143817,24시간,1899-2100,2017-11-17
2512,서울시립어린이병원,서울특별시 서초구 내곡동 6-7,1층 주차장,37.45571764,127.0688536,24시간,1899-2100,2017-11-17
2528,홍성읍사무소 부설주차장,충청남도 홍성군 홍성읍 오관리 474-7,홍성읍사무소 부설주차장,36.596892,126.663076,24시간,1899-2100,2017-11-17
2518,포항시청,"경상북도 포항시 남구 시청로 1 (대잠동, 포항시청)",본관 1층주차장,36.019337,129.343133,24시간,1899-2100,2017-11-17
2539,서울 새활용플라자,서울특별시 성동구 자동차시장길 49,정문 좌측 지상주차장,37.558589,127.058496,24시간,1899-2100,2017-11-17
2534,녹산산단 공영주차장,부산광역시 강서구 송정동 1759,야외주차장,35.08404871,128.8402306,24시간,1899-2100,2017-11-17
2540,노원구청,서울특별시 노원구 상계동 701-1,지상 주차장 입구 우측,37.653754,127.056952,24시간,1899-2100,2017-11-17
2541,마포중앙도서관,서울특별시 마포구 성산동 275-3,주차장 지하1층,37.56378915,126.908449,24시간,1899-2100,2017-11-17
2536,울산 남구청,울산광역시 남구 달동 1320-1,남구청 동편 출구,35.543727,129.330769,24시간,1899-2100,2017-11-17
2532,을숙도 공영주차장,부산광역시 사하구 하단동 1149-35,을숙도 공원내 테니스장 주차장,35.10930717,128.9461858,24시간,1899-2100,2017-11-17
2543,서북병원,서울특별시 은평구 역촌동 산 31-1,지상주차장,37.60430826,126.9037142,24시간,1899-2100,2017-11-17
2530,구항면사무소 부설주차장,충청남도 홍성군 구항면 오봉리 735-1,구항면사무소 주차장 입구,36.58774471,126.6108474,24시간,1899-2100,2017-11-17
2533,부산문화회관,부산광역시 남구 대연동 848-4,주차장,35.12757897,129.0929746,09시~24시,1899-2100,2017-11-17
2542,용산전자상가1 공영주차장,서울특별시 용산구 한강로3가 12,지상주차장 오른쪽 끝,37.531767,126.965127,24시간,1899-2100,2017-11-17
2535,차량등록사업소(2개소),울산광역시 북구 진장동 286-2,차량등록사업소 내,35.57129451,129.3559998,24시간,1899-2100,2017-11-17
2553,G-Tower(경제자유구역청),인천광역시 연수구 송도동 24-4,B2 zoneC 16,37.396513,126.633746,06~23시,1899-2100,2017-11-17
2551,계양구청,인천광역시 계양구 계산동 1079-1,서측주차장 그린존,37.537318,126.73689,24시간,1899-2100,2017-11-17
2562,근대역사박물관,전북특별자치도 군산시 장미동 1-67,역사박물관 주차장 군산 내항 배수펌프장 옆,35.990704,126.713861,24시간,1899-2100,2017-11-17
2563,은파호수공원,전북특별자치도 군산시 나운동 1223-5,공원 주차장 은파 관리사무소 뒤,35.955432,126.689087,24시간,1899-2100,2017-11-17
2561,월명종합체육관,전북특별자치도 군산시 사정동 152,월명 종합 체육관 야구장 주차장,35.96614971,126.7491888,24시간,1899-2100,2017-11-17
2564,대야면주민센터,전북특별자치도 군산시 대야면 지경리 731-11,면사무소 주차장,35.946338,126.811237,24시간,1899-2100,2017-11-17
2558,삼례읍사무소,전북특별자치도 완주군 삼례읍 삼례리 1691-2,건물 뒤편 주차장,35.913281,127.078473,24시간,1899-2100,2017-11-17
2555,용유동사무소,인천광역시 중구 남북동 928-6,용유동사무소 뒷편 테니스장과 건물 사,37.443996,126.402333,24시간,1899-2100,2017-11-17
2557,봉동읍사무소,전북특별자치도 완주군 봉동읍 삼봉로 933,건물 뒤편 주차장,35.941694,127.165772,24시간,1899-2100,2017-11-17
2559,완주군청,전북특별자치도 완주군 용진읍 지암로 61,건물 뒤편 주차장 군청 후문 출입구 옆,35.905003,127.162328,24시간,1899-2100,2017-11-17
2560,덕진구청,전북특별자치도 전주시 덕진구 벚꽃로 55,구청 주차장 민원실 입구 옆,35.829318,127.134903,24시간,1899-2100,2017-11-17
2554,인천테크노파크,인천광역시 연수구 송도동 7-50,지하1층 기둥번호 B13,37.382223,126.654023,06~23시,1899-2100,2017-11-17
2552,부평국민체육센터,인천광역시 부평구 갈산동 166-14,다목적체육관 지상주차장,37.518684,126.723367,24시간,1899-2100,2017-11-17
2556,동구청앞 공영주차장,인천광역시 동구 금곡동 55-5,주차장 입구로부터 50m직진,37.473114,126.642987,24시간,1899-2100,2017-11-17
2571,도담삼봉,충청북도 단양군 매포읍 하괴리 84-1,주차장  (공중화장실 근처),37.001158,128.341919,24시간,1899-2100,2017-11-17
2568,전북도청,"전북특별자치도 전주시 완산구 효자로 225 (효자동3가, 전라북도청)",북1문 대형 주차장 옆 지상 주차장,35.820462,127.110763,24시간,1899-2100,2017-11-17
2575,보은군보건소,충청북도 보은군 보은읍 삼산리 170-2,정문 좌측 지상주차장,36.486257,127.716157,24시간,1899-2100,2017-11-17
2573,청주랜드,충청북도 청주시 상당구 명암동 70,청주랜드 지상주차장,36.649544,127.515195,24시간,1899-2100,2017-11-17
2572,청원보건소,충청북도 청주시 청원구 오창읍 각리 639-1,지하1층주차장,36.710355,127.430964,평일 09시~18시,1899-2100,2017-11-17
2577,이원면사무소,충청북도 옥천군 이원면 강청리 47-1,정문 진입후 좌측 지상주차장 내,36.246048,127.619422,24시간,1899-2100,2017-11-17
2569,전주자연생태관,"전북특별자치도 전주시 완산구 바람쐬는길 21 (교동, 전주자연생태박물관)",자연 생태관 주차장,35.811331,127.162974,24시간,1899-2100,2017-11-17
2570,단양보건소,충청북도 단양군 단양읍 상진리 84,입구 우측 지상주차장,36.981588,128.350968,24시간,1899-2100,2017-11-17
2578,군북면사무소,충청북도 옥천군 군북면 이백리 346-42,정문 진입후 지상주차장 내,36.330058,127.534693,24시간,1899-2100,2017-11-17
2583,덕산면사무소,충청북도 진천군 덕산읍 용몽리 637,지상주차장,36.913385,127.5094,24시간,1899-2100,2017-11-17
2579,맹동면사무소,충청북도 음성군 맹동면 쌍정리 137-9,지상주차장,36.929714,127.562492,24시간,1899-2100,2017-11-17
2576,장안면사무소,충청북도 보은군 장안면 장안리 265-3,정문 좌측 지상주차장,36.46977901,127.7888737,24시간,1899-2100,2017-11-17
2574,청원구청,충청북도 청주시 청원구 우암동 354-23,지하주차장,36.650882,127.486301,24시간,1899-2100,2017-11-17
2581,도안문화센타,충청북도 증평군 도안면 화성리 96-22,지상주차장 내,36.81439746,127.6134863,24시간,1899-2100,2017-11-17
2588,칠성면사무소,충청북도 괴산군 칠성면 도정리 238-2,지상주차장 내,36.788082,127.863855,24시간,1899-2100,2017-11-17
2587,청산면사무소,충청북도 옥천군 청산면 지전리 74-3,정문 좌측 지상주차장,36.346048,127.79219,24시간,1899-2100,2017-11-17
2584,광혜원면사무소,충청북도 진천군 광혜원면 광혜원리 542-10,지상주차장,36.992765,127.435712,24시간,1899-2100,2017-11-17
2585,충주종합스포츠타운,충청북도 충주시 호암동 967,야외주차장,36.95803,127.914111,24시간,1899-2100,2017-11-17
2593,군서면사무소,충청북도 옥천군 군서면 동평리 587-1,정문 진입 후 좌측 지상주차장 내,36.279622,127.527063,24시간,1899-2100,2017-11-17
2592,매포읍사무소,충청북도 단양군 매포읍 평동리 277-2,주차장 좌측 안쪽,37.03216976,128.3031028,24시간,1899-2100,2017-11-17
2590,증평종합스포츠센터,충청북도 증평군 증평읍 송산리 253,지상주차장 내,36.78728559,127.5729598,24시간,1899-2100,2017-11-17
2591,충주실내체육관,충청북도 충주시 교현동 500,야외주차장,36.982011,127.936914,24시간,1899-2100,2017-11-17
2594,농다리,충청북도 진천군 문백면 구곡리 156-3,지상주차장 우측,36.830006,127.489605,24시간,1899-2100,2017-11-17
2589,음성체육관,충청북도 음성군 음성읍 읍내리 420-1,지상주차장 좌측,36.930412,127.685527,24시간,1899-2100,2017-11-17
2586,충청북도보건환경연구원,충청북도 청주시 흥덕구 오송읍 연제리 676,정문 우측,36.63567,127.322569,24시간,1899-2100,2017-11-17
2598,수원유통센터,경기도 수원시 권선구 구운동 218-1,식자재 매장 앞 주차장,37.282562,126.967714,개방시간,1899-2100,2017-11-20
2601,태안읍사무소 부설주차장,충청남도 태안군 태안읍 남문리 300-6,태안읍사무소 맞은편 주차장,36.758208,126.296505,24시간,1899-2100,2017-11-20
2604,동천체육관 주차장,울산광역시 중구 남외동 751-3,동천체육관 동편 출구앞,35.561684,129.351836,24시간,1899-2100,2017-11-29
2605,벡스코 제2전시장 지하주차장,부산광역시 해운대구 우동 1413-4,지하주차장,35.16556026,129.1348009,24시간,1899-2100,2017-11-29
2619,대불자유무역지역관리원 주차장,전라남도 영암군 삼호읍 나불리 611-11,(실외캐노피기설)대불자유무역지역관리원,34.77001756,126.4597597,24시간,1899-2100,2017-11-29
2602,종촌공영주차장,세종특별자치시 종촌동 664,지상 2층 주차장,36.503891,127.249742,24시간,1899-2100,2017-11-29
2603,아름공영주차장,세종특별자치시 아름동 1352,지상 2층 주차장,36.511573,127.247795,24시간,1899-2100,2017-11-29
2617,관악동작 견인차량 보관소,서울특별시 관악구 신사로 7,사무실 바로 옆 지상,37.48469688,126.9040653,24시간,1899-2100,2017-11-29
2606,기후변화체험센터,경기도 용인시 처인구 남동 282,지상주차장,37.22231284,127.2228448,24시간,1899-2100,2017-11-29
2622,창동3차현대아파트,서울특별시 도봉구 창동 도봉로 428,지하1층 18번 기등 맞은 편,37.659689,127.045917,24시간  ※외부인 개방,1899-2100,2017-11-29
2623,한강포스파크아파트,서울특별시 강동구 암사동 고덕로19길 30,지하1층,37.556032,127.133941,미개방,1899-2100,2017-11-29
2624,남서울힐스테이트아파트,서울특별시 금천구 시흥동 시흥대로 165,201동 지하1층 우회전 끝,37.446617,126.90216,24시간,1899-2100,2017-11-29
2625,신정마을성지아파트,경기도 용인시 수지구 풍덕천동 1021,B1F 나45,37.32169434,127.0869343,24시간,1899-2100,2017-11-29
2627,감계힐스테이트3차,경상남도 창원시 의창구 북면 감계리 227-1,지하1층 301동 A14기둥,35.30320528,128.5885277,24시간,1899-2100,2017-11-29
2626,아름아이빌8차,제주특별자치도 제주시 도련1동 1750,주차장,33.50969068,126.591521,24시간,1899-2100,2017-11-29
2631,경남아너스빌2차,경기도 용인시 수지구 성복동 754,B1F,37.31536879,127.0608636,24시간,1899-2100,2017-11-29
2630,동일하이빌2차아파트,경기도 용인시 기흥구 언남동 496,P2주차장 B1F 녹색4,37.29439698,127.1268901,24시간,1899-2100,2017-11-29
2629,현대프레미오아파트,경기도 용인시 수지구 상현동 168-1,B1F,37.30704018,127.0733851,24시간,1899-2100,2017-11-29
2634,모종1차 한성필하우스 아파트,충청남도 아산시 모종동 617,지하주차장 기둥번호 F17 혹은B37,36.785095,127.02083,24시간,1899-2100,2017-11-29
2632,구영코아루아파트,울산광역시 울주군 범서읍 구영리 401-2,지하1층 주차장 / A33,35.56867609,129.2488627,24시간,1899-2100,2017-11-29
2633,진로이스트타운,대구광역시 동구 효목동 55,112동 지상주차장,35.884403,128.636937,24시간,1899-2100,2017-11-29
2637,연원마을성원아파트,경기도 용인시 기흥구 보정동 694,제1주차장 B1 1,37.30382259,127.1099054,24시간  ※외부인 개방,1899-2100,2017-11-29
2635,동산라인아파트,전북특별자치도 익산시 금강동 923,101동 앞 지상 주차장,35.929952,126.972136,24시간  ※외부인 개방,1899-2100,2017-11-29
2636,대우유로카운티,서울특별시 동작구 상도동 양녕로 287,지하2층,37.50540126,126.9493141,24시간,1899-2100,2017-11-29
2638,동두천월드메르디앙,경기도 동두천시 생연동 231,107동 지하주차장 지하2층,37.90504877,127.0645763,24시간  ※외부인 개방,1899-2100,2017-11-29
2641,동부아파트,강원특별자치도 삼척시 교동 501-5,동부A마을회관 앞 주차장,37.45598317,129.1655932,24시간,1899-2100,2017-11-29
2640,상계동아불암아파트,서울특별시 노원구 상계동 1285,제2주차장 B3 6번,37.666731,127.079439,24시간,1899-2100,2017-11-29
2639,송천쌍용1차아파트,전북특별자치도 전주시 덕진구 송천동2가 541-2,지하 주차장 들어가서 바로 오른쪽,35.862933,127.112551,24시간,1899-2100,2017-11-29
2644,영종한양수자인아파트,인천광역시 중구 중산동 1878-1,지하,37.491276,126.553052,24시간,1899-2100,2017-11-29
2642,자연앤꿈에그린6단지,경기도 파주시 문산읍 당동리 930,지하2층 주차장 B13,37.86057752,126.7759922,24시간,1899-2100,2017-11-29
2643,퀸스타운동성아파트,인천광역시 서구 불로동 328,지하1층 204동앞,37.615677,126.688273,24시간,1899-2100,2017-11-29
2645,호반베르디움 2단지,경기도 화성시 청계동 552,B2F,37.19821156,127.1184737,24시간,1899-2100,2017-11-29
2646,롯데캐슬골드2단지아파트,울산광역시 남구 야음동 881,211동~202동 사이 B2/30번,35.52097217,129.3166813,24시간,1899-2100,2017-11-29
2647,한아름아파트,대전광역시 서구 월평동 222,지하주차장,36.363867,127.374875,24시간,1899-2100,2017-11-29
2650,구월 아시아드선수촌 1단지,인천광역시 남동구 구월동 1486,지하1층1105동 3-4라인,37.44651,126.711389,24시간,1899-2100,2017-11-29
2649,대원효성,경기도 파주시 다율동 986,지하1층 주차장 (916동),37.72856378,126.7194298,24시간,1899-2100,2017-11-29
2654,마곡수명산파크7단지,서울특별시 강서구 내발산동 수명로2가길 22,지하1층 좌측 끝,37.54766459,126.8219199,06~23시,1899-2100,2017-11-29
2655,양산2차e편한세상,경상남도 양산시 물금읍 범어리 2673-8,지하주차장,35.33482442,129.0165359,24시간,1899-2100,2017-11-29
2658,새샘마을3단지아파트,세종특별자치시 소담동 333-10,지하주차장,36.484661,127.295578,24시간,1899-2100,2017-11-29
2657,양덕삼구트리니엔1차,경상북도 포항시 북구 양덕동 1463,지하 1층 B33구역,36.083961,129.40008,24시간  ※외부인 개방,1899-2100,2017-11-29
2662,신동아파트,울산광역시 북구 신천동 430-1,101동 지하1층주차장,35.63560958,129.3476861,24시간,1899-2100,2017-11-29
2665,진주푸르지오1단지아파트,경상남도 진주시 금산면 덕의길 15,102동뒤 지상주차장,35.219277,128.146288,24시간  ※외부인 개방,1899-2100,2017-11-29
2664,도안7단지예미지아파트,대전광역시 유성구 봉명동 1037,지하주차장,36.347148,127.344861,24시간,1899-2100,2017-11-29
2666,율량제일풍경채,충청북도 청주시 청원구 율량동 2451,1002동 A40 (지하1층주차장),36.65888725,127.5103746,24시간  ※외부인 개방,1899-2100,2017-11-29
2667,대림 샹그레빌,서울특별시 성북구 하월곡동 224,102동 지하2층 1234호,37.596349,127.041207,24시간,1899-2100,2017-11-29
2668,단원마을아파트,경기도 안산시 단원구 고잔동 714,B1F,37.30905187,126.8261603,24시간,1899-2100,2017-11-29
2670,메가센텀꿈에그린아파트,부산광역시 해운대구 반여동 1662,지하주차장,35.19806414,129.122012,24시간,1899-2100,2017-11-29
2671,푸른마을10단지,경기도 고양시 덕양구 고양동 1121,지하,37.71688981,126.9033563,24시간,1899-2100,2017-11-29
2669,신봉엘지자이1차,경기도 용인시 수지구 신봉동 873,B1F 18,37.32627659,127.0782158,24시간,1899-2100,2017-11-29
2673,구월아시아드선수촌6단지,인천광역시 남동구 구월동 1524,지하1층 16번기둥 602동옆,37.44167,126.714172,24시간,1899-2100,2017-11-29
2672,거모동 동보아파트,경기도 시흥시 거모동 612-1,관리사무소앞 B1 지하주차장,37.357695,126.773365,24시간,1899-2100,2017-11-29
2677,범지기8단지,세종특별자치시 아름동 1279,지하주차장,36.51392,127.249947,24시간,1899-2100,2017-11-29
2676,신정뉴타운두산위브아파트,서울특별시 양천구 신월로20길 7,지하1층 우측 중간,37.5129492,126.845414,06~23시,1899-2100,2017-11-29
2675,리첸시아방배,서울특별시 서초구 방배동 755-14,B4-06,37.49727699,126.9857331,24시간,1899-2100,2017-11-29
2680,LH이노팰리스아파트,전북특별자치도 전주시 덕진구 장동 1082,105동 쪽 지하 주차장(구역 Y 44),35.846109,127.060329,24시간,1899-2100,2017-11-29
2679,한화꿈에그린아파트,인천광역시 서구 경서동 856-1,지하1층 A55,37.538763,126.638476,24시간,1899-2100,2017-11-29
2682,중계건영3차아파트,"서울특별시 노원구 노원로22길 71 (중계동, 건영3차아파트)",306동 앞 지하1층 B9,37.648587,127.074654,24시간  ※외부인 개방,1899-2100,2017-11-29
2683,노원우성아파트,서울특별시 노원구 상계동 상계로7길 18,B1 주차장 진출입로 우측,37.657759,127.065054,24시간  ※외부인 개방,1899-2100,2017-11-29
2685,둔촌푸르지오아파트,서울특별시 강동구 둔촌동 명일로 172,지하1층 101동 C61 기둥,37.533875,127.147529,미개방,1899-2100,2017-11-29
2687,별내리슈빌아파트,경기도 남양주시 별내동 914,지하3층 46번기둥,37.65838986,127.1203894,24시간,1899-2100,2017-11-29
2688,청라힐데스하임,인천광역시 서구 연희동 802-1,지하2층 J19,37.528739,126.652907,24시간,1899-2100,2017-11-29
2686,매탄주공그린빌2단지,경기도 수원시 영통구 매탄동 매탄로126번길 66,204동 앞 B2F,37.260468,127.046618,24시간,1899-2100,2017-11-29
2689,용마아파트,경상북도 안동시 남선면 샘들윗길 58,지상주차장(102동 북측),36.532988,128.797094,24시간  ※외부인 개방,1899-2100,2017-11-29
2690,한일써너스빌 아파트,서울특별시 중랑구 상봉동 81-5,"지하1층 주차장 102동 1,3라인 앞",37.597381,127.091548,24시간,1899-2100,2017-11-29
2691,목동힐스테이트아파트,서울특별시 양천구 신정동 중앙로36길 15,지하2층 115동 앞,37.5207747,126.8559473,06~23시,1899-2100,2017-11-29
2692,거제동푸르지오,부산광역시 연제구 거제동 1506,지하1층 주차장,35.18734017,129.0706157,24시간,1899-2100,2017-11-29
2693,효성해링턴플레이스아파트,경상북도 안동시 경북대로 438,지상주차장(102동 동측),36.567593,128.699435,24시간,1899-2100,2017-11-29
2697,별내신안인스빌아파트,경기도 남양주시 별내동 순화궁로 18,지하2층 4106동,37.64826591,127.1136449,24시간,1899-2100,2017-11-29
2696,금빛마을현대아파트,경상남도 진주시 집현면 진산로 675,103동 지하주차장,35.238201,128.090897,24시간,1899-2100,2017-11-29
2695,가락마을3단지아파트,세종특별자치시 고운동 1708,지하주차장,36.506575,127.235929,24시간,1899-2100,2017-11-29
2698,별내 동익미라벨38단지아파트,경기도 남양주시 별내동 1058,지하2층 3804동 D12구역,37.64880846,127.1209137,24시간,1899-2100,2017-11-29
2699,인천에스케이스카이뷰,인천광역시 미추홀구 용현동 664,지하2층 110-112동 C02-03,37.449776,126.645018,미개방,1899-2100,2017-11-29
2700,오천호반베르디움아파트,전라남도 순천시 오천동 950,(실내지하)지하주차장 B1 29,34.93782626,127.4927821,24시간,1899-2100,2017-11-29
2701,센트럴파크3단지아파트,대전광역시 중구 문화동 1-3,지하주차장,36.31868575,127.4125966,24시간,1899-2100,2017-11-29
2702,쌍용예가아파트,대전광역시 중구 태평동 554,지하주차장,36.32347138,127.3969723,24시간  ※외부인 개방,1899-2100,2017-11-29
2704,상무2차호반리젠시빌,광주광역시 서구 유촌동 852,(실외완전노출)관리사무소 옆,35.16372747,126.8582358,24시간,1899-2100,2017-11-29
2706,백마역중앙하이츠빌1아파트,경기도 고양시 일산동구 풍동 417-2,바로 앞 건물주차장 1층 바로 앞,37.65870766,126.8022554,24시간,1899-2100,2017-11-29
2705,장대푸르지오아파트,대전광역시 유성구 장대동 479,지하주차장,36.361142,127.332661,24시간,1899-2100,2017-11-29
2709,부민e-편한세상,부산광역시 서구 부민동3가 76,"101동 지하2층,3층 12번~13번",35.10437118,129.0165844,24시간  ※외부인 개방,1899-2100,2017-11-29
2708,미사강변센트럴자이,경기도 하남시 풍산동 480,지하1층 주차장,37.55779901,127.1860763,24시간,1899-2100,2017-11-29
2710,한라비발디스튜디오422,부산광역시 부산진구 범천동 1000-24,지하1층,35.14866296,129.0561968,24시간,1899-2100,2017-11-29
2712,밀양삼문휴먼시아,경상남도 밀양시 삼문동 567,지상1층 107동 바로 앞쪽,35.48037445,128.7503873,24시간,1899-2100,2017-11-29
2713,별내우미린아파트,경기도 남양주시 별내동 별내3로 24,지하2층 4504~4505동 B11,37.64405213,127.1181073,24시간,1899-2100,2017-11-29
2716,개신푸르지오아파트,충청북도 청주시 서원구 개신동 634,상가 뒷편 주차장(지상),36.61942189,127.4470455,24시간  ※외부인 개방,1899-2100,2017-11-29
2714,송도웰카운티4단지아파트,인천광역시 연수구 송도동 9-5,지하2층 403동 Y03맞은편,37.382385,126.643916,24시간,1899-2100,2017-11-29
2717,서초더샵포레,서울특별시 서초구 내곡동 77,(주차장7층) B1 25기둥,37.45392177,127.0643311,24시간,1899-2100,2017-11-29
2715,용암덕성그린아파트,충청북도 청주시 상당구 용암동 2085,105동앞 지하주차장,36.60947715,127.5099141,24시간  ※외부인 개방,1899-2100,2017-11-29
2719,거제삼정그린코아,부산광역시 연제구 거제동 1272,지하2층 주차장,35.18899306,129.062899,24시간,1899-2100,2017-11-29
2720,블루마시티 서희스타힐스 블루원 아파트,울산광역시 북구 산하동 969-1,104동 지하1층주차장,35.63700556,129.4386888,24시간,1899-2100,2017-11-29
2721,진건현대아파트,경기도 남양주시 진건읍 용정리 816-5,지상 104동 9~10호라인,37.66094538,127.1755079,24시간,1899-2100,2017-11-29
2723,호반베르디움 더센트럴1,전북특별자치도 전주시 덕진구 장동 1074,지하 주차장 507동(구역 15),35.84086387,127.0560521,24시간,1899-2100,2017-11-29
2724,돈암더샵아파트,서울특별시 성북구 돈암동 603,지하1층 101동 출입구 앞,37.597877,127.010327,24시간,1899-2100,2017-11-30
2725,이문쌍용아파트,서울특별시 동대문구 이문동 64,108동 6 지하주차장 1층,37.5997836,127.0685135,24시간,1899-2100,2017-11-30
2726,문래자이아파트,서울특별시 영등포구 문래동3가 당산로4길 12,113동 앞 제2주차장 지하1층,37.51627692,126.8973919,24시간,1899-2100,2017-11-30
2727,동탄역 시범더샵센트럴시티,경기도 화성시 청계동 519,"B1F 1403동 3,4라인",37.19851389,127.1002916,24시간,1899-2100,2017-11-30
2728,샘머리아파트2단지,대전광역시 서구 둔산동 908,관리사무소좌측 지하주차장,36.361399,127.392059,24시간,1899-2100,2017-11-30
2730,퇴계원금호어울림,경기도 남양주시 퇴계원읍 퇴계원리 369,지하2층 103동 R01~02구역,37.6589607,127.1436784,24시간,1899-2100,2017-11-30
2729,반석마을5단지아파트,대전광역시 유성구 반석동 622,지하주차장,36.390661,127.311668,24시간,1899-2100,2017-11-30
2731,수기마을 힐스테이트2단지 아파트,경기도 김포시 고촌읍 신곡리 1256,지하2층 블럭번호 E11(211동 옆,37.598337,126.769093,24시간,1899-2100,2017-11-30
2734,푸른숨LH3단지 아파트,강원특별자치도 원주시 반곡동 2047-4,"302동 1,2호 앞 B1 주차장",37.32113155,127.9777982,24시간,1899-2100,2017-11-30
2733,영종동보노빌리티아파트,인천광역시 중구 중산동 1872-2,지하 2층,37.484992,126.559226,24시간,1899-2100,2017-11-30
2732,김포풍무푸르지오,경기도 김포시 풍무동 354-1,지하1층 블럭번호 B1-33(UZ센터,37.608604,126.733783,24시간,1899-2100,2017-11-30
2736,삼정그린빌아파트,대구광역시 달서구 두류동 486-2,지하주차장(104-107동 사이),35.8550364,128.5554168,24시간,1899-2100,2017-11-30
2735,한림리츠빌,경상남도 김해시 삼문동 64-1,1002동~1003동지하주차장(2층),35.19914088,128.7942871,24시간  ※외부인 개방,1899-2100,2017-11-30
2737,침산동화타운,대구광역시 북구 침산동 침산남로7길 50-21,101동 지하주차장,35.893684,128.579627,24시간  ※외부인 개방,1899-2100,2017-11-30
2739,가좌마을1단지 양우아파트,경기도 고양시 일산서구 가좌동 1090,104동 지하주차장C5,37.68492789,126.7172294,24시간,1899-2100,2017-11-30
2741,로즈힐아파트,경상남도 양산시 주진동 182-1,상가주차장(옥내),35.39027843,129.1505863,24시간,1899-2100,2017-11-30
2740,동부센트레빌5차,경기도 용인시 수지구 신봉동 949,B3F 25,37.33101325,127.0666897,24시간,1899-2100,2017-11-30
2743,다온숲3단지아파트,대전광역시 서구 관저동 1584,입구좌측 지하주차장,36.292773,127.337996,24시간,1899-2100,2017-11-30
2742,대원칸타빌멤버스,부산광역시 부산진구 양정동 525,지하주차장 4층,35.17156832,129.0686001,24시간,1899-2100,2017-11-30
2745,군산 나운신일아파트,전북특별자치도 군산시 나운동 156-2,104동 뒤 지상 주차장,35.95889155,126.6979124,24시간  ※외부인 개방,1899-2100,2017-11-30
2747,미사강변13단지,경기도 하남시 망월동 949,1306동 지하1층 주차장,37.56870801,127.1886769,24시간,1899-2100,2017-11-30
2748,삼산 한화 꿈에그린2단지,울산광역시 남구 삼산동 324-17,B1 / 48,35.53569365,129.347702,24시간,1899-2100,2017-11-30
2750,헤르지아 하임,제주특별자치도 제주시 오라이동 1231-6,주차장,33.493183,126.513214,24시간  ※외부인 개방,1899-2100,2017-11-30
2752,청주아름다운나날2차,충청북도 청주시 흥덕구 복대동 3033,지하2층주차장,36.63441716,127.4335627,24시간  ※외부인 개방,1899-2100,2017-11-30
2749,현진에버빌1차아파트,경상북도 경주시 황성동 1163,109동 지하주차장 2층 D33구역,35.884235,129.221615,24시간,1899-2100,2017-11-30
2751,수기마을힐스테이트3단지,경기도 김포시 고촌읍 신곡리 1248,지하2층 블럭번호 B14(304동),37.600908,126.766713,24시간,1899-2100,2017-11-30
2753,아이파크시티2단지,경기도 수원시 권선구 권선동 1361,213동 앞 지하2층,37.243844,127.029147,24시간,1899-2100,2017-11-30
2755,LH미사강변17,경기도 하남시 망월동 1044,1703동 지하1층 주차장,37.56499345,127.1812782,24시간,1899-2100,2017-11-30
2756,남양 아파트,전라남도 여수시 선원동 1256,(실외완전노출) 204동 앞 주차장,34.77141241,127.6513098,24시간,1899-2100,2017-11-30
2757,용산동서우방타운,대구광역시 달서구 용산동 장산로 20,지하주차장(201-202동 사이),35.854658,128.527912,24시간,1899-2100,2017-11-30
2761,종암삼성래미안,서울특별시 성북구 종암동 80,"지하3층 106동 1,2호 50",37.601396,127.029801,24시간,1899-2100,2017-11-30
2760,청라우미린아파트,인천광역시 서구 경서동 974-6,지하1층 G18,37.528706,126.627792,24시간,1899-2100,2017-11-30
2759,동보하이빌아파트,경상남도 창녕군 대지면 효정리 35,101동 뒤 지상주차장,35.54653729,128.4841143,24시간,1899-2100,2017-11-30
2758,밀양삼문푸르지오아파트,경상남도 밀양시 삼문동 654,지하1층 106동 17번기둥,35.48023396,128.745623,24시간,1899-2100,2017-11-30
2762,연동대림1차아파트,제주특별자치도 제주시 연동 1399,주차장,33.48051005,126.4885564,24시간  ※외부인 개방,1899-2100,2017-11-30
2764,중계우성3차아파트,서울특별시 노원구 중계동 덕릉로 613,지하1층 들어가서 우측,37.652723,127.073245,24시간,1899-2100,2017-11-30
2763,금오9단지주공아파트,경기도 의정부시 신곡동 790,904동 지하주차장 1층,37.74790471,127.0800572,24시간,1899-2100,2017-11-30
2768,하양금락우방타운,경상북도 경산시 하양읍 금락리 391-1,101동 지하1층 주차장,35.91203344,128.8241527,24시간  ※외부인 개방,1899-2100,2017-11-30
2767,하당 금호2차아파트,전라남도 목포시 옥암동 965,(실외완전노출)201동 옆 지상,34.80905276,126.4273818,06~23시,1899-2100,2017-11-30
2769,대실역e-편한세상,대구광역시 달성군 다사읍 죽곡1길 42,지하주차장(101동 앞),35.85509,128.462217,24시간,1899-2100,2017-11-30
2770,진해시영아파트,경상남도 창원시 진해구 풍호동 75-1,107동 뒤,35.13714063,128.7124245,24시간  ※외부인 개방,1899-2100,2017-11-30
2771,백송8단지선경코오롱아파트,경기도 고양시 일산동구 백석동 1139,우측 806동 앞 지하주차장 1층 입구,37.65169783,126.79295,24시간,1899-2100,2017-11-30
2773,양주옥정7단지,경기도 양주시 옥정동 1027,제1지하주차장 705 708동 방향,37.82989894,127.09603,24시간,1899-2100,2017-11-30
2772,동두천 휴먼시아 아파트,경기도 동두천시 생연동 831,302동 지하주차장 20번,37.89817335,127.0635061,24시간,1899-2100,2017-11-30
2775,강릉회산LH천년나무2단지,강원특별자치도 강릉시 회산동 604,지상주차장,37.741866,128.877643,24시간,1899-2100,2017-11-30
2776,수락리버시티3단지,서울특별시 노원구 상계동 누원로 28,B1 309동 1-2라인,37.687134,127.05443,24시간  ※외부인 개방,1899-2100,2017-11-30
2779,도안6단지센트럴시티,대전광역시 유성구 봉명동 1036,지하주차장,36.347779,127.342322,24시간,1899-2100,2017-11-30
2778,구영강변디아채,울산광역시 울주군 범서읍 구영리 856,"B1 21,22",35.57150437,129.2363337,24시간,1899-2100,2017-11-30
2777,성복자이1차아파트,경기도 용인시 수지구 성복동 758,B1F 31,37.31714639,127.0653358,24시간,1899-2100,2017-11-30
2782,양주덕정 8단지,경기도 양주시 고암동 584,801동 지하주차장,37.83235107,127.0753362,24시간,1899-2100,2017-11-30
2781,동두천 송내주공3단지,경기도 동두천시 송내동 664-6,309-10동 사이 지하 3주차장,37.88559145,127.0509226,24시간,1899-2100,2017-11-30
2780,가락마을20단지 호반베르디움아파트,세종특별자치시 고운동 1396,지하주차장,36.517115,127.240167,24시간,1899-2100,2017-11-30
2783,무지개 동신아파트,경기도 부천시 중동 1176-2,지하주차장,37.497735,126.766577,24시간,1899-2100,2017-12-06
2784,도램마을19단지,세종특별자치시 도담동 638,지하주차장,36.515817,127.266901,24시간,1899-2100,2017-12-06
2785,오산수청주공아파트,경기도 오산시 수청동 11,지상주차장,37.16674592,127.0686163,24시간,1899-2100,2017-12-06
2786,양산신도시현진에버빌,경상남도 양산시 물금읍 범어리 2712-1,지하1층 B37,35.33064251,129.0159229,24시간,1899-2100,2017-12-06
2788,서산읍내현대아파트,충청남도 서산시 읍내동 55,지상 주차장 106동 앞,36.77562145,126.4459706,24시간,1899-2100,2017-12-06
2790,호평6단지 휴먼시아,경기도 남양주시 호평동 712,"지하1층 604,605동 방향 전기실",37.65890243,127.2401375,24시간  ※외부인 개방,1899-2100,2017-12-06
2791,양주자이7단지아파트,경기도 양주시 삼숭동 689,704 주차장 P2구역(B01),37.80391426,127.1046879,24시간,1899-2100,2017-12-06
2795,만현마을 롯데캐슬아파트,경기도 용인시 수지구 상현동 859,P2주차장,37.31197496,127.089491,24시간,1899-2100,2017-12-06
2799,3차벽산아파트,경기도 시흥시 은행동 547-1,지하2층 주차장 301동 3/4라인,37.440744,126.798077,24시간,1899-2100,2017-12-06
2798,새뜸마을4단지,세종특별자치시 새롬동 373,지하주차장,36.48864,127.247235,24시간,1899-2100,2017-12-06
2802,도램마을16단지,세종특별자치시 도담동 639,지하주차장,36.513821,127.265621,24시간,1899-2100,2017-12-06
2801,창원송정주공아파트,경상남도 창원시 의창구 동읍 송정리 21-1,입주민센터 앞,35.27802016,128.7016198,24시간  ※외부인 개방,1899-2100,2017-12-06
2803,대자연마을아파트,대전광역시 서구 관저동 990,입구 우측지하주차장,36.306094,127.337764,24시간,1899-2100,2017-12-06
2806,새뜸마을3단지,세종특별자치시 새롬동 329,지하주차장,36.486162,127.246683,24시간,1899-2100,2017-12-06
2809,한국아파트,인천광역시 연수구 옥련동 642-1,지하2층 2-18,37.423837,126.65039,24시간,1899-2100,2017-12-06
2812,위례 포레샤인 23단지,서울특별시 송파구 장지동 380-1,지하2층 우회전2번 2301동 초록색 기둥 C86,37.47617082,127.1353309,24시간,1899-2100,2017-12-06
2816,삼오아파트,전북특별자치도 전주시 덕진구 반월동 374-4,102동 앞 지상 주차장,35.873273,127.069569,24시간  ※외부인 개방,1899-2100,2017-12-06
2817,경동태원하이빌,울산광역시 울주군 범서읍 천상리 324-2,113동 지하 29번,35.56111829,129.2269098,24시간,1899-2100,2017-12-06
2821,신정숲속마을아파트,서울특별시 양천구 신정동 1324,지하1층 우측 중간,37.50612432,126.8339302,06~23시,1899-2100,2017-12-06
2822,신대부적2차부영아파트,경상북도 경산시 압량읍 신대리 486,201동 지하주차장,35.84089396,128.7693092,24시간  ※외부인 개방,1899-2100,2017-12-06
2823,서산예천푸르지오아파트,충청남도 서산시 예천동 1270-1,지하주차장(B1 16),36.77291546,126.446537,24시간,1899-2100,2017-12-06
2824,판교원한림풀에버,경기도 성남시 분당구 판교동 585,지하 2층 주차장,37.39001231,127.0962873,24시간,1899-2100,2017-12-15
2826,꽃메마을한라신영프로방스아파트,경기도 용인시 수지구 죽전동 1302,B1F J1,37.32185724,127.1143794,24시간,1899-2100,2017-12-15
2827,도담마을푸르지오,경기도 용인시 수지구 죽전동 1275,B2F 17,37.32405279,127.114927,24시간,1899-2100,2017-12-15
2828,새터마을푸르지오,경기도 용인시 수지구 죽전동 1198,B1F 29,37.33130805,127.1225873,미개방,1899-2100,2017-12-15
2829,신봉동부센트레빌6단지,경기도 용인시 수지구 신봉동 946,B2F 22,37.33285625,127.064698,24시간,1899-2100,2017-12-15
2830,현대자동차사원아파트,경기도 화성시 남양읍 남양리 1842,103동 앞 B1F,37.19808076,126.8238717,24시간  ※외부인 개방,1899-2100,2017-12-15
2831,봉담그대가3단지,경기도 화성시 봉담읍 와우리 589,B주차장 B2F B17,37.21559633,126.9716518,24시간  ※외부인 개방,1899-2100,2017-12-15
2832,동탄2 LH26단지(65BL),경기도 화성시 송동 692,B2F C16,37.17645931,127.1034775,24시간,1899-2100,2017-12-15
2833,마평라이프아파트,경기도 용인시 처인구 마평동 605-1,B1F,37.231998,127.214453,24시간  ※외부인 개방,1899-2100,2017-12-15
2838,구봉마을9단지아파트,대전광역시 서구 관저동 1154,지하주차장,36.294629,127.332244,24시간  ※외부인 개방,1899-2100,2017-12-26
2841,숲속마을주공6단지아파트,경상남도 창원시 마산회원구 내서읍 삼계리 508-1,"608동,607동 사이 지하주차장(왼쪽)",35.228069,128.498244,24시간,1899-2100,2017-12-26
2840,범지기마을7단지아파트,세종특별자치시 아름동 1284,지하주차장 입구 왼쪽,36.514515,127.24602,24시간,1899-2100,2017-12-26
2842,송산주공5단지 뜨란채아파트,경기도 의정부시 민락동 731-3,502동 지하주차장 1층,37.74497545,127.0887904,24시간  ※외부인 개방,1899-2100,2017-12-26
2843,목동2차우성아파트,서울특별시 양천구 신정동 337,213동 앞 주차장 지하1층,37.50749199,126.8665834,06~23시,1899-2100,2017-12-26
2845,서산 석림동 한성필하우스아파트,충청남도 서산시 석림동 590-1,103동 지상 주차장,36.77484672,126.4673666,24시간,1899-2100,2017-12-26
2844,경산하양코아루2차,경상북도 경산시 하양읍 하양로37길 19,201동 지하1층 주차장,35.91985,128.82739,24시간  ※외부인 개방,1899-2100,2017-12-26
2848,덕소쌍용아파트,경기도 남양주시 와부읍 도곡리 993,지하1층 주차장C 출구 앞,37.57870548,127.2189226,24시간  ※외부인 개방,1899-2100,2017-12-26
2846,가락마을4단지,세종특별자치시 고운동 1703,지하주차장,36.507277,127.236834,24시간,1899-2100,2017-12-26
2850,신대부적1차부영사랑으로,경상북도 경산시 압량읍 신대리 485,101동지하주차장,35.84126629,128.7683243,24시간  ※외부인 개방,1899-2100,2017-12-26
2849,청라골드클래스아파트,인천광역시 서구 경서동 974-2,지하1층 C25,37.528437,126.625054,24시간,1899-2100,2017-12-26
2851,신내7단지진로아파트,서울특별시 중랑구 신내동 654,713동 지하주차장 1층,37.613765,127.093248,24시간,1899-2100,2017-12-26
2854,우정혁신LH2단지,울산광역시 중구 태화동 257,206동 B1 02,35.55958157,129.2914797,24시간,1899-2100,2017-12-26
2853,수완골드클래스1차아파트,광주광역시 광산구 장덕동 1046,(실내지하) 지하 주차장(D10),35.19736366,126.8119875,24시간,1899-2100,2017-12-26
2855,세종 새뜸마을 11단지(새롬동),세종특별자치시 새롬동 144,지하주차장,36.489719,127.254189,24시간,1899-2100,2017-12-26
2857,세종2차아파트,경기도 시흥시 정왕동 1877-2,지하1층 주차장(수전실 입구 옆),37.364221,126.734344,24시간,1899-2100,2017-12-26
2856,한빛마을8단지,경기도 파주시 야당동 1031,지하1층 주차장 B26(803동),37.70863519,126.7569917,24시간,1899-2100,2017-12-26
2858,옥동5주공아파트,경상북도 안동시 복주길 66,지상주차장(503동 서측),36.565195,128.698452,24시간  ※외부인 개방,1899-2100,2017-12-26
2860,한수원아파트,경상북도 경주시 양남면 읍천리 산 13-2,지상주차장,35.696045,129.467869,24시간,1899-2100,2017-12-26
2861,성서삼성한국형,대구광역시 달서구 호산로 126,지하주차장(관리사무소-108동 사이),35.851485,128.480022,24시간,1899-2100,2017-12-26
2862,신촌포스빌,서울특별시 마포구 노고산동 1-3,지하주차장 1층,37.5563,126.942237,24시간,1899-2100,2017-12-26
2866,연꽃태평아파트1단지,경기도 시흥시 하상동 383,지하1층 주차장,37.38996,126.813397,24시간,1899-2100,2017-12-26
2865,대방노블랜드(2차)아파트,경기도 파주시 금촌동 1015,"지하1층 주차장 D06, D07",37.77008013,126.7705378,24시간,1899-2100,2017-12-26
2867,송도푸르지오월드마크2단지,인천광역시 연수구 송도동 20-23,지하1층 H1,37.397485,126.650329,24시간,1899-2100,2017-12-26
2869,코오롱 스카이타워,전북특별자치도 전주시 완산구 효자동3가 1526-2,지하 3층 주차장(구역 102동 B3 44),35.818101,127.111573,24시간,1899-2100,2017-12-26
2870,오스타파라곤아파트 1단지,경기도 김포시 걸포동 1558,지하2층 블럭번호 154(106동 옆,37.635197,126.704295,24시간,1899-2100,2017-12-26
2872,세곡푸르지오아파트,서울특별시 강남구 세곡동 533,좌측 지하주차장 진입 후 바로 우측,37.46735445,127.0934279,24시간,1899-2100,2017-12-26
2873,송파꿈에그린(위례24단지),서울특별시 송파구 장지동 901,지하2층 C20 기둥,37.47588797,127.1393067,24시간,1899-2100,2017-12-26
2871,마포트라팰리스2차,서울특별시 마포구 아현동 738,지하주차장 4층,37.552198,126.955541,24시간,1899-2100,2017-12-26
2874,LH호평1단지,경기도 남양주시 호평동 458-9,지하1층 전기실 앞,37.66192409,127.2402469,24시간  ※외부인 개방,1899-2100,2017-12-26
2876,신도브래뉴아파트,경기도 의정부시 용현동 291-1,104동 지하주차장. PK3-(21),37.73975464,127.0840708,24시간,1899-2100,2017-12-26
2878,우성해오름아파트,전북특별자치도 전주시 완산구 중노송동 303,105동 지하주차장(구역 A2-01),35.825408,127.159517,24시간  ※외부인 개방,1899-2100,2017-12-26
2877,근상프리즘아파트,서울특별시 구로구 구로동 1283,지하1층 전기실 앞 주차면,37.49829344,126.8754912,24시간,1899-2100,2017-12-26
2881,삼성우정에쉐르아파트,서울특별시 강남구 삼성동 3-8,지하3층 우측,37.51728078,127.044511,24시간,1899-2100,2017-12-26
2883,목동 현대하이페리온2아파트,서울특별시 양천구 목동 961,지하4층 204동  25기둥,37.52438968,126.870063,06~23시,1899-2100,2017-12-26
2884,한수원 푸르뫼사택,경상북도 경주시 양북면 어일리 1350,경비실 뒤 주차장,35.782526,129.44701,24시간,1899-2100,2017-12-26
2882,동아한신아파트,서울특별시 구로구 고척동 327,지하1층 좌우 202동 앞,37.50094935,126.8653991,24시간,1899-2100,2017-12-26
2885,가재마을11단지,세종특별자치시 종촌동 654,지하주차장,36.503954,127.25223,24시간,1899-2100,2017-12-26
2886,연꽃태평아파트2단지,경기도 시흥시 하상동 382,지하1층 주차장,37.390012,126.811849,24시간,1899-2100,2017-12-26
2889,도안리슈빌,"대전광역시 서구 도안동로 123 (도안동, 도안리슈빌)",지하2층,36.315011,127.346086,24시간  ※외부인 개방,1899-2100,2017-12-26
2891,역삼래미안,서울특별시 강남구 역삼동 757,지하2층 107동 3-4라인,37.497198,127.050153,24시간,1899-2100,2017-12-26
2890,가정뉴서울아파트,인천광역시 서구 가정동 284-401,3동 16호라인 지하,37.524818,126.682366,24시간,1899-2100,2017-12-26
2892,현대까르띠에710아파트,서울특별시 강남구 역삼동 710,지하주차장 진입 후 바로 좌측,37.50152205,127.0449314,24시간,1899-2100,2017-12-26
2894,익산 자이아파트(어양GS자이),전북특별자치도 익산시 어양동 709,105동 지하 주차장(구역 B 02),35.954944,126.985896,24시간,1899-2100,2017-12-26
2895,빛가람LH4단지아파트,"전라남도 나주시 그린로 276 (빛가람동, 빛가람엘에이치4단지아파트)",지하 주차장(A24),35.01109784,126.7965509,24시간,1899-2100,2017-12-26
2899,아라인빌,제주특별자치도 제주시 아라1동 1,주차장,33.45613442,126.5569957,24시간  ※외부인 개방,1899-2100,2017-12-26
2897,근화 베아채 비올레 아파트,전라남도 무안군 삼향읍 남악리 2531,(실내지하)지하 A13,34.806939,126.470877,24시간,1899-2100,2017-12-26
2898,수성아이파크,"대구광역시 수성구 파동로22길 15 (파동, 수성 아이파크)",102동 지하주차장 2층,35.813272,128.619417,24시간,1899-2100,2017-12-26
2896,우방아이유쉘아파트,전라남도 목포시 옥암동 1397,(실내지하)P1 주차장 05,34.812848,126.425765,24시간,1899-2100,2017-12-26
2902,강변코아루아파트,강원특별자치도 춘천시 우두동 1082,102동 지하1층 주차장,37.896963,127.735715,24시간,1899-2100,2017-12-26
2901,금호5차호반리젠시빌,광주광역시 서구 금호동 809,(실내지하)아파트 지하주자장,35.129768,126.855998,24시간,1899-2100,2017-12-26
2900,역삼e-편한세상,서울특별시 강남구 역삼동 755-4,지하2층 우회전,37.498557,127.049722,24시간,1899-2100,2017-12-26
2903,호수마을자연&e편한세상 3단지 아파트,경기도 김포시 구래동 6874-6,지하2층 블럭번호 G06,37.647998,126.630142,24시간,1899-2100,2017-12-26
2906,서진아파트,경상남도 창원시 마산회원구 내서읍 상곡리 67,지하1층주차장,35.241641,128.50434,24시간,1899-2100,2017-12-26
2907,팜스프링아파트,경기도 파주시 금촌동 7,119동 지하3층 B33,37.77294272,126.7748641,24시간,1899-2100,2017-12-26
2905,세종더샵레이크파크아파트(한뜰마을3단지,세종특별자치시 어진동 613,지하주차장,36.505299,127.272673,24시간,1899-2100,2017-12-26
2909,홍제힐스테이트,강원특별자치도 강릉시 홍제동 1007,107동 지하2층주차장,37.750758,128.882388,24시간,1899-2100,2017-12-26
2910,길음래미안3차,서울특별시 성북구 길음동 1283,"610동 지하3층 1,2호",37.606454,127.022261,24시간,1899-2100,2017-12-26
2917,망포현대2차아파트,경기도 수원시 영통구 망포동 태장로 47,205동 앞 B2F,37.240679,127.050216,24시간,1899-2100,2017-12-27
2919,안산고잔푸르지오2차,경기도 안산시 상록구 이동 664-1,B1F 04,37.30913416,126.8431416,24시간,1899-2100,2017-12-27
2920,가현마을신안아파트,경기도 용인시 기흥구 구갈동 344,B1F 50,37.28401161,127.1122729,24시간,1899-2100,2017-12-27
2921,보정한화꿈에그린아파트,경기도 용인시 기흥구 보정동 1393,B2 연두색기둥 28,37.30644178,127.1072919,24시간,1899-2100,2017-12-27
2922,금화마을대우현대아파트,경기도 용인시 기흥구 상갈동 461,P3주차장 B1F 05,37.26475034,127.1099736,24시간  ※외부인 개방,1899-2100,2017-12-27
2923,동문6차굿모닝힐아파트,경기도 용인시 수지구 동천동 913,B1F A4,37.33985578,127.0971599,24시간,1899-2100,2017-12-27
2926,광교경남아너스빌,경기도 용인시 수지구 상현동 1115,B1 A36,37.2976014,127.0671189,24시간,1899-2100,2017-12-27
2927,미사강변 더샵 리버포레,경기도 하남시 선동 427,지하1층 주차장,37.57385906,127.1859088,24시간,1899-2100,2017-12-27
2928,동탄신일유토빌,경기도 화성시 석우동 56,"지하1층주차장 133동 3,4호 입구",37.208835,127.074889,24시간,1899-2100,2017-12-27
2929,시범대원칸타빌아파트,경기도 화성시 청계동 516,동문주차장 출입구 B2F 17,37.19932057,127.1049074,24시간,1899-2100,2017-12-27
2930,경안대우아파트,경기도 광주시 경안동 157-2,103동 지하1층 주차장,37.41110449,127.2504933,24시간,1899-2100,2017-12-27
2931,안양 평촌 목련 6단지 두산아파트,경기도 안양시 동안구 호계동 1054-6,P2 B1F B31,37.38664807,126.9566939,24시간  ※외부인 개방,1899-2100,2017-12-27
2932,현대모닝사이드1차,경기도 용인시 기흥구 보라동 570,307동309동사이 B1-11번 기둥,37.25064788,127.1199675,24시간,1899-2100,2017-12-27
2933,화현마을 우림필유,경기도 평택시 안중읍 현화리 822-1,108동 B1F,36.985037,126.918369,09 ~ 18시,1899-2100,2017-12-27
2934,하남은행아파트,경기도 하남시 창우동 520,112동 지하1층 주차장,37.53846007,127.2224973,24시간,1899-2100,2017-12-27
2935,시범다은마을 포스코더샵,경기도 화성시 반송동 102,지하주차장 B2 17번 기둥 인근,37.199063,127.069615,24시간,1899-2100,2017-12-27
2937,위례아트리버푸르지오2단지,경기도 성남시 수정구 창곡동 529,지하 2층 주차장,37.47040711,127.1424893,24시간,1899-2100,2017-12-27
2938,위례아트리버푸르지오1단지,경기도 성남시 수정구 창곡동 530,지하 2층 주차장,37.47023315,127.1412731,24시간,1899-2100,2017-12-27
2941,불당이안아파트,충청남도 천안시 서북구 불당동 1503,지하주차장,36.819631,127.103061,24시간,1899-2100,2018-01-04
2947,한국관광공사 옆 노상 공영주차장,서울특별시 중구 다동 85-4,한외빌딩 앞 노상주차장,37.568226,126.981962,24시간,1899-2100,2018-01-19
2948,원흥도래울6단지,경기도 고양시 덕양구 도내동 1103,우측 지하주차장 지하1층 좌측 반지하 B63,37.62700012,126.8687048,24시간,1899-2100,2018-01-30
2950,모아엘가,전북특별자치도 완주군 봉동읍 둔산리 864-5,지하 주차장 103동 방향(구역 B18 C02),35.963284,127.121522,24시간,1899-2100,2018-01-30
2956,서정에이스아파트,경상남도 함안군 법수면 윤외리 168,뒤쪽 주차장,35.31710572,128.3816296,24시간  ※외부인 개방,1899-2100,2018-01-30
2955,백마4단지한양청구아파트,경기도 고양시 일산동구 마두동 734,두번째 우측 지하주차장 1층 바로 앞,37.65611272,126.7933558,24시간,1899-2100,2018-01-30
2954,첨단2지구 호반베르디움1단지,광주광역시 북구 신용동 675,(실내지하)주차장출구우측,35.21140693,126.8630568,24시간,1899-2100,2018-01-30
2957,대명루첸아파트,충청북도 진천군 진천읍 교성리 616,지하2층주차장 101동 B08,36.853289,127.44637,24시간,1899-2100,2018-01-30
2960,갤러리아팰리스,서울특별시 송파구 잠실동 40,GATE 1번 지하2층 좌회전 끝,37.511529,127.094596,24시간,1899-2100,2018-01-30
2958,청라한일베라체,인천광역시 서구 경서동 953-9,지하1층 B62,37.53068542,126.6421177,24시간,1899-2100,2018-01-30
2959,우림필유1차아파트,충청북도 청주시 청원구 오창읍 각리 638-1,114동 지하1층주차장,36.708974,127.429209,24시간  ※외부인 개방,1899-2100,2018-01-30
2961,청솔우성,서울특별시 동대문구 답십리동 80,110동 지하주차장 2층,37.575381,127.060661,24시간,1899-2100,2018-01-30
2963,쌍암중흥s클래스리버시티,광주광역시 광산구 쌍암동 694-59,(실내지하)2층102동 3.5라인 옆,35.21397361,126.8505574,24시간,1899-2100,2018-01-30
2965,진접신창비바패밀리아파트,경기도 남양주시 진접읍 진벌리 657,"4동 P5,6주차장 지하1층 A05구역",37.74527906,127.2170153,24시간,1899-2100,2018-01-30
2962,현대ESA아파트,서울특별시 서초구 서초동 1338,지하3층,37.49088602,127.0295128,24시간,1899-2100,2018-01-30
2968,래미안삼성1차,서울특별시 강남구 삼성동 103-22,지하2층 우 우,37.51716375,127.0639329,24시간,1899-2100,2018-01-30
2966,이니스더원아파트,경기도 김포시 장기동 1635,지하1층 블럭번호 A39,37.64232,126.661527,24시간,1899-2100,2018-01-30
2969,한울원자력본부나곡사택,경상북도 울진군 북면 나곡리 188,지상주차장(안쪽 테니스장 앞),37.110064,129.367328,24시간  ※외부인 개방,1899-2100,2018-01-30
2970,센트라스 2획지,서울 성동구 하왕십리동 1070,B2층/113동 입구,37.56616278,127.0282351,24시간,1899-2100,2018-01-30
2967,상계주공16단지아파트,서울특별시 노원구 상계동 624,1606동 앞,37.66878332,127.0537252,24시간,1899-2100,2018-01-30
2973,성서무지개타운,대구광역시 달서구 선원로 171,지하주차장(103-105동 사이),35.859615,128.511712,24시간  ※외부인 개방,1899-2100,2018-01-30
2971,고척파크푸르지오,서울특별시 구로구 고척동 339,좌P3주차장 지하1층 좌측 10시 방향,37.50768067,126.858386,24시간,1899-2100,2018-01-30
2974,가재마을2단지아파트,세종특별자치시 종촌동 683,지하주차장,36.502992,127.244781,24시간,1899-2100,2018-01-30
2978,시흥 능곡 우남 아파트,경기도 시흥시 능곡동 802,지하주차장,37.363351,126.815536,24시간,1899-2100,2018-01-30
2976,영산홍주택,제주특별자치도 제주시 이도이동 405,주차장,33.49609899,126.540339,24시간,1899-2100,2018-01-30
2975,더샵레이크시티3차아파트,충청남도 아산시 음봉면 동암리 714,"310동 주차장 기둥번호 19,20",36.843147,127.06605,24시간,1899-2100,2018-01-30
2982,아크로힐스논현,서울특별시 강남구 논현동 276-1,지하2층,37.50957023,127.0387042,24시간,1899-2100,2018-01-30
2980,지산오차드힐아파트,제주특별자치도 서귀포시 서홍동 1597-1,서귀포 지산오차드힐 아파트,33.26118022,126.5549881,24시간  ※외부인 개방,1899-2100,2018-01-30
2981,방배롯데캐슬포레스트,서울특별시 서초구 방배동 844-1,B2-D,37.49182668,126.9958727,24시간,1899-2100,2018-01-30
2979,도램15세종힐스테이트,세종특별자치시 도담동 859,지하주차장,36.513288,127.265501,24시간,1899-2100,2018-01-30
2986,인후한신휴플러스아파트,전북특별자치도 전주시 덕진구 인후동1가 1029,106동 지하 주차장(구역50),35.837921,127.154714,24시간,1899-2100,2018-01-30
2983,샤르망,제주특별자치도 제주시 아라이동 1082-1,주차장,33.48411099,126.5527984,24시간  ※외부인 개방,1899-2100,2018-01-30
2987,별빛마을3-5단지,경기도 남양주시 별내동 1054,B1 A01기둥,37.64780924,127.1179209,24시간,1899-2100,2018-01-30
2990,노원프레미어스엠코,서울특별시 노원구 공릉동 670-20,지하5층,37.618445,127.076387,24시간,1899-2100,2018-01-30
2992,거제2차현대홈타운,부산광역시 연제구 거제동 1479,지하2층,35.19254925,129.0689059,24시간,1899-2100,2018-01-30
2989,검암2차풍림아파트,인천광역시 서구 검암동 501-1,지하1층 71번,37.56862788,126.6811887,24시간,1899-2100,2018-01-30
2993,월곶 알파시티,경기도 시흥시 월곶동 992-5,지하2층 주차장,37.390083,126.743465,24시간,1899-2100,2018-01-30
2991,양평한신아파트,서울특별시 영등포구 양평동5가 76,지하1층,37.54007119,126.8920209,24시간,1899-2100,2018-01-30
2995,대상타운현대아파트,서울특별시 도봉구 방학동 720-1,B2 하층 05번 기둥,37.664667,127.048718,24시간,1899-2100,2018-01-30
2997,마곡13단지 힐스테이트마스터,서울특별시 강서구 마곡동 748,지하2층 1308동 3.4호 라인,37.557592,126.818291,06~23시,1899-2100,2018-01-30
2996,센트라스 6획지,서울 성동구 하왕십리동 1070,B4층/R15 기둥,37.56516457,127.0296836,24시간,1899-2100,2018-01-30
3002,동아더프라임아파트,충청남도 서산시 동문동 600,지하 2층 주차장,36.78991936,126.4550829,24시간,1899-2100,2018-01-30
2999,나운세경아파트,전북특별자치도 군산시 나운동 155,205동 앞 B지하 주차장,35.961006,126.701884,24시간,1899-2100,2018-01-30
3000,서산한라비발디아파트,충청남도 서산시 동문동 1259,지하주차장,36.78288764,126.4658591,24시간,1899-2100,2018-01-30
3004,앞산청구제네스,대구광역시 달서구 월배로 340,지하2층주차장(우측),35.825421,128.547772,24시간,1899-2100,2018-01-30
3003,연산주공5단지아파트,전라남도 목포시 연산동 1261,(실외완전노출)관리사무소 뒤,34.81378052,126.3818832,24시간,1899-2100,2018-01-30
3008,남악상록아파트,전라남도 무안군 삼향읍 남악리 2270,(실내지하)지하주차장 B18,34.80911173,126.4585789,24시간,1899-2100,2018-01-30
3007,꿈동산 신안2차아파트,전라남도 목포시 상동 1019,(실내지하)지하주차장,34.79851789,126.4247872,24시간,1899-2100,2018-01-30
3005,LIG서울역리가아파트,서울특별시 중구 만리동1가 231,101동 지하2층 B12 기둥 뒤,37.555975,126.966934,24시간,1899-2100,2018-01-30
3006,센트라스 1획지,서울 성동구 하왕십리동 1070,B1층,37.56678768,127.0238634,24시간,1899-2100,2018-01-30
3010,lh옥포천년나무2단지,대구광역시 달성군 옥포읍 돌미로 51,지하주차장(210-211동 사이),35.779782,128.438024,24시간  ※외부인 개방,1899-2100,2018-01-30
3014,동서변그린빌아파트,대구광역시 북구 동변동 679,802동 지하주차장,35.917286,128.603377,24시간  ※외부인 개방,1899-2100,2018-01-30
3013,호원우성2차,경기도 의정부시 호원동 456-2,202~203동 지하주차장,37.71193356,127.04932,24시간,1899-2100,2018-01-30
3020,동일스위트리버,서울특별시 동대문구 휘경동 366,"지하주차장 1층 103동 1,2라인 앞",37.587382,127.068375,24시간,1899-2100,2018-01-30
3019,미아한일유앤아이APT,서울특별시 강북구 미아동 1355,지하2층 106동 1·2호 라인,37.614026,127.0365,24시간,1899-2100,2018-01-30
3021,센트라스 3획지,서울 성동구 하왕십리동 1070,B5층/127동 입구,37.56546993,127.0240724,24시간,1899-2100,2018-01-30
3022,송파더센트레,서울특별시 송파구 장지동 879,지하2층 2210동 C13 기둥,37.47935896,127.1401854,09~18,1899-2100,2018-01-30
3023,제주 교육대학교,제주특별자치도 제주시 화북1동 4810,주차장,33.51428066,126.552623,24시간,1899-2100,2018-02-09
3024,제주도교육청,제주특별자치도 제주시 연동 311-46,주차장,33.49055763,126.4979399,24시간,1899-2100,2018-02-09
3025,함안공설운동장,경상남도 함안군 가야읍 도항리 264-1,제1주차장,35.28019997,128.3995623,24시간,1899-2100,2018-02-09
3026,함안 시외버스터미널,경상남도 함안군 가야읍 말산리 616,지상주차장,35.27938435,128.4100754,24시간,1899-2100,2018-02-09
3028,고척스카이돔,서울특별시 구로구 고척동 63-6,지하주차장옆 비상도로(지상),37.49852664,126.8662742,24시간,1899-2100,2018-02-14
3029,제주권역재활센터,제주특별자치도 서귀포시 서귀동 284-1,서귀동 284-1,33.25276012,126.5622877,24시간,1899-2100,2018-02-21
3030,표선 해양경비단,제주특별자치도 서귀포시 표선면 하천리 1493-4,주차장,33.35713918,126.8228739,24시간,1899-2100,2018-02-21
3032,나주교통차고지,전라남도 나주시 왕곡면 장산리 9-1,구내주차장,34.98690816,126.7049134,24시간,1899-2100,2018-02-28
3033,빛가람동 공용차고지,전라남도 나주시 빛가람동 893,주차장,35.02567,126.797232,24시간,1899-2100,2018-02-28
3034,한국농어촌공사 본사,전라남도 나주시 빛가람동 358,주차장 입구 제일왼쪽 대각선 끝지점,35.020093,126.775,24시간,1899-2100,2018-03-07
3038,이안전주삼천아파트,"전북특별자치도 전주시 완산구 용리로 165 (삼천동1가, 이안전주삼천)",107동 지하 주차장(구역 17),35.799245,127.126146,24시간,1899-2100,2018-03-09
3041,화북2동 공영주차장,제주특별자치도 제주시 화북2동 3378-6,주차장,33.50904437,126.56073,24시간,1899-2100,2018-04-06
3042,삼양2동 공영주차장,제주특별자치도 제주시 삼양2동 2176-13,주차장,33.51991173,126.5825044,24시간,1899-2100,2018-04-06
3043,베라체 공영주차장,제주특별자치도 제주시 이도2동 1963-7,주차장,33.49303993,126.5454123,24시간,1899-2100,2018-04-06
3044,판교역 환승주차장,경기도 성남시 분당구 백현동 534,지하1층 주차장 B09,37.39497045,127.1125138,24시간,1899-2100,2018-04-11
3045,LH경기지사,경기도 성남시 분당구 구미동 175,지상주차장,37.34151257,127.1101466,24시간,1899-2100,2018-04-11
3046,대교공원 주차장,충청남도 홍성군 홍성읍 대교리 410-2,대교공원 주차장(홍성군청),36.6046416,126.6641157,24시간,1899-2100,2018-04-18
3047,후곡4단지,경기도 고양시 일산서구 일산동 1066,제2주차장,37.67985508,126.7658888,24시간,1899-2100,2018-04-24
3049,금촌후곡마을4단지,경기도 파주시 금촌동 992,지하1층 주차장 5 주차구역,37.75297872,126.7709429,24시간,1899-2100,2018-04-24
3052,청도지사,경상북도 청도군 청도읍 고수리 858-1,사옥내 주차장,35.639994,128.748916,24시간,1899-2100,2018-05-24
3053,서귀포시교육지원청,제주특별자치도 서귀포시 토평동 1442-1,서귀포시 토평사거리 서귀포교육청,33.27079734,126.5893104,24시간,1899-2100,2018-05-29
3054,우아1동 공영주차장,전북특별자치도 전주시 덕진구 우아동3가 752-28,주차면 1면(야외),35.84744194,127.158597,24시간,1899-2100,2018-06-04
3056,정읍역,전북특별자치도 정읍시 연지동 343-1,정읍역 주차장,35.5753662,126.8427325,24시간,1899-2100,2018-06-04
3057,고양동 제1 공영주차장,경기도 고양시 덕양구 고양동 195-2,주차장 입구,37.70379951,126.9036219,24시간,1899-2100,2018-06-19
3058,청도지사(고객),경상북도 청도군 청도읍 고수리 859-1,사옥 뒤편 주차장,35.64012,128.748493,24시간,1899-2100,2018-06-22
3059,영월지사,"강원특별자치도 영월군 영월읍 덕포리 686, 한국전력공사 영월지사",고객주차장 입구 우측,37.170665,128.478512,24시간,1899-2100,2018-07-04
3060,양구지사,강원특별자치도 양구군 양구읍 상리 506-3,지사주차장,38.108207,127.986211,24시간,1899-2100,2018-07-04
3061,시흥전력지사,경기도 시흥시 정왕동 326-1,시흥전력지사 주차장,37.362464,126.761638,개방불가(국가보안시설),1899-2100,2018-07-06
3062,주안변전소,인천광역시 부평구 십정2동 303-22,주안변전소 순회진단팀 사무실 앞,37.471886,126.698609,미개방,1899-2100,2018-07-06
3064,도램마을17단지,세종특별자치시 도담동 639,지하주차장,36.515766,127.264816,24시간,1899-2100,2018-07-20
3065,도램마을18단지,세종특별자치시 도담동 636,지하주차장,36.514711,127.268074,24시간,1899-2100,2018-07-20
3066,창원국제사격장 충전소,경상남도 창원시 의창구 퇴촌동 409,정문 대형주차장 앞,35.24975706,128.6838008,24시간,1899-2100,2018-08-06
3067,삼육대학교,서울특별시 노원구 공릉동 26-21,제3과학관 지하주차장,37.643011,127.108412,24시간,1899-2100,2018-08-06
3068,남산케이블카,서울특별시 중구 회현동1가 산 1-19,남산케이블카 주차장 입구 좌측,37.556417,126.984586,06~24시,1899-2100,2018-08-06
3069,국민대학교,서울특별시 성북구 정릉동 861-1,7호관 주차장,37.610015,126.996915,24시간,1899-2100,2018-08-06
3070,(전주거치형)송정해수욕장,부산광역시 해운대구 송정동 714-24,송정해수욕장 전주부착형 완속충전소,35.17793505,129.1978198,24시간,1899-2100,2018-08-10
3071,(전주거치형)범5-2구역,부산광역시 동구 좌천동 1132-3,범5-2구역 주차장 전주부착형 충전소,35.1273213,129.0519334,24시간,1899-2100,2018-08-10
3073,(전주거치형)곡상골,부산광역시 사상구 모라동 1345-7,곡상골공원 앞 전주부착형 충전소,35.19166361,128.9908597,24시간,1899-2100,2018-08-10
3074,(전주거치형)스카이웨이,부산광역시 동구 초량동 산 53-1,스카이웨이 전망대 진입전 노상주차장,35.12069908,129.0320685,24시간,1899-2100,2018-08-10
3075,(전주거치형)화신칼라,부산광역시 동구 범일동 830-72,화신칼라 앞 전주부착형 충전소,35.14126339,129.0628811,24시간,1899-2100,2018-08-10
3079,한일병원,서울특별시 도봉구 쌍문동 388-1,주차건물 옆,37.645987,127.027378,24시간,1899-2100,2018-09-04
3083,한양대학교,서울특별시 성동구 사근동 110,한양대 한양종합기술연구원 주차장,37.557023,127.047167,24시간,1899-2100,2018-09-04
3084,국립 중앙 박물관,서울특별시 용산구 용산동6가 11-426,지하주차장 B구역 B23기둥,37.524561,126.977211,9:00 ~ 22:00,1899-2100,2018-09-04
3085,삽교호관광지,충청남도 당진시 신평면 삽교천길 90-3 (운정리),지상주차장,36.887295,126.824787,24시간,1899-2100,2018-09-11
3086,솔뫼성지,충청남도 당진시 우강면 송산리 108,지상주차장,36.81914667,126.7845265,24시간,1899-2100,2018-09-11
3087,국립수산과학관,부산광역시 기장군 기장읍 시랑리 408-1,수산과학원 옆 지상주차장,35.19221236,129.2233128,24시간,1899-2100,2018-09-11
3088,강서주민편익시설,경상남도 양산시 어곡동 139-2,진입로 바로 우측,35.37555041,129.030005,24시간,1899-2100,2018-09-11
3089,생림나전농공단지,경상남도 김해시 생림면 나전리 554-6,지상,35.301572,128.875462,24시간,1899-2100,2018-09-11
3090,진영본산공단,경상남도 김해시 진영읍 본산리 320-2,공단 입구 화단옆,35.31306021,128.7472234,24시간,1899-2100,2018-09-11
3091,연제구청,부산광역시 연제구 연산동 1555-1,연제구청 주차장,35.17621326,129.078655,24시간,1899-2100,2018-09-11
3092,군민체육공원,부산광역시 기장군 일광면 원리 39,체육공원 안쪽 건물앞,35.30499576,129.2430468,24시간,1899-2100,2018-09-11
3093,양산시 제2청사,경상남도 양산시 북부동 481,주차장내,35.34689789,129.0377038,24시간,1899-2100,2018-09-11
3094,온양6동주민센터,충청남도 아산시 장존동 29-16,지상 주차장(건물뒤),36.754773,127.019686,24시간,1899-2100,2018-09-11
3095,화정글샘도서관,경상남도 김해시 삼계동 1437,도서관 진입 후 좌측 야외주차장,35.26180513,128.8665716,24시간,1899-2100,2018-09-11
3096,중산공영주차장,울산광역시 북구 중산동 1283,중산공영주차장 내,35.6540283,129.3492763,24시간,1899-2100,2018-09-11
3097,이순신종합운동장,충청남도 아산시 풍기동 366-1,제5지하주차장,36.7681762,127.0207255,06~22시,1899-2100,2018-09-11
3098,국립부여박물관,충청남도 부여군 부여읍 동남리 산 16-1,소형주차장(사비마루),36.276712,126.916621,박물관 관람시간 내,1899-2100,2018-09-11
3099,인천항 갑문홍보관,인천광역시 중구 북성동1가 102-4,입구통과 후 좌측,37.46681682,126.6036613,24시간,1899-2100,2018-09-11
3102,근흥면사무소,충청남도 태안군 근흥면 용신리 453-2,면사무소 옥외주차장,36.713501,126.228399,24시간,1899-2100,2018-09-11
3103,온수리 제1공영주차장,인천광역시 강화군 길상면 온수리 480-7,입구통과후 우측 끝쪽,37.64160345,126.4895774,24시간,1899-2100,2018-09-11
3104,김포시청소년수련원 주차장,경기도 김포시 월곶면 군하리 435-14,입구부근 장애인주차장 부근,37.720872,126.555575,24시간,1899-2100,2018-09-11
3105,세종시청주차장,세종특별자치시 보람동 626-5,시청 서측 주차장,36.479641,127.287069,24시간,1899-2100,2018-09-11
3106,신문리 공영주차장,인천광역시 강화군 강화읍 신문리 593-1,입구통과후 우측 끝쪽,37.74649544,126.4793029,24시간,1899-2100,2018-09-11
3107,인천항 크루즈터미널,인천광역시 연수구 송도동 0,크루즈 터미널 사무실 뒷편 주차장,37.42512555,126.5916762,24시간,1899-2100,2018-09-11
3108,세종고용복지센터,"세종특별자치시 조치원읍 터미널안길 60 (상리, 세종고용복지플러스센터)",복지센터 주차장(1층),36.601578,127.303447,24시간,1899-2100,2018-09-11
3111,사선대,전북특별자치도 임실군 관촌면 관촌리 1046-6,사선대 주차장,35.673929,127.275463,24시간,1899-2100,2018-09-11
3112,호포차량기지,경상남도 양산시 동면 가산리 525,주차장내,35.2851907,129.0170855,24시간,1899-2100,2018-09-12
3113,부산종합버스터미널 주차장,부산광역시 금정구 노포동 176,"종합버스터미널 입구 죄측,초록색길안내",35.28637599,129.0959094,24시간,1899-2100,2018-09-12
3114,안평역,부산광역시 기장군 철마면 안평리 582-21,진입 후 정면,35.23663018,129.1711832,24시간,1899-2100,2018-09-12
3115,진하공영주차장,울산광역시 울주군 서생면 서생리 150,공영주차장 출구,35.380804,129.341358,24시간,1899-2100,2018-09-12
3116,칠산서부동 주민자치센터,경상남도 김해시 풍유동 430-4,진입시 보이는 건물 우측,35.20895361,128.8501872,24시간,1899-2100,2018-09-12
3117,삼호동 제1공영주차장,경상남도 양산시 삼호동 471,주차장내,35.41711484,129.1750589,24시간,1899-2100,2018-09-12
3118,회야강 소공원 공영주차장,울산광역시 울주군 온산읍 삼평리 1487-10,공영주차장 입구 지나서 좌측,35.425613,129.312112,24시간,1899-2100,2018-09-12
3119,대운산3 공영주차장,울산광역시 울주군 온양읍 운화리 1276-2,공영주차장 중간 진입로 쪽,35.39512773,129.2443924,24시간,1899-2100,2018-09-12
3120,부산교통공사 본사,부산광역시 부산진구 범천동 861-1,1층 주차장,35.14976924,129.0604599,09:00 ~ 20:00,1899-2100,2018-09-12
3121,국립 해양박물관,부산광역시 영도구 동삼동 1156,야외주차장(본관뒷편),35.07877106,129.0797028,24시간,1899-2100,2018-09-12
3122,안동과학대학교,경상북도 안동시 서후면 서선길 189 대학교,정보관 북측 지상주차장,36.590797,128.6553,24시간,1899-2100,2018-10-15
3123,경상북도 독립운동기념관,경상북도 안동시 임하면 독립기념관길 2,지상주차장(북측),36.534063,128.858081,24시간,1899-2100,2018-10-15
3124,구미대학교,경상북도 구미시 야은로 37 구미1대학,지상주차장(성실1동 서측),36.150873,128.2885,24시간,1899-2100,2018-10-15
3126,경상북도 교육청,경상북도 안동시 풍천면 도청대로 511,지상주차장(제2주차장 북측),36.579678,128.512719,24시간,1899-2100,2018-10-15
3127,한전 장흥지사,전라남도 장흥군 장흥읍 건산리 390-3,(실외완전노출)건물 주차장,34.67825989,126.9085767,24시간,1899-2100,2018-10-16
3129,쌍문미라보아파트,"서울특별시 도봉구 시루봉로2길 62 (쌍문동, 쌍문미라보아파트)",지하1층 주차장,37.655394,127.031444,24시간  ※외부인 개방,1899-2100,2018-10-19
3130,창동대우아파트,"서울특별시 도봉구 덕릉로63가길 43 (창동, 창동대우아파트)",105동 지하2층 D09,37.642224,127.037342,24시간,1899-2100,2018-10-19
3131,창동주공18단지아파트,"서울특별시 도봉구 노해로70길 126 (창동, 주공18단지아파트)",관리사무소 앞,37.64652,127.0527,24시간,1899-2100,2018-10-19
3132,마포자이2차아파트,서울특별시 마포구 대흥동 804,지하주차장 B1 11~12번 기둥사이,37.549151,126.942372,24시간,1899-2100,2018-10-19
3133,쌍촌동 한국농어촌공사 주차장,광주광역시 서구 쌍촌동 994-1,(실외완전노출)  야외주차장정문왼쪽,35.15081272,126.8665008,24시간,1899-2100,2018-10-23
3134,삼선힐스테이트,서울특별시 성북구 삼선동2가 420,"B2 /104동 1,2호라인 4번기둥",37.58213011,127.0134866,24시간,1899-2100,2018-10-25
3137,새마을금고제주연수원,제주특별자치도 제주시 애월읍 소길리 155-18,주차장 입구 왼편,33.41288941,126.3944119,24시간,1899-2100,2018-10-26
3139,단밀면사무소,경상북도 의성군 단밀면 속암리 186-2,단밀면사무소 장애인주차구역 좌측,36.375835,128.381829,24시간,1899-2100,2018-10-26
3140,농어촌공사 의성군위지사,경상북도 의성군 안계면 서부로 1776-46,지상주차장(건물 앞),36.392454,128.433796,24시간,1899-2100,2018-10-26
3141,대동그린파크아파트,경상남도 창원시 성산구 반지동 창원천로 292,지하주차장,35.244842,128.669896,24시간  ※외부인 개방,1899-2100,2018-10-29
3144,미장아이파크,전북특별자치도 군산시 미장동 미장남로 10,106호 앞 주차장,35.96120703,126.7264696,24시간  ※외부인 개방,1899-2100,2018-10-29
3142,부용마을3단지,경기도 의정부시 낙양동 712,지하1층 G6,37.74838409,127.0986406,24시간,1899-2100,2018-10-29
3143,수송공원삼성쉐르빌아파트,전북특별자치도 군산시 미장동 경포천로 66,107동 앞 지하주차장,35.96566252,126.7246911,24시간  ※외부인 개방,1899-2100,2018-10-29
3146,연희동성원아파트,"서울특별시 서대문구 연희로32길 48 (연희동, 연희동성원아파트)",105동 지하1층,37.57626,126.939017,1,1899-2100,2018-10-29
3145,상동 엘드수목토,전북특별자치도 정읍시 상동 65-1,지하,35.55841759,126.8758886,24시간,1899-2100,2018-10-29
3147,개나리푸르지오,서울특별시 강남구 역삼동 755-1,지하2층 304동 -305동 사이,37.49967764,127.0495726,24시간,1899-2100,2018-10-29
3148,세곡리엔파크1단지,서울특별시 강남구 세곡동 508,지하2층 102동,37.4641001,127.100969,24시간,1899-2100,2018-10-29
3149,위례스타힐스,서울특별시 송파구 장지동 위례광장로 215,지하1층 바로 우회전 C10 기둥,37.481504,127.143668,24시간,1899-2100,2018-10-29
3151,LH서초4단지 아파트,서울특별시 서초구 우면동 788,B1-14,37.45822562,127.0241651,24시간,1899-2100,2018-10-29
3152,용인수목원우림필유,경기도 용인시 처인구 포곡읍 삼계리 672,"완속01: B2F B21, 완속02,03: B2F 19",37.29448991,127.2380792,24시간,1899-2100,2018-10-29
3150,서초동일하이빌,서울특별시 서초구 서초동 1542-1,지하6층,37.49157869,127.0083027,24시간,1899-2100,2018-10-29
3154,미사강변도시18단지,경기도 하남시 망월동 1050,지하 1층 주차장 104기둥 정면,37.56170115,127.1834212,24시간,1899-2100,2018-10-29
3153,호반베르디움,경기도 용인시 기흥구 청덕동 567,B1F A30,37.29336699,127.1540059,24시간,1899-2100,2018-10-29
3156,경보1차 아파트,경상남도 양산시 덕계동 1220,"지상(B동, 관리사무소 사이)",35.37029319,129.1442161,24시간,1899-2100,2018-10-29
3155,월남 호반베르디움2차,광주광역시 동구 월남동 638,(실내지하)지하주차장1층(12),35.0993775,126.9388712,24시간,1899-2100,2018-10-29
3158,칠곡부영5단지아파트,대구광역시 북구 구암동 789,지하1층,35.93597939,128.5628321,24시간  ※외부인 개방,1899-2100,2018-10-29
3160,현진에버빌3단지,경상북도 포항시 북구 장성동 1609,303동 지하 1층 주차장,36.06881,129.377551,24시간  ※외부인 개방,1899-2100,2018-10-29
3166,능곡2차 현대홈타운아파트,경기도 고양시 덕양구 토당동 53-44,202-203동 지하주차장 A52기둥,37.62279524,126.8210818,24시간,1899-2100,2018-10-29
3164,아산밸리 이지더원6단지,충청남도 아산시 둔포면 석곡리 1793,지하주차장,36.92651247,127.0560399,24시간,1899-2100,2018-10-29
3167,오스타파라곤3단지,경기도 김포시 걸포동 1555,지하2층 기둥번호067,37.635973,126.706198,24시간,1899-2100,2018-10-29
3163,노은3지구 영무예다음 에코타운,대전광역시 유성구 지족동 1052,지하주차장,36.374279,127.307082,24시간,1899-2100,2018-10-29
3165,"봉개갤럭시타운 1,2차",제주특별자치도 제주시 봉개동 1965-1,지상,33.48955838,126.5927711,24시간  ※외부인 개방,1899-2100,2018-10-29
3169,에코시티 더샵,전북특별자치도 전주시 덕진구 송천동2가 1338,"지하주차장 104동 1,2라인",35.87119664,127.1281806,24시간  ※외부인 개방,1899-2100,2018-10-29
3168,청송6단지중흥S클래스파크애비뉴아파트,경기도 김포시 장기동 1866-1,지하2층 기둥번호A-41,37.651398,126.669277,24시간,1899-2100,2018-10-29
3173,월성동서타운,대구광역시 달서구 월성동 학산로7길 5,지하주차장(바로 좌측),35.82844,128.531701,24시간  ※외부인 개방,1899-2100,2018-10-29
3172,신월코아루아파트,전라남도 여수시 신월동 51,(실외완전노출) 지상 중앙연결통로,34.72772615,127.7102601,24시간,1899-2100,2018-10-29
3175,이지아파트,대전광역시 유성구 상대동 438-16,지하주차장,36.347838,127.332481,24시간,1899-2100,2018-10-29
3176,도램마을1단지아파트,세종특별자치시 도담동 845,지하2층주차장(R21),36.510645,127.256778,24시간,1899-2100,2018-10-29
3181,명일한양아파트,서울특별시 강동구 명일동 동남로71길 19,1동과 2동 사이 지상,37.550839,127.155315,24시간,1899-2100,2018-10-29
3178,삼척 한양아파트,강원특별자치도 삼척시 원당동 117,지상,37.43928214,129.1513972,24시간,1899-2100,2018-10-29
3182,신정이펜하우스 2단지,서울특별시 양천구 신정이펜2로 55,지하1층 216동 123기둥,37.515688,126.830737,06~23시,1899-2100,2018-10-29
3180,익산더샵아파트,전북특별자치도 익산시 송학동 학곤로20길 77,지하 주차장 102동 옆(구역 a09),35.944656,126.930314,24시간,1899-2100,2018-10-29
3184,유니버시아드힐스테이트2단지,광주광역시 서구 화정동 1610,(실내지하)207동지하2층 (B05),35.14637354,126.879687,24시간,1899-2100,2018-10-29
3188,남양산역 반도유보라 아이비파크6.0,경상남도 양산시 동면 석산리 1448-5,지하2층(609동 1~4라인 앞),35.31800669,129.0270172,24시간,1899-2100,2018-10-29
3186,상동현대아파트,전라남도 목포시 상동 764,(실내지하)P4 지하주차장,34.81172247,126.4140423,24시간,1899-2100,2018-10-29
3187,구지마을3단지푸르지오,경상남도 김해시 삼계동 1504-1,지하주차장(306동앞),35.25799145,128.8703268,24시간  ※외부인 개방,1899-2100,2018-10-29
3191,익산금호어울림,전북특별자치도 익산시 신동 인북로 334,지하주차장 104동,35.957737,126.962626,24시간,1899-2100,2018-10-29
3192,지엘리더스파크골드 2단지,경상북도 상주시 냉림동 111-5,지하주차장(안쪽 끝),36.426267,128.160822,24시간,1899-2100,2018-10-29
3189,경산태왕귀빈타운,경상북도 경산시 정평동 222,101동 지상주차장,35.831246,128.728006,24시간  ※외부인 개방,1899-2100,2018-10-29
3193,신도림7차e-편한세상아파트,서울특별시 구로구 신도림동 신도림로 56-13,지하1층,37.508273,126.882458,24시간,1899-2100,2018-10-29
3195,송정동대주파크빌아파트,경기도 광주시 송정동 367-7,102동 지상주차장 관리소앞,37.43269583,127.2544897,24시간,1899-2100,2018-10-29
3194,서초2차e편한세상아파트,서울특별시 서초구 서초동 1529,지하2층 우회전 밖으로 1층 203동 1호라인,37.48631223,127.009249,24시간,1899-2100,2018-10-29
3196,천일맨션,대구광역시 동구 신기동 555,놀이터 앞 지상주차장,35.868431,128.703306,24시간,1899-2100,2018-10-29
3199,청광플러스원,충청남도 당진시 읍내동 당진중앙2로 184,지하주차장,36.895832,126.63445,24시간  ※외부인 개방,1899-2100,2018-10-29
3198,무궁화아파트,대전광역시 서구 월평동 223,후면옆지하주차장,36.364153,127.377358,24시간,1899-2100,2018-10-29
3201,주영더팰리스2차,경상남도 통영시 광도면 죽림리 248-4,지하주차장,34.8833747,128.4145455,24시간  ※외부인 개방,1899-2100,2018-10-29
3202,호반베르디움센트로하임,경기도 시흥시 정왕동 2503,지하1층 기둥번호194,37.371446,126.732098,24시간,1899-2100,2018-10-29
3204,코아루햇빛마을아파트,경기도 광주시 초월읍 산이리 18-1,지하2층 101동 주차장,37.359528,127.3129692,24시간,1899-2100,2018-10-29
3203,마곡엠밸리11단지아파트,서울특별시 강서구 마곡동 공항대로 124,지하1층 전방,37.558829,126.820478,06~23시,1899-2100,2018-10-29
3205,서수원레이크푸르지오1단지,경기도 수원시 권선구 입북동 814,105동 B1 18번기둥옆 호수방향,37.30011417,126.9529848,24시간,1899-2100,2018-10-29
3207,신창동대광로제비앙,광주광역시 광산구 신창동 1285,(실내지하)진입 후 직진,35.19023505,126.8434879,24시간,1899-2100,2018-10-29
3208,무등파크맨션3차,광주광역시 동구 운림동 628,(실내지하)아파트뒷편지하주차장(20),35.13254271,126.9412024,24시간,1899-2100,2018-10-29
3209,금호동 진흥더블파크,광주광역시 서구 금호동 613-6,(실내지하)102동 지하,35.127733,126.854088,24시간,1899-2100,2018-10-29
3211,정림다채움 아파트,경상북도 포항시 남구 오천읍 문덕로 24번길 33-5,지하 2층,35.960164,129.399761,24시간  ※외부인 개방,1899-2100,2018-10-29
3212,도램마을13단지,세종특별자치시 도담동 632,지하주차장,36.516789,127.261966,24시간,1899-2100,2018-10-29
3214,해링턴플레이스,강원특별자치도 양구군 양구읍 상리 665,107동 지하주차장,38.099404,127.99106,24시간,1899-2100,2018-10-29
3217,수송세영리첼아파트,전북특별자치도 군산시 수송동 수송동로 100,104동 뒤 지하주차장,35.96841652,126.7220158,24시간  ※외부인 개방,1899-2100,2018-10-29
3220,우미린에듀파크2단지,충청북도 청주시 상당구 용담동 467,지하1층주차장 203동 B45,36.63576334,127.5117057,24시간,1899-2100,2018-10-29
3219,전주에코시티자이,전북특별자치도 전주시 덕진구 송천동2가 세병로 111,102동 지하 주차장,35.873903,127.134454,24시간,1899-2100,2018-10-29
3221,호수임광아파트,서울특별시 송파구 송파동 송파대로48길 29,102동 지상,37.510218,127.107464,24시간,1899-2100,2018-10-29
3223,현대전원맨션,대구광역시 북구 태전동 칠곡중앙대로46길 25,101동 뒷편 지상주차장,35.918511,128.54898,24시간  ※외부인 개방,1899-2100,2018-10-29
3222,협화문화아파트,대구광역시 동구 검사동 1021,3동 앞 지상주차장,35.887701,128.648807,24시간,1899-2100,2018-10-29
3226,장성현진에버빌2단지,경상북도 포항시 북구 장성동 1608,201동 지하주차장,36.067501,129.375888,24시간  ※외부인 개방,1899-2100,2018-10-29
3229,한강신도시 반도유보라5차아파트,경기도 김포시 구래동 6873-19,지하2층 기둥번호29,37.647107,126.626044,24시간,1899-2100,2018-10-29
3232,상계주공15단지,서울특별시 노원구 상계동 652,관리실앞,37.669436,127.054247,24시간,1899-2100,2018-10-29
3231,지엘리더스파크골드 1단지,경상북도 상주시 냉림동 111,지하주차장(안쪽 끝),36.426505,128.160296,24시간,1899-2100,2018-10-29
3233,삼성동한일아파트,서울특별시 강남구 삼성동 48,지하2층,37.51394035,127.0500345,24시간,1899-2100,2018-10-29
3236,미사강변도시26,경기도 하남시 풍산동 567,지하1층 주차장,37.55626056,127.1934207,24시간,1899-2100,2018-10-29
3238,양산대방노블랜드5차에듀카운티,경상남도 양산시 물금읍 가촌리 1277-2,지하(509동 옆),35.31279424,129.0001979,24시간,1899-2100,2018-10-29
3237,소태한국아델리움아파트,광주광역시 동구 소태동 761-3,(실내지하)주차장2층(17),35.13166584,126.9409767,24시간,1899-2100,2018-10-29
3239,강변동서마을관리사무소,대구광역시 동구 용계동 471-1,109동 지하주차장,35.872725,128.679762,24시간,1899-2100,2018-10-29
3240,스타돔아파트,대전광역시 유성구 노은동 553-8,지하주차장,36.365934,127.316906,24시간,1899-2100,2018-10-29
3242,아산풍기이지더원1차,충청남도 아산시 풍기동 514,지하주차장 (B2 08),36.774084,127.016809,24시간,1899-2100,2018-10-29
3241,한라비발디아파트,대전광역시 유성구 상대동 462,지하주차장,36.344347,127.334594,24시간,1899-2100,2018-10-29
3243,성호아파트,강원특별자치도 속초시 조양동 1294-23,203동 지하2층 주차장,38.18481464,128.5988822,24시간,1899-2100,2018-10-29
3247,강일리버파크11단지,서울특별시 강동구 강일동 고덕로97길 100,지하1층 좌회전 좌회전 81번 기둥,37.562856,127.17973,24시간,1899-2100,2018-10-29
3245,사창 대원칸타빌,충청북도 청주시 서원구 사창동 예체로67번길 87,106동 지하1층주차장,36.631966,127.462913,24시간  ※외부인 개방,1899-2100,2018-10-29
3251,상무2차라인대주아파트,광주광역시 서구 치평동 1171-6,(실외완전노출)204동 뒤편,35.148173,126.844677,24시간,1899-2100,2018-10-29
3250,우산국제미소래아파트,광주광역시 광산구 우산동 1620,(실내지하)주차장102-103동사이,35.15802139,126.7998836,24시간,1899-2100,2018-10-29
3248,금강3차아파트,경기도 화성시 청계동 514,945동 B1F A55,37.20133641,127.1034647,24시간,1899-2100,2018-10-29
3249,동탄역반도유보라아이비파크5차,경기도 화성시 오산동 988,B2F 07,37.19516301,127.0910919,24시간,1899-2100,2018-10-29
3252,신동아베르디2차,경상북도 포항시 북구 우현동 538,102동 지하주차장,36.055869,129.356948,24시간  ※외부인 개방,1899-2100,2018-10-29
3253,범지기마을1단지아파트,세종특별자치시 아름동 1339,지하주차장,36.509576,127.242875,24시간,1899-2100,2018-10-29
3255,e편한세상보령아파트,충청남도 보령시 동대동 한내로터리길 170,입구정면 지하주차장,36.352747,126.617353,24시간,1899-2100,2018-10-29
3254,세종e편한세상,세종특별자치시 조치원읍 신안리 542,102동 앞 지하주차장,36.615581,127.286834,24시간,1899-2100,2018-10-29
3256,영평휴스토리,제주특별자치도 제주시 영평동 2680-3,지상,33.48803485,126.5532795,24시간  ※외부인 개방,1899-2100,2018-10-29
3259,거여2동 주민센터,서울특별시 송파구 거여동 195-1,주민센터 앞 지상,37.49356438,127.1469699,24시간,1899-2100,2018-10-30
3260,삼전동 공영주차장,서울특별시 송파구 삼전동 175-8,1층 좌측,37.500239,127.095866,24시간,1899-2100,2018-10-30
3261,가락2동 주민센터,서울특별시 송파구 가락동 154,주민센터 앞 지상,37.49871464,127.1266525,24시간,1899-2100,2018-10-30
3262,한국광고문화회관,서울특별시 송파구 신천동 7-11,지상 1층,37.51590694,127.0995937,24시간,1899-2100,2018-10-30
3263,구로아트밸리 지하1층,서울특별시 구로구 구로동 102,지하1층,37.49694727,126.889556,24시간,1899-2100,2018-10-30
3264,메이퀸 웨딩홀,서울특별시 금천구 독산동 152-1,철골 주차장 2층,37.47264941,126.8975386,24시간,1899-2100,2018-10-30
3265,대림어린이공원 공영주차장,서울특별시 영등포구 대림동 870,지하2층 우회전,37.49108444,126.9033538,06~23시,1899-2100,2018-10-30
3266,대림운동장 공영주차장,서울특별시 영등포구 대림동 780,지하1층 좌회전,37.49906852,126.8942003,24시간,1899-2100,2018-10-30
3269,서라벌광장휴게소,경상북도 경주시 율동 593,지상주차장,35.812539,129.197447,24시간,1899-2100,2018-11-01
3270,함창읍사무소,경상북도 상주시 함창읍 함창중앙로 135,지상주차장(정문 우측),36.57015482,128.1794835,24시간,1899-2100,2018-11-06
3271,상주시청,"경상북도 상주시 상산로 223 (남성동, 상주시청)","지상주차장(남서측, 별관입구 앞)",36.41642843,128.1506752,24시간,1899-2100,2018-11-06
3272,상주보건소,"경상북도 상주시 중앙로 111 (무양동, 상주시 의회청사)",지상주차장(남동측 정자옆),36.416113,128.150681,24시간,1899-2100,2018-11-06
3274,마포한강푸르지오1차,"서울특별시 마포구 월드컵로1길 14 (합정동, 마포 한강 푸르지오)",지하5층 06번기둥,37.549915,126.912238,24시간,1899-2100,2018-11-12
3276,효천2지구 중흥S클래스,광주광역시 남구 행암동 530,(실내지하)107동 지하주차장 왼편,35.100067,126.881528,24시간,1899-2100,2018-11-12
3275,문정래미안아파트,서울특별시 송파구 문정동 문정로 83,125동과 121동 사이 P6주차장 B3 가 1기둥,37.490893,127.130226,24시간,1899-2100,2018-11-12
3278,대구혁신센텀힐즈,대구광역시 동구 대림동 887,지하,35.87324982,128.746686,24시간,1899-2100,2018-11-12
3282,명주2차 아파트,제주특별자치도 제주시 이도이동 1909-6,지상,33.48935433,126.5311425,24시간  ※외부인 개방,1899-2100,2018-11-12
3281,호려울마을8,세종특별자치시 보람동 보람동로 14,지하주차장,36.47945,127.296308,24시간,1899-2100,2018-11-12
3280,리가아파트,대전광역시 서구 탄방동 53-1,입구좌측지하주차장,36.342666,127.388622,24시간,1899-2100,2018-11-12
3284,휴플러스,전북특별자치도 진안군 진안읍 진용로 64,단지내 주차장,35.7962,127.4275,24시간  ※외부인 개방,1899-2100,2018-11-12
3285,충주푸르지오아파트,충청북도 충주시 봉방동 1046,지하1층주차장 106동 52,36.977968,127.912695,24시간,1899-2100,2018-11-12
3286,마포도화우성아파트,서울특별시 마포구 도화동 삼개로 38,9-2 주차장,37.536343,126.948545,24시간,1899-2100,2018-11-12
3287,마곡엠밸리2단지,서울특별시 강서구 마곡동 마곡서1로 146,지하1층 직진 후 우측 C121기둥,37.569615,126.819528,06~23시,1899-2100,2018-11-12
3290,향림현대2차아파트,전라남도 순천시 석현동 525,(실외캐노피기설)관리사무소 옆,34.97336843,127.4753231,24시간,1899-2100,2018-11-12
3288,마곡엠밸리8단지,서울특별시 강서구 마곡동 마곡서1로 81,지하1층 좌측 806동 A06기둥,37.564076,126.819977,06~23시,1899-2100,2018-11-12
3289,빛가람LH1단지,전라남도 나주시 빛가람동 394,지하,35.015863,126.778317,24시간,1899-2100,2018-11-12
3292,고려제강 기숙사,경상북도 경주시 건천읍 조전리 13-1,지상,35.84651133,129.1079327,24시간,1899-2100,2018-11-12
3296,라테라스삼성,서울특별시 강남구 삼성동 봉은사로 645,지하3층,37.515489,127.065721,24시간,1899-2100,2018-11-12
3297,남해오네뜨더테라스,경기도 화성시 오산동 1018,B1F,37.18593342,127.0890988,24시간,1899-2100,2018-11-12
3298,광천e편한세상아파트,광주광역시 서구 광천동 895,(실내지하)지하주차장109동(B38),35.163285,126.878291,24시간,1899-2100,2018-11-12
3300,e편한세상삼척교동아파트,강원특별자치도 삼척시 교동 793,102동 지하2층 주차장,37.45292146,129.1718253,24시간,1899-2100,2018-11-12
3299,청솔1차아파트,강원특별자치도 삼척시 정상동 457-1,103동 앞 지상주차장,37.44721371,129.1760108,24시간,1899-2100,2018-11-12
3301,한신더휴아파트,강원특별자치도 원주시 단구동 1457-3,105동 지하1층 주차장,37.33040046,127.9541743,24시간,1899-2100,2018-11-12
3302,라움힐,제주특별자치도 제주시 영평동 2697-2,지상,33.48751469,126.5524206,입주민 전용충전시설,1899-2100,2018-11-12
3306,충주시티자이아파트,충청북도 충주시 중앙탑면 용전리 721,지하주차장,37.01792666,127.8321305,24시간,1899-2100,2018-11-12
3303,한진로즈힐비치(2단지),경상남도 통영시 무전동 1054-5,지하,34.86448776,128.4215835,24시간  ※외부인 개방,1899-2100,2018-11-12
3304,에코메트로7단지,인천광역시 남동구 논현동 757-1,지하2층 기둥번호 49번,37.39342,126.725084,24시간,1899-2100,2018-11-12
3305,제일풍경채 제이드카운티2단지,경기도 부천시 옥길동 739-1,202동 앞 지상주차장,37.464793,126.827144,24시간,1899-2100,2018-11-12
3308,미사강변리슈빌아파트,경기도 하남시 선동 445,지하1층 주차장 56,37.57277419,127.1806158,24시간,1899-2100,2018-11-12
3312,도안휴먼시아10단지아파트,대전광역시 유성구 원신흥동 원신흥로 37,지하주차장,36.338686,127.340882,24시간,1899-2100,2018-11-12
3309,수완6차대방노블랜드아파트,광주광역시 광산구 수완동 926,(실내지하)B132번(정문-오른쪽),35.19925152,126.8247115,24시간,1899-2100,2018-11-12
3311,신천자이아파트,대구광역시 동구 신천동 1503,지하,35.87677545,128.6126759,24시간,1899-2100,2018-11-12
3313,삼척마달세영리첼아파트,강원특별자치도 삼척시 마달동 179,102동 지하3층 주차장,37.45046433,129.1559348,24시간,1899-2100,2018-11-12
3314,시흥배곧한라비발디2차,경기도 시흥시 정왕동 2564,지하2층 연두색 기둥번호 106,37.36120433,126.714592,24시간,1899-2100,2018-11-12
3315,힐스테이트청계,서울특별시 동대문구 답십리동 465-18,106동 지하3층 F49,37.571543,127.045904,24시간,1899-2100,2018-11-12
3317,신둔코아루아파트,경기도 이천시 신둔면 수하리 826,지하1층 주차장,37.31500183,127.4240517,24시간  ※외부인 개방,1899-2100,2018-11-12
3319,구평2차영무예다음아파트,경상북도 구미시 구평동 941,지하주차장(지하1층 B23 기둥앞),36.093136,128.445337,24시간  ※외부인 개방,1899-2100,2018-11-12
3320,덕원아파트,강원특별자치도 원주시 우산동 157,201동 뒤편 주차장,37.36284436,127.9360533,24시간,1899-2100,2018-11-12
3323,역삼2차아이파크아파트,서울특별시 강남구 역삼동 도곡로57길 12,지하2층 103동 42기둥,37.496746,127.051602,24시간,1899-2100,2018-11-12
3322,가능신도1차아파트,경기도 의정부시 가능동 568-1,지하주차장(U턴 후 끝쪽),37.74361837,127.0242275,24시간,1899-2100,2018-11-12
3324,신월코아루1단지아파트,서울특별시 양천구 신월동 남부순환로56길 9,지하1층 바로 좌측,37.531844,126.82983,06~23시,1899-2100,2018-11-12
3327,삼일펠리체,대구광역시 북구 노원동1가 원대로 125,지상,35.8884924,128.5823124,24시간  ※외부인 개방,1899-2100,2018-11-12
3326,첨단우미1차아파트,광주광역시 광산구 월계동 759-1,(실외)아파트 진입 후 오른쪽,35.21868574,126.8348482,24시간,1899-2100,2018-11-12
3325,서천마을4단지,경기도 용인시 기흥구 서천동 823,P1주차장 B2 01,37.23578652,127.0746413,24시간,1899-2100,2018-11-12
3330,e편한세상 구미파크밸리,경상북도 구미시 신비로7길 10,지상주차장(107동 뒤),36.123559,128.36622,24시간  ※외부인 개방,1899-2100,2018-11-12
3329,장성현진에버빌1단지,경상북도 포항시 북구 장성동 1607,지하,36.06638967,129.3750921,24시간  ※외부인 개방,1899-2100,2018-11-12
3331,문화마을금호어울림1단지,대전광역시 중구 문화동 1-43,지하주차장,36.319688,127.409711,24시간,1899-2100,2018-11-12
3328,경주코아루그랑블아파트,경상북도 경주시 도지동 1018,지하,35.80112818,129.2679414,24시간,1899-2100,2018-11-12
3332,첫마을2단지아파트,세종특별자치시 한솔동 노을1로 16,지하주차장,36.48103947,127.2604532,24시간,1899-2100,2018-11-12
3334,석사현대아파트,강원특별자치도 춘천시 석사동 813,C 지하주차장 입구,37.8552232,127.7420448,24시간,1899-2100,2018-11-12
3336,가화현대아파트,충청북도 옥천군 옥천읍 가화3길 18,아파트지상주차장,36.304012,127.562035,24시간  ※외부인 개방,1899-2100,2018-11-12
3338,삼창골든빌리지 입주자대표회의,서울특별시 서초구 반포동 동광로32길 7,2번째 초소 우측 102동 지하,37.493953,126.997425,24시간,1899-2100,2018-11-12
3337,e편한세상 금호파크힐스,서울특별시 성동구 금호동1가 1823,B3층 주차장,37.55428505,127.0226916,24시간,1899-2100,2018-11-12
3339,금호어울림아파트 입주자대표회의,경기도 화성시 반송동 82,지하주차장 B2 01번 기둥 옆,37.20562847,127.0667152,24시간,1899-2100,2018-11-12
3341,구례산이고운아파트,전라남도 구례군 구례읍 봉서리 2269,(실외완전노출) 101동 앞 주차장,35.20218785,127.4669961,24시간  ※외부인 개방,1899-2100,2018-11-12
3340,일곡대림2차아파트,광주광역시 북구 일곡동 817-4,(실내지하)지하주차장내,35.21092112,126.9000275,24시간,1899-2100,2018-11-12
3343,월배역라온프라이빗,대구광역시 달서구 진천동 72,지하,35.81762929,128.528699,24시간  ※외부인 개방,1899-2100,2018-11-12
3344,구미봉곡e편한세상,경상북도 구미시 봉곡동 764,"지하주차장(지하1층 18,19기둥 앞)",36.156723,128.312989,24시간  ※외부인 개방,1899-2100,2018-11-12
3346,가재마을4단지,세종특별자치시 종촌동 도움3로 160,지하주차장,36.505395,127.24335,24시간,1899-2100,2018-11-12
3345,문화마을금호어울림2단지,대전광역시 중구 문화동 1-38,지하주차장,36.320017,127.411978,24시간,1899-2100,2018-11-12
3348,양지마을 5단지 건영빌라,경기도 고양시 일산동구 정발산동 1175,지하주차장 B17,37.67055786,126.7733462,24시간,1899-2100,2018-11-12
3347,상남꿈에그린아파트,경남 창원시 성산구 상남동 65-1,지하 1층 정문입구 바로 옆,35.21554881,128.680183,24시간,1899-2100,2018-11-12
3349,간석래미안자이,인천광역시 남동구 간석동 939-1,지하2층 기둥번호 92번,37.458761,126.709874,24시간,1899-2100,2018-11-12
3350,서창센트럴푸르지오,인천광역시 남동구 서창동 682,지하1층 기둥번호 39번,37.429745,126.748829,24시간,1899-2100,2018-11-12
3352,안고을우성아파트,전북특별자치도 전주시 덕진구 인후동1가 458,노인정 뒤 지상 주차장,35.836116,127.159627,24시간  ※외부인 개방,1899-2100,2018-11-12
3353,성북동아에코빌아파트,서울특별시 성북구 상월곡동 101,지하2층,37.607443,127.046239,24시간,1899-2100,2018-11-12
3351,행복한마을 서해아파트,경기도 부천시 상동 550-3,지하1층 기둥번호A47,37.502982,126.750553,24시간,1899-2100,2018-11-12
3356,유니버시아드힐스테이트1단지,광주광역시 서구 화정동 1611,(실내지하)주차장 지하2층 (G16),35.147517,126.883134,24시간,1899-2100,2018-11-12
3355,하남두산위브파크,경기도 하남시 신장동 570,지상4층 12번 기둥,37.53812711,127.2125373,24시간,1899-2100,2018-11-12
3354,평촌영풍아파트,경기도 안양시 동안구 평촌동 130-1,B1F-7,37.39072365,126.9746108,24시간  ※외부인 개방,1899-2100,2018-11-12
3359,송산청광플러스원아파트,충청남도 당진시 송산면 송산로 864-10,지상(옥내) 102동 주차장 앞,36.961899,126.699409,24시간  ※외부인 개방,1899-2100,2018-11-12
3360,고성석미모닝파크,강원특별자치도 고성군 간성읍 상리 443-2,지하,38.37809,128.462903,24시간  ※외부인 개방,1899-2100,2018-11-12
3361,한라비발디2차아파트,강원특별자치도 원주시 우산동 823,지하1층 야외주차장,37.36335762,127.9307262,24시간,1899-2100,2018-11-12
3365,별내아이파크2차,경기도 남양주시 별내동 852,지하주차장 내려가서 좌측 05번기둥,37.66416885,127.1166213,24시간  ※외부인 개방,1899-2100,2018-11-12
3364,별내LH별사랑마을2-10단지아파트,경기도 남양주시 별내동 별내3로 251,지하주차장 B02구역,37.659898,127.119324,24시간,1899-2100,2018-11-12
3362,재영샤르빌아파트 11차,제주특별자치도 제주시 화북이동 4955-16,지상,33.51323889,126.5557094,24시간  ※외부인 개방,1899-2100,2018-11-12
3363,한진로즈힐비치(1단지),경상남도 통영시 무전동 1054-2,지하,34.86177323,128.423107,24시간  ※외부인 개방,1899-2100,2018-11-12
3366,농어촌공사 제주지역본부,제주특별자치도 제주시 삼양2동 2127-1,주차장,33.5225765,126.5872452,24시간,1899-2100,2018-11-13
3367,제주경찰교육센터,제주특별자치도 제주시 아라1동 산 1-6,주차장,33.44113169,126.5656366,24시간,1899-2100,2018-11-13
3368,제주탐라교육원,제주특별자치도 제주시 오라2동 산 100,안쪽 주차장,33.427087,126.53171,24시간,1899-2100,2018-11-13
3369,가천대 글로벌캠퍼스,경기도 성남시 수정구 복정동 620-2,아름관과 중앙도서관 사이 주차장,37.4508602,127.1301546,24시간,1899-2100,2018-11-13
3370,농어촌공사 안성지사,경기도 안성시 당왕동 347-1,지상주차장,37.02556148,127.266,24시간,1899-2100,2018-11-13
3371,수비면복지회관,경상북도 영양군 수비면 한티로 479-3,지상주차장(본관 좌측),36.766133,129.199784,24시간,1899-2100,2018-11-14
3372,영양지사 충전소,경상북도 영양군 영양읍 서부리 524-1,지상주차장,36.65974714,129.1110459,24시간,1899-2100,2018-11-14
3375,금릉주차장,충청북도 충주시 금릉동 735,지상주차장 좌측,36.98907312,127.9271828,24시간,1899-2100,2018-11-22
3377,해룡면 신대출장소,전라남도 순천시 해룡면 신대리 1971,(실외완전노출)지하주차장 입구 오른쪽,34.93662434,127.5481836,24시간,1899-2100,2018-11-22
3378,경남도청 서부청사,경상남도 진주시 초전동 348-2,실외체육시설 앞 지상주차장(주소: 초전동 348),35.212715,128.12072,24시간,1899-2100,2018-11-22
3376,태안 서부전통시장,충청남도 태안군 태안읍 남문리 156-3,남문공영주차장(야외),36.75210651,126.2967237,24시간,1899-2100,2018-11-22
3379,동부면사무소,경상남도 거제시 동부면 산양리 356-2,동부면사무소 옥외주차장,34.82160452,128.6082122,24시간,1899-2100,2018-11-22
3382,서커스월드공연장,제주특별자치도 서귀포시 안덕면 동광리 886,주차장,33.314364,126.3445961,24시간,1899-2100,2018-11-22
3380,김영갑갤러리,제주특별자치도 서귀포시 성산읍 삼달리 437-5,주차장,33.37222377,126.8544309,24시간,1899-2100,2018-11-22
3383,보헤미안박이추 커피공장,강원특별자치도 강릉시 사천면 사천진리 285-11,공장앞 지상주차장,37.84692736,128.8668603,24시간,1899-2100,2018-11-22
3385,테니스파크,강원특별자치도 양구군 양구읍 하리 439,실내테니스장 옆 주차장,38.11732567,127.9896014,24시간,1899-2100,2018-11-22
3386,(고속도로)화양강휴게소,강원특별자치도 홍천군 두촌면 철정리 978-6,휴게소 지상주차장,37.799415,127.988075,24시간,1899-2100,2018-11-22
3384,일동농협하나로마트,경기도 포천시 일동면 화동로 1092,하나로마트주차장,37.960786,127.320576,08시 ~ 21시 사용가능,1899-2100,2018-11-22
3388,문백면사무소,충청북도 진천군 문백면 옥성리 312-1,건물 뒤쪽 지상주차장,36.784785,127.437682,24시간,1899-2100,2018-11-22
3389,덕산혁신 도시출장소,충청북도 진천군 덕산면 연미로 29,주차장 좌측 지상,36.898573,127.52871,24시간,1899-2100,2018-11-22
3394,남산공원 오토캠핑장,경상남도 고성읍 신월리 657-7,캠핑장 앞,34.955684,128.328597,24시간,1899-2100,2018-11-22
3392,농어촌공사 영덕·울진지사,경상북도 영덕군 영해면 성내리 683-3,지상주차장,36.536206,129.404681,24시간,1899-2100,2018-11-22
3393,청송지사,경상북도 청송군 청송읍 월막리 426-1,지상주차장(입구 좌측),36.43605453,129.0526336,24시간,1899-2100,2018-11-22
3398,시외버스 공영주차장,충청북도 옥천군 옥천읍 삼양리 42-9,지상주차장,36.307169,127.564357,24시간,1899-2100,2018-11-22
3399,삼호농협하나로마트,전라남도 영암군 삼호읍 용앙리 237,(실외캐노피기설)삼호하나로마트 주차장,34.748576,126.473109,24시간,1899-2100,2018-11-22
3396,죽왕면사무소,강원특별자치도 고성군 죽왕면 오호리 170-3,면사무소 제3주차장,38.32916863,128.5257194,24시간,1899-2100,2018-11-22
3395,포천종합체육관,경기도 포천시 호국로 1518,체육관앞 지상주차장,37.888753,127.201336,24시간,1899-2100,2018-11-22
3397,대소원면 주민자치센터,충청북도 충주시 대소원면 대소리 241,지상주차장 좌측,36.97759233,127.8178665,24시간,1899-2100,2018-11-22
3401,상리공영주차장,경상북도 의성군 의성읍 상리리 742-31,지상주차장(남측),36.350173,128.704613,24시간,1899-2100,2018-11-22
3403,안의면사무소,경상남도 함양군 안의면 금성길 7,지상주차장,35.628443,127.811291,24시간,1899-2100,2018-11-22
3402,거제면사무소,경상남도 거제시 거제면 서상리 298-1,사무소정면 오른쪽 지상주차장,34.85095102,128.5905067,24시간,1899-2100,2018-11-22
3404,아트리움공연장,제주특별자치도 제주시 해안동 2139-1,주차장,33.46494234,126.4551685,"14~15시, 16~17시 이용불가",1899-2100,2018-11-22
3405,인구해수욕장,강원특별자치도 양양군 현남면 인구리 628,인구어촌계회관 앞 주차장,37.97056495,128.7621124,24시간,1899-2100,2018-11-22
3408,성서동 공영주차장,충청북도 충주시 성서동 453,지상주차장 좌측,36.970633,127.930603,24시간,1899-2100,2018-11-22
3406,농어촌공사 홍천·춘천지사,강원특별자치도 홍천군 홍천읍 결운리 467,농어촌공사 옆편 주차장,37.708185,127.909417,06~23시,1899-2100,2018-11-22
3407,회인면사무소,충청북도 보은군 회인면 중앙리 172-2,정문 좌측 지상주차장,36.494632,127.596769,24시간,1899-2100,2018-11-22
3409,KBS 방송국,충청북도 청주시 서원구 성화동 456,지상주차장,36.61932894,127.4562108,24시간,1899-2100,2018-11-22
3410,수안보 증원회관,충청북도 충주시 수안보면 온천리 227-1,수안보하이스파 무료주차장 우측,36.846926,127.989817,24시간,1899-2100,2018-11-22
3414,예천지사,경상북도 예천군 예천읍 효자로 170,지상주차장(별관 남측),36.660699,128.460541,24시간,1899-2100,2018-11-22
3413,동해면사무소,경상북도 포항시 남구 포항시 남구 동해면 일월로 66,지상주차장,35.988698,129.440426,24시간,1899-2100,2018-11-22
3415,연천군공설운동장,경기도 연천군 연천읍 옥산리 320,운동장지상주차장,38.10731324,127.0806172,24시간,1899-2100,2018-11-22
3419,농어촌공사 당진지사,충청남도 당진시 읍내동 306-8,지상주차장,36.90088732,126.6360958,24시간,1899-2100,2018-11-22
3416,의정부역환승공영주차장,경기도 의정부시 의정부동 162-3,지상주차장,37.736735,127.047556,24시간,1899-2100,2018-11-22
3421,메타세쿼이아길,전라남도 담양군 담양읍 학동리 40-16,(실외캐노피기기설)제2주자창 안쪽,35.33194,127.016233,24시간,1899-2100,2018-11-22
3420,별량면사무소,전라남도 순천시 별량면 봉림리 178-3,(실외완전노출)면사무소 오른쪽 편,34.87429849,127.4519923,24시간,1899-2100,2018-11-22
3425,삼천포체육관 주차장,경상남도 사천시 용강동 817,체육관건물뒤 지상주차장,34.943219,128.088083,24시간,1899-2100,2018-11-22
3426,월영노외무료주차장,경상남도 창원시 마산합포구 월영동 264-1,옥외주차장,35.18550083,128.5515981,24시간,1899-2100,2018-11-22
3430,폴리텍대학,경상북도 포항시 남구 괴동동 1146,지상주차장,35.991763,129.381069,24시간,1899-2100,2018-11-22
3428,창녕군보건소,경상남도 창녕군 창녕읍 교리 996-1,건물정면 왼쪽편 지상주차장,35.54393638,128.4905969,24시간,1899-2100,2018-11-22
3427,북천보건지소,"경상남도 하동군 북천면 경서대로 2455 (직전리, 북천보건지소)",북천면사무소 입구 왼쪽 주차장,35.11511181,127.8928647,24시간,1899-2100,2018-11-22
3433,주천면사무소,강원특별자치도 영월군 주천면 주천리 1243-1,주천면사무소 입구진입 후 좌측,37.27211852,128.2691021,24시간,1899-2100,2018-11-22
3434,(고속도로)철정휴게소,강원특별자치도 홍천군 두촌면 철정리 991-6,휴게소 지상주차장,37.800317,127.987177,24시간,1899-2100,2018-11-22
3432,파주 차량등록사업소,경기도 파주시 문산읍 문산리 31-44,구내주차장,37.8536942,126.782857,24시간,1899-2100,2018-11-22
3431,녹양환승 공영주차장,경기도 의정부시 녹양동 413,입구왼쪽,37.760626,127.041833,24시간,1899-2100,2018-11-22
3435,남원문화예술지원센터,전북특별자치도 남원시 하정동 192-4,지원센터 주차장,35.408078,127.379754,24시간,1899-2100,2018-11-22
3438,상사면사무소,전라남도 순천시 상사면 흘산리 252-22,(실외완전노출)주차장 오른편,34.93908347,127.4550336,24시간,1899-2100,2018-11-22
3437,웅천친수공원 주차장,전라남도 여수시 웅천동 1692,(실외캐노피기설) 주차장 입구 직좌,34.74716585,127.6682839,24시간,1899-2100,2018-11-22
3436,이순신공원 주차장,전라남도 여수시 웅천동 1865-1,(실외완전노출) 주차장 끝지점,34.74444022,127.6798595,24시간,1899-2100,2018-11-22
3440,효자종합시장공영주차장,경상북도 포항시 남구 효자동길1번길 8,지상주차장,36.0075,129.329015,24시간,1899-2100,2018-11-22
3439,오천읍사무소,"경상북도 포항시 남구 오천읍 세계길 5 (문덕리, 오천읍사무소, 오천보건지소)",지상주차장,35.963038,129.414484,24시간,1899-2100,2018-11-22
3441,오거리 공영주차장,경상북도 포항시 북구 죽도동 15-4,지상2층 주차장,36.033477,129.366983,06:00~22:00,1899-2100,2018-11-22
3443,빛가람동호수공원,전라남도 나주시 빛가람동 346-1,주차장,35.01891633,126.7867964,24시간,1899-2100,2018-11-22
3446,창원마산 야구장,경상남도 창원시 마산회원구 양덕동 477,지하주차장,35.22182941,128.5801941,24시간,1899-2100,2018-11-22
3445,성주지사,경상북도 성주군 성주읍 삼산리 408-1,성주지사 주차장,35.93061066,128.2979994,24시간,1899-2100,2018-11-22
3448,생각하는정원,제주특별자치도 제주시 한경면 저지리 1525-3,,33.32533636,126.2549869,06~23시,1899-2100,2018-11-22
3449,토이파크,제주특별자치도 서귀포시 안덕면 동광리 383,주차장,33.3189031,126.3453569,24시간,1899-2100,2018-11-22
3450,건강과 성박물관,제주특별자치도 서귀포시 안덕면 감산리 1404,주차장,33.25505535,126.346811,24시간,1899-2100,2018-11-22
3453,논산 농협하나로마트,충청남도 논산시 대학로 48,지상주차장,36.177494,127.102858,24시간,1899-2100,2018-11-22
3452,증평문화회관,충청북도 증평군 증평읍 연탄리 239,지상주차장 좌측,36.78507137,127.570153,24시간,1899-2100,2018-11-22
3451,농어촌공사 파주·고양지사,경기도 파주시 금촌동 778,구내주차장 창고 옆,37.75850537,126.7789826,24시간,1899-2100,2018-11-22
3454,죽림2공원 주차장,전라남도 여수시 소라면 죽림리 1140,(실외완전노출) 주차장 내부,34.76479726,127.6372165,24시간,1899-2100,2018-11-22
3455,벌교읍사무소,전라남도 보성군 벌교읍 벌교리 602-2,(실외캐노피기설) 진입 후 좌측,34.84742104,127.3415879,24시간,1899-2100,2018-11-22
3456,농어촌공사 구미·김천지사,경상북도 구미시 고아읍 들성로13길 14,지상주차장(북측),36.16354,128.349609,24시간,1899-2100,2018-11-22
3457,서포면사무소주차장,경상남도 사천시 서포면 구평리 614-1,지상주차장,35.005778,127.97803,24시간,1899-2100,2018-11-22
3458,통영 충무체육관,경상남도 통영시 북신동 80-1,올라가는길 오른쪽 지상주차장(빨간건물앞),34.85157554,128.4293947,24시간,1899-2100,2018-11-22
3461,제주대학교,제주특별자치도 제주시 아라1동 1,본관 앞,33.45700693,126.56405,24시간,1899-2100,2018-11-22
3462,퀸덤1차 아인슈타인타운,부산광역시 강서구 명지동 3232,지하주차장,35.08637338,128.8998473,24시간,1899-2100,2018-12-14
3463,퀸덤1차 에디슨타운,부산광역시 강서구 명지동 3230-11,지하주차장,35.08814982,128.8973624,24시간,1899-2100,2018-12-14
3464,퀸덤1차 링컨타운,부산광역시 강서구 명지동 3231,지하주차장,35.08639247,128.8967866,24시간,1899-2100,2018-12-14
3465,국민체육센터,강원특별자치도 고성군 거진읍 송포리 634-1,주차장,38.435167,128.452743,24시간,1899-2100,2019-01-07
3467,제주해양경찰서,제주특별자치도 건입동 908,주차장,33.519952,126.540272,24시간,1899-2100,2019-01-07
3469,한국교육개발원,충청북도 진천군 덕산면 교학로 7,지하1층주차장,36.898485,127.536805,평일 09-18,1899-2100,2019-01-14
3470,여수공항,전라남도 여수시 율촌면 신풍리 979,(실외완전노출) 주차장 출구 좌측,34.84182294,127.6127942,24시간,1899-2100,2019-01-17
3475,두류공원 초급속 EV충전소,대구광역시 달서구 두류동 597,광장휴게소 뒤쪽 주차장,35.85264692,128.5590656,24시간,1899-2100,2019-04-11
3507,천안지사,충청남도 천안시 서북구 동서대로 77,후문 출입구 지상주차장 우측,36.82658,127.131419,주중/주말 : 24시간,1899-2100,2019-09-05
3506,서천지사,충청남도 서천군 장항읍 창선2리 236-1,정문 출입구 지상주차장 좌측,36.013488,126.697541,주중/주말 : 24시간,1899-2100,2019-09-05
3505,원주지사,강원특별자치도 원주시 우산동 316-9,지사주차장,37.372274,127.938467,06~23시,1899-2100,2019-09-05
3504,구리지사,경기도 구리시 안골로 31,1층주차장(정문에서 좌측),37.597396,127.134655,주중/주말 : 06시~23시,1899-2100,2019-09-05
3503,동용인지사,경기도 용인시 처인구 김량장동 87-15,지상 주차장 좌측(후문앞),37.23465711,127.2056972,주중/주말 : 06시~23시,1899-2100,2019-09-05
3502,안산지사,경기도 안산시 단원구 고잔동 518-1,지사 후문 지상주차장 중심부근,37.32059477,126.8275391,주중/주말 : 24시간,1899-2100,2019-09-05
3501,성남지사,경기도 성남시 수정구 태평동 3742,지상주차장 정면,37.44417887,127.1306852,"주중:8시~19시, 주말:9시~18시",1899-2100,2019-09-05
3500,강북성북지사,서울특별시 강북구 미아동 190-1,지하 1층 주차장,37.630923,127.024819,"주중09~23시, 주말10~23시",1899-2100,2019-09-05
3518,전북직할,전북특별자치도 전주시 덕진구 인후동2가 1559-87,본관 뒤 주차장,35.846558,127.149286,24시간,1899-2100,2019-09-05
3524,진안지사,전북특별자치도 진안군 진안읍 군하리 427,지사 주차장,35.78994667,127.421576,24시간,1899-2100,2019-09-05
3520,보은지사,충청북도 보은군 보은읍 장신리 34,보은지사 후문 주차장 좌측,36.48105978,127.7121991,24시간,1899-2100,2019-09-05
3521,칠곡지사,경상북도 칠곡군 왜관읍 구상길 178,지상주차장(북측),35.98267,128.394734,24시간,1899-2100,2019-09-05
3523,남원지사,전북특별자치도 남원시 향교동 140,지사 후면 주차장,35.416482,127.386581,24시간,1899-2100,2019-09-05
3508,충북직할,충청북도 청주시 서원구 성화동 829,직할 사옥 1층 고객주차장 앞,36.61524814,127.4505333,24시간,1899-2100,2019-09-05
3509,대구직할,대구광역시 북구 원대로 110,사옥내 주차장,35.886482,128.583484,24시간,1899-2100,2019-09-05
3510,서울산지사,울산광역시 울주군 삼남면 교동리 1607-2,본관건물 고객지원팀 앞 2층 주차장 안,35.557884,129.112755,24시간,1899-2100,2019-09-05
3511,진주지사,경상남도 진주시 상대동 33-85,건물 후면 지상주차장,35.18089522,128.1218533,24시간,1899-2100,2019-09-05
3512,통영지사,경상남도 통영시 광도면 죽림리 1575-2,건물정면 앞 지상주차장,34.882401,128.416489,24시간,1899-2100,2019-09-05
3513,장성지사,전라남도 장성군 장성읍 보해길 30,실외캐노피기설 사옥정문주차장오른쪽,35.311497,126.796736,24시간,1899-2100,2019-09-05
3514,함평지사,전라남도 함평군 함평읍 내교리 485-12,(실외완전노출)지상주차장 좌측,35.06027538,126.5184792,주중/주말 : 06시~23시,1899-2100,2019-09-05
3517,김제지사,전북특별자치도 김제시 신풍동 117,김제 지사 후면 주차장,35.800196,126.899239,24시간,1899-2100,2019-09-05
3516,화순지사,전라남도 화순군 화순읍 삼천리 651,(실외완전노출) 진입 후 우측,35.05606164,126.9791565,24시간,1899-2100,2019-09-05
3515,해남지사,전라남도 해남군 해남읍 해리 162,(실외완전노출)정문 및 후문 주차장,34.57187478,126.6093298,24시간,1899-2100,2019-09-05
3519,동해지사,강원특별자치도 동해시 천곡동 792,지사주차장,37.52551402,129.107521,주중/주말 : 06시~23시,1899-2100,2019-09-05
3525,울진지사,경상북도 울진군 울진읍 울진북로 447,지상주차장(좌측 안쪽),36.988607,129.395131,주중/주말 : 06시~23시,1899-2100,2019-09-05
3528,부산울산전력관리처,부산광역시 부산진구 부전동 224-7,주차장 진입후 전력관리처 주차장,35.15277832,129.0606126,09~23시,1899-2100,2019-09-05
3529,인제지사,강원특별자치도 인제군 인제읍 남북리 294-1,주차장(급속 미설치),38.06598223,128.1662156,주중/주말 : 06시~23시,1899-2100,2019-09-17
3530,영암공설운동장,전라남도 영암군 영암읍 역리 135-1,(실외캐노피기설)공설운동장 주차장,34.80496471,126.7023281,24시간,1899-2100,2019-09-19
3531,첨단공용차고지,광주광역시 북구 월출동 696-9,(실외캐노피기설) 차고지 부지 내,35.23927212,126.8628056,24시간,1899-2100,2019-10-04
3533,매월동 전기버스 충전소,광주광역시 서구 매월동 373-1,(실외캐노피기설)매월동 버스공용차고지,35.11259041,126.8438566,24시간,1899-2100,2019-10-16
3534,봉화지사,"경상북도 봉화군 봉화읍 내성로 42 (내성리, 한전봉화지점)",사옥내 주차장,36.886126,128.741336,24시간,1899-2100,2019-10-28
3535,군위지사,"경상북도 군위군 군위읍 중앙5길 7-14 (서부리, 한국전력공사 군위지사)",사옥 내 주차장,36.238367,128.566408,24시간,1899-2100,2019-10-28
3536,한국전력 경산지사,경상북도 경산시 중방동 880-17,1층 주차장,35.82319624,128.7386536,24시간,1899-2100,2019-11-04
3550,한국전력공사 청양지사,충청남도 청양군 청양읍 벽천리 270-11,지상주차장,36.444877,126.798771,24시간,1899-2100,2019-12-04
3600,대우월드마크용산,서울특별시 용산구 한강로1가 64,"지하4층 C3,4",37.53717561,126.972985,24시간,1899-2100,2019-12-04
3602,돈암현대,서울특별시 성북구 돈암동 1-3,지하 1층 주차장 출구앞,37.60393458,127.0285722,24시간,1899-2100,2019-12-04
3604,쌍용스윗닷홈 거여1차 아파트,서울특별시 송파구 거여동 28,"지하2층 102동 1,2호라인",37.49182577,127.1467064,24시간,1899-2100,2019-12-04
3603,삼익가든아파트,서울특별시 강동구 명일동 260-1,10동 11동 사이 놀이터 옆 지상,37.54588601,127.1466313,24시간,1899-2100,2019-12-04
3608,항동하버라인3단지,서울특별시 구로구 항동 242,지하2층 주차장 옆 수전실,37.47964958,126.8242612,24시간,1899-2100,2019-12-04
3607,e편한세상염창,서울특별시 강서구 염창동 309,"지하2층 103동 1,2호 라인",37.54876209,126.8703942,24시간,1899-2100,2019-12-04
3606,마곡수명산파크8단지,서울특별시 강서구 내발산동 745,지하1층 7동 동쪽끝,37.55097482,126.8285923,24시간,1899-2100,2019-12-04
3605,잠실파크인수,서울특별시 송파구 잠실동 250-5,지하3층 전기실 옆,37.50473262,127.0877405,24시간,1899-2100,2019-12-04
3609,방배롯데캐슬아르떼,서울특별시 서초구 방배동 424-28,지하2층 주차장,37.48342825,126.9837639,24시간,1899-2100,2019-12-04
3610,문래건영아파트,서울특별시 영등포구 문래동3가 93-1,지하,37.51827644,126.8925387,24시간,1899-2100,2019-12-04
3612,이편한세상태재2단지,경기도 광주시 오포읍 신현리 1237,201동앞 지하주차장 입구,37.35877418,127.1543992,24시간,1899-2100,2019-12-04
3611,광주브라운스톤아파트,경기도 광주시 송정동 560,입주자관리실 앞 주차장,37.41771115,127.2731754,24시간  ※외부인 개방,1899-2100,2019-12-04
3614,월든힐스3단지,경기도 성남시 분당구 운중동 873,지하2층 B28과 B29사이,37.39332827,127.0684407,24시간,1899-2100,2019-12-04
3615,판교알파리움1단지,경기도 성남시 분당구 백현동 531,지하2층 103동과 104동 사이,37.39550454,127.1074185,24시간,1899-2100,2019-12-04
3613,탑마을 경남아너스빌,경기도 성남시 분당구 야탑동 525,지하1층 701동과 702동 사이,37.4073015,127.1319147,24시간,1899-2100,2019-12-04
3616,안산힐스테이트중앙,경기도 안산시 단원구 고잔동 853,지하 1층 주차장,37.31992896,126.8352246,24시간,1899-2100,2019-12-04
3617,삼정그린코아더베스트,경기도 안성시 당왕동 584,113동 지상주차장(안성의료원 앞),37.01903073,127.2618369,24시간,1899-2100,2019-12-04
3618,오산신동아2차아파트,경기도 오산시 서동 125-8,지하 1층 주차장,37.14396407,127.0442492,24시간,1899-2100,2019-12-04
3619,상현엘지자이아파트,경기도 용인시 수지구 상현동 869,902동 지하B1주차장 64-65기둥 사이,37.30377096,127.0881607,24시간,1899-2100,2019-12-04
3620,새천년그린빌1단지아파트,경기도 용인시 기흥구 신갈동 681,지하B1주차장 C13기둥 우측,37.28992313,127.1106571,24시간,1899-2100,2019-12-04
3621,경남아너스빌,경기도 용인시 기흥구 영덕동 1117,1305동 02기둥 좌측,37.27453204,127.0914414,24시간,1899-2100,2019-12-04
3622,미사강변도시16단지,경기도 하남시 망월동 938,지하2층 휀룸5번 앞 주차면,37.57242872,127.1925515,24시간,1899-2100,2019-12-04
3625,월곡 한성2차,광주광역시 광산구 월곡동 614-2,(실외)지상 202동 옆,35.16403844,126.8122983,06~23시,1899-2100,2019-12-04
3627,광주송정역모아엘가아파트,광주광역시 광산구 송정동 1516,(실내지하)지하주차장,35.13728447,126.7874598,24시간,1899-2100,2019-12-04
3629,센텀큐브아파트,"경상남도 김해시 진영읍 김해대로 461 (여래리, 센텀큐브)",지하주차장(505동1~2라인앞),35.30717,128.739562,24시간  ※외부인 개방,1899-2100,2019-12-04
3631,만촌태왕아너스,대구광역시 수성구 만촌동 1481,지상,35.85649727,128.6485425,24시간,1899-2100,2019-12-04
3632,공주월송흥화하브아파트,충청남도 공주시 금흥동 628,지하,36.47844651,127.1511779,24시간,1899-2100,2019-12-04
3633,취암리슈빌아파트,충청남도 논산시 취암동 1081,지하,36.200368,127.095557,24시간,1899-2100,2019-12-04
3634,인터불고코아루아파트,충청남도 논산시 대교동 340,지하,36.21207,127.089494,24시간,1899-2100,2019-12-04
3635,한화꿈에그린스마일시티아파트,충청남도 천안시 서북구 차암동 448,108동 지하,36.84156643,127.1016594,24시간,1899-2100,2019-12-04
3636,포남2주공아파트,강원특별자치도 강릉시 포남동 1209,지상 111동과 어린이놀이터 사이,37.78037631,128.9168789,24시간,1899-2100,2019-12-04
3638,LH선수촌8단지아파트,강원특별자치도 강릉시 유천동 778,"제1,2,3 지하주차장(4,2,2)",37.76234901,128.8676204,24시간,1899-2100,2019-12-04
3639,썬라이즈빌아파트,강원특별자치도 양양군 강현면 정암리 162-6,주차장,38.13715355,128.614848,24시간,1899-2100,2019-12-04
3641,(춘천거두)초록지붕아파트,강원특별자치도 춘천시 동내면 거두리 936,지하주차장,37.85370907,127.7520741,24시간,1899-2100,2019-12-04
3642,평창올림픽선수촌아파트,강원특별자치도 평창군 대관령면 수하리 500,지하주차장 107동 부근,37.6585171,128.6952573,24시간,1899-2100,2019-12-04
3643,신제주아파트,제주특별자치도 제주시 노형동 1274-9,주차장,33.48946017,126.4811,24시간,1899-2100,2019-12-04
3644,아이고운 힐 D지구,제주특별자치도 제주시 오라삼동 2895,주차장,33.48856119,126.5032311,24시간,1899-2100,2019-12-04
3646,평거하우스토리,경상남도 진주시 평거동 150-4,지하주차장 204동 A15기둥,35.17583938,128.0601442,24시간,1899-2100,2019-12-04
3648,포레나대원아파트,경상남도 창원시 의창구 대원동 40,지하주차장 지하2층 변전실 옆,35.23500725,128.6475663,24시간,1899-2100,2019-12-04
3649,일산아이파크1단지아파트,경기도 고양시 일산서구 덕이동 1524,지하2층 90번기둥 부근,37.70380722,126.7531619,24시간,1899-2100,2019-12-04
3650,일산에듀포레푸르지오아파트,경기도 고양시 일산서구 탄현동 1650,지하2층 62번63번기둥 부근,37.70401798,126.7679972,24시간,1899-2100,2019-12-04
3651,장자마을신명아파트,경기도 구리시 교문동 826,지하1층,37.58618091,127.1371432,24시간,1899-2100,2019-12-04
3652,궁의문아파트,경기도 남양주시 진접읍 연평리 846,지하,37.70616131,127.1857753,24시간,1899-2100,2019-12-04
3653,미리내마을4-4,경기도 남양주시 별내동 1037,지하 1층 4409동 제2주차장,37.6448344,127.1165391,24시간,1899-2100,2019-12-04
3654,호평KCC스위첸아파트,경기도 남양주시 호평로45번길 11-15,지하2층,37.657725,127.24464,24시간,1899-2100,2019-12-04
3655,김포한강모아미래도엘가,"경기도 김포시 김포한강2로 273 (장기동, 청송마을 모아미래도엘가)",지하 2층 기둥번호 C132,37.649518,126.662362,24시간,1899-2100,2019-12-04
3656,"부천동부센트레빌1,2단지",경기도 부천시 역곡동 409,지하,37.48840181,126.8061829,24시간,1899-2100,2019-12-04
3657,이편한세상부천심곡아파트,경기도 부천시 심곡본동 820-2,지하,37.47846618,126.7736766,24시간,1899-2100,2019-12-04
3658,냇마을신영지웰아파트,인천광역시 남동구 논현동 604-1,지하,37.40354823,126.7289315,24시간,1899-2100,2019-12-04
3659,한화에코메트로11단지,인천광역시 남동구 논현동 774-1,지하2층 021,37.39348608,126.7304991,24시간,1899-2100,2019-12-04
3660,송도더샵퍼스트파크F13-1블록아파트,인천광역시 연수구 송도동 100,지하2층,37.38841338,126.6319774,24시간,1899-2100,2019-12-04
3661,송도글로벌파크베르디움,인천광역시 연수구 송도동 191-2,지하2층,37.3753745,126.656366,24시간,1899-2100,2019-12-04
3662,신흥대림아파트,인천광역시 중구 신흥동1가 34-2,지하,37.46667166,126.6304607,24시간,1899-2100,2019-12-04
3663,지곡동현대엠코타운,전북특별자치도 군산시 지곡동 609,지하,35.95106648,126.7143308,24시간  ※외부인 개방,1899-2100,2019-12-04
3664,순창광명메이루즈,전북특별자치도 순창군 순창읍 남계리 990,지상,35.37500904,127.1491265,24시간,1899-2100,2019-12-04
3665,운암 엘드호수가,전북특별자치도 임실군 운암면 마암리 613-16,지상,35.610363,127.106071,24시간,1899-2100,2019-12-04
3668,에코시티 더샵3차아파트,전북특별자치도 전주시 덕진구 송천동2가 1304,지하 2층 주차장,35.87762425,127.1372621,24시간,1899-2100,2019-12-04
3670,지평더웰2차아파트,충청북도 영동군 영동읍 부용리 416-1,지상주차장,36.179207,127.771582,24시간,1899-2100,2019-12-04
3672,리슈빌아파트,충청북도 진천군 덕산읍 두촌리 2487,604동 지상주차장,36.90544415,127.5318845,24시간  ※외부인 개방,1899-2100,2019-12-04
3680,성내1차이편한세상,서울특별시 강동구 성내동 598,"102동 5,6라인 지상주차장",37.53331733,127.1310839,24시간,1899-2100,2019-12-04
3679,우정에쉐르 3차,서울특별시 강남구 대치동 950,지하2층 주차장,37.50687519,127.0622276,24시간,1899-2100,2019-12-04
3681,양재리본타워2단지아파트,서울특별시 서초구 양재동 212,지하1층 201동,37.46480903,127.035923,24시간,1899-2100,2019-12-04
3682,서초아크빌,서울특별시 서초구 서초동 1568-1,지하2층 주차장,37.49068178,127.0128454,24시간,1899-2100,2019-12-04
3683,신정동일하이빌아파트1단지,서울특별시 양천구 신정동 1311,"지하1층 105동 1,2호 라인",37.511858,126.839128,24시간,1899-2100,2019-12-04
3685,신길온천휴먼빌2차,경기도 안산시 단원구 신길동 1447,지하 2층 주차장,37.33742499,126.7747056,24시간,1899-2100,2019-12-04
3684,오포금강KCC,경기도 광주시 오포읍 능평리 914,지하주차장 2층 전기실 옆,37.35691671,127.1630024,24시간,1899-2100,2019-12-04
3686,서광프리메라아파트,경기도 평택시 안중읍 현화리 841,옥외 관리사무소 앞 주차장(지상),36.98064826,126.9224466,24시간,1899-2100,2019-12-04
3688,미사강변브라운스톤아파트,경기도 하남시 풍산동 559,지하1층 1동 앞 주차장,37.55934647,127.1924273,24시간,1899-2100,2019-12-04
3687,미사강변더샵센트럴포레아파트,경기도 하남시 풍산동 486,지하1층 지하주차장 출입구 앞 주차면,37.5547055,127.1848354,24시간,1899-2100,2019-12-04
3689,서동탄역파크자이아파트,경기도 화성시 능동 1282,B3F 주차장,37.20263192,127.0503213,24시간,1899-2100,2019-12-04
3693,초원골드맨션,전라남도 목포시 대의동2가 1-10,(실내지상)지상,34.78701427,126.3815346,24시간,1899-2100,2019-12-04
3692,상무지오스테이션아파트,광주광역시 서구 쌍촌동 1378,(실내지하)지하,35.16137447,126.8645353,24시간,1899-2100,2019-12-04
3694,우진아트빌아파트,전라남도 목포시 석현동 816-17,(실내지하)지하,34.81897986,126.420402,24시간,1899-2100,2019-12-04
3696,혁신도시서한이다음4차,대구광역시 동구 숙천동 388,지하주차장,35.87880045,128.7531632,24시간,1899-2100,2019-12-04
3695,신안실크밸리7차,전라남도 목포시 죽교동 704,(실내지하)주차장 진입 후 좌->우,34.80526207,126.3665772,24시간,1899-2100,2019-12-04
3697,칠곡현대1차아파트,대구광역시 북구 태전동 997,지상주차장,35.931235,128.549993,24시간  ※외부인 개방,1899-2100,2019-12-04
3698,중리롯데캐슬,대구광역시 서구 중리동 26-1,지하주차장,35.86711568,128.5480437,24시간  ※외부인 개방,1899-2100,2019-12-04
3701,내포이지더원,충청남도 예산군 삽교읍 목리 894-1,지하 1층 61~67,36.66304302,126.6706162,24시간,1899-2100,2019-12-04
3700,힐스테이트자이논산,충청남도 논산시 내동 1105,지하 1층,36.181891,127.101681,24시간,1899-2100,2019-12-04
3699,노은카운티스아파트,대전광역시 유성구 노은동 495,101동 지하 주차장,36.370633,127.316309,24시간,1899-2100,2019-12-04
3703,사천용강정우하이뷰,경상남도 사천시 용강동 924,지상 주차장102동 앞 분리수거장 옆,34.94761833,128.0840228,24시간  ※외부인 개방,1899-2100,2019-12-04
3702,애경사원아파트,충청남도 청양군 정산면 서정리 293-9,지상 옥외주차장(관리사무소옆),36.39825592,126.9422914,24시간,1899-2100,2019-12-04
3704,양지마을8단지,경기도 의정부시 낙양동 754,지하주차장,37.75376175,127.1115152,24시간  ※외부인 개방,1899-2100,2019-12-04
3705,상동스카이뷰자이아파트,경기도 부천시 상동 413,지하주차장,37.48913873,126.7524466,24시간,1899-2100,2019-12-04
3707,시흥6차푸르지오1단지,경기도 시흥시 죽율동 317-7,지하주차장,37.35186002,126.7622423,24시간,1899-2100,2019-12-04
3706,부천옥길자이아파트,경기도 부천시 옥길동 776-1,지하주차장,37.46380213,126.8126181,24시간,1899-2100,2019-12-04
3708,장수타워팰리스아파트,전북특별자치도 장수군 장수읍 노하리 1283,지상,35.6491526,127.5149165,24시간  ※외부인 개방,1899-2100,2019-12-04
3710,음성태영아파트,충청북도 음성군 음성읍 읍내리 353-11,지하주차장,36.933051,127.693523,24시간,1899-2100,2019-12-04
3711,한라비발디아파트,충청북도 충주시 목행동 886,지하주차장,37.005871,127.918283,24시간,1899-2100,2019-12-04
3709,부경스카이아파트,전북특별자치도 장수군 장수읍 장수리 671,지상,35.64609829,127.5151244,24시간  ※외부인 개방,1899-2100,2019-12-04
3712,신일유토빌아파트,강원특별자치도 원주시 우산동 821,지하주차장,37.37316075,127.9407191,24시간,1899-2100,2019-12-04
3714,강원도개발공사,강원특별자치도 춘천시 석사동 322-1,주차장,37.85716591,127.7496775,24시간,1899-2100,2019-12-04
3715,원주 의료기기 산업기술단지,강원특별자치도 원주시 태장동 태장공단길,옥외수전실 전면,37.406773,127.95036,24시간,1899-2100,2019-12-04
3716,강원도교육연수원,강원특별자치도 강릉시 초당동 57-18,주차장,37.78644219,128.9183389,24시간,1899-2100,2019-12-04
3717,동해시 보건소,강원특별자치도 동해시 천곡동 1095(보건소 공영 주차장),주차장,37.52233377,129.1171019,24시간,1899-2100,2019-12-04
3718,봉평면사무소,강원특별자치도 평창군 봉평면 창동리 345,봉평면사무소 뒷편 예비군대대,37.6161884,128.3797302,24시간,1899-2100,2019-12-04
3723,원주 의료기기 종합지원센터,강원특별자치도 원주시 지정면 가곡리 1325,주차장입구 좌측편,37.37171186,127.8741027,24시간,1899-2100,2019-12-04
3719,먹거리단지,강원특별자치도 횡성군 횡성읍 곡교리 128-2,주차장,37.46053312,127.9747258,24시간,1899-2100,2019-12-04
3721,개인택시지부,강원특별자치도 원주시 태장동 26-1,건물 전면 주차장,37.369931,127.967505,24시간,1899-2100,2019-12-04
3722,한국전기공제조합 춘천지점,강원특별자치도 춘천시 칠전동 598-5,주차장,37.84211747,127.7150055,24시간,1899-2100,2019-12-04
3720,한국전력 화천지사,강원특별자치도 화천군 화천읍 상리 2-26,고객 주차장,38.11093378,127.7078887,주중/주말:09~20시,1899-2100,2019-12-04
3726,수원월드컵경기장,경기도 수원시 팔달구 우만동 산 5-1,P5주차장,37.28818309,127.0368031,24시간,1899-2100,2019-12-04
3728,광주시 차량등록사업소,경기도 광주시 장지동 214-7,주차장,37.38716538,127.2456923,24시간,1899-2100,2019-12-04
3725,횡성국민체육센터,강원특별자치도 횡성군 횡성읍 읍하리 260,주차장,37.4907598,127.9779208,24시간,1899-2100,2019-12-04
3724,속초해양경찰서,강원특별자치도 속초시 동명동 53-23,해양경찰서내 주차장,38.21228638,128.5976834,09~18시,1899-2100,2019-12-04
3727,광주하남 교육지원청,경기도 광주시 송정동 240-1,지상주차장(실외),37.42245091,127.2591031,24시간,1899-2100,2019-12-04
3733,남산공단,경기도 화성시 안녕동 178-175,지상주차장,37.19561784,126.9909066,24시간,1899-2100,2019-12-04
3729,화성시 보건소,경기도 화성시 향남읍 발안리 309,정문 출입구 우측,37.12923689,126.9046906,24시간,1899-2100,2019-12-04
3730,중리주차장,경기도 화성시 중동 165,주차장 내,37.20514994,127.1393289,24시간,1899-2100,2019-12-04
3732,동탄복합문화센터,경기도 화성시 반송동 108,옥내 지상주차장,37.20076591,127.0750588,24시간,1899-2100,2019-12-04
3731,하가등천주차장,경기도 화성시 향남읍 장짐리 401-46,경기도 화성시 향남읍 장짐리401-9,37.13460679,126.9101312,24시간,1899-2100,2019-12-04
3734,융건릉(1),"경기도 화성시 효행로481번길 21 (안녕동, 융건릉)",지상주차장,37.20577802,126.9923132,24시간,1899-2100,2019-12-04
3735,융건릉(2),경기도 화성시 안녕동 186-27,지상주차장,37.20627681,126.9905963,24시간,1899-2100,2019-12-04
3738,동화주차장,경기도 화성시 봉담읍 동화리 557,동화주차장 내,37.22061569,126.9552497,24시간,1899-2100,2019-12-04
3736,안녕동공영주차장,경기도 화성시 안녕동 190-145,지상주차장,37.19993131,127.0237249,24시간,1899-2100,2019-12-04
3739,장경리공영주차장,인천광역시 옹진군 영흥면 내리 1656-2,장경리 주차장내,37.27248651,126.4516672,24시간,1899-2100,2019-12-04
3737,사이동 커뮤니센터,경기도 안산시 상록구 사동 1502,사이동커뮤니티센터 주차장,37.2788136,126.8522766,24시간,1899-2100,2019-12-04
3745,금촌공영주차장,경기도 파주시 중앙로 87,금촌 통일시장 공영주차장 1층 창고옆,37.7631746,126.7732171,24시간,1899-2100,2019-12-04
3741,노외주차장(복정제5),경기도 성남시 수정구 복정동 688,지하1층,37.4571757,127.1264733,24시간,1899-2100,2019-12-04
3744,가능1동 5공영주차장,경기도 의정부시 가능동 362-3,주차장,37.75318177,127.0365272,24시간,1899-2100,2019-12-04
3743,조암주차장,경기도 화성시 우정읍 조암리 365-30,우정조암공영주차장,37.08420289,126.8145585,24시간,1899-2100,2019-12-04
3742,노외주차장(건우공영),경기도 성남시 수정구 태평동 224-4,지상(관리사무소 앞),37.45015049,127.1325745,24시간,1899-2100,2019-12-04
3748,주남저수지,경상남도 창원시 의창구 동읍 월잠리 303-7,람사르문화관 옆 주차장,35.30658514,128.6781327,24시간,1899-2100,2019-12-04
3747,우리누리청소년문화센터,경상남도 창원시 마산회원구 합성동 91-3,옥외주차장,35.24019988,128.591931,24시간,1899-2100,2019-12-04
3750,진주종합경기장,경상남도 진주시 충무공동 8,주차장,35.1832313,128.1378503,24시간,1899-2100,2019-12-04
3746,호계민원센터,경상남도 창원시 마산회원구 내서읍 호계리 172,옥외주차장,35.2622275,128.5231827,24시간,1899-2100,2019-12-04
3749,산청군보건의료원,경상남도 산청군 산청읍 지리 797,의료원 입구 좌측방면,35.41600198,127.8840963,24시간,1899-2100,2019-12-04
3752,상하수도사업본부,경상남도 고성군 고성읍 송학리 1-1,주차장,34.98465526,128.3445861,24시간,1899-2100,2019-12-04
3754,새마을운동테마파크,경상북도 구미시 사곡동 산 33-3,새마을테마공원 지하주차장,36.09361586,128.3513721,24시간,1899-2100,2019-12-04
3751,초동면행정복지센터,경상남도 밀양시 초동면 오방리 55,복지센터 내 좌측 주차장,35.421515,128.672639,24시간,1899-2100,2019-12-04
3753,안동농수산물도매시장,경상북도 안동시 풍산읍 노리 953-8,안동농수산물도매시장,36.58932973,128.6095659,24시간,1899-2100,2019-12-04
3755,콘텐츠박물관,경상북도 안동시 동부동 447-8,콘텐츠박물관 옆,36.56630993,128.7340576,확인중,1899-2100,2019-12-04
3756,와룡면행정복지센터,경상북도 안동시 와룡면 태리 52-3,와룡면행정복지센터 주차장,36.61631921,128.7665455,24시간,1899-2100,2019-12-04
3758,고하도 해상케이블카,전라남도 목포시 달동 845-1,(실외캐노피기설)실외주차장,34.7738062,126.3600357,24시간,1899-2100,2019-12-04
3760,화순전남대병원,전라남도 화순군 화순읍 일심리 113,(실내지하) 지하1층 주차장 입구정면,35.05936107,127.0029636,24시간,1899-2100,2019-12-04
3759,유달동 주민센터,전라남도 목포시 서산동 2-25,(실외캐노피기설)실외주차장,34.78348363,126.3803558,24시간,1899-2100,2019-12-04
3761,순천로컬푸드,전라남도 순천시 조례동 1871,(실외캐노피기설)로컬푸드주차장 입구,35.02375204,127.4536055,24시간,1899-2100,2019-12-04
3757,북항 해상케이블카,전라남도 목포시 죽교동 515,(실외캐노피기설)실외주차장,34.79947134,126.3721634,24시간,1899-2100,2019-12-04
3766,기업개발원,전라남도 나주시 빛가람동 301-1,지상주차장,35.01948641,126.7946127,"월-목 : 24시간, 금 : 18시전",1899-2100,2019-12-04
3765,금골마루,전라남도 진도군 군내면 진도대로 7943,(실외캐노피기설)건축물 좌측 주차장,34.5349989,126.298348,24시간,1899-2100,2019-12-04
3764,임회면사무소,전라남도 진도군 임회면 석교리 803-1,(실외완전노출)진입 후 좌측 주차장,34.40610838,126.1900812,24시간,1899-2100,2019-12-04
3763,신창동 행정복지센터,광주광역시 광산구 신창동 1171-3,(실외)주차장 입구 좌측,35.19561203,126.8408243,24시간,1899-2100,2019-12-04
3770,송파공영주차장,서울특별시 송파구 송파동 128,실내 주차장 1층,37.50700839,127.113349,24시간,1899-2100,2019-12-04
3767,국립 중앙도서관,서울특별시 서초구 반포동 산 94-1,자료보존관앞 지상주차장,37.4976202,127.0025218,24시간,1899-2100,2019-12-04
3768,대치2문화센터 공영주차장,서울특별시 강남구 대치동 980-9,지하2층 주차장,37.50233306,127.0642143,06~23시,1899-2100,2019-12-04
3771,경상북도 포항교육지원청,경상북도 포항시 북구 양덕동 894,우측 주차장,36.09674954,129.3743696,24시간,1899-2100,2019-12-04
3769,강동보건소,서울특별시 강동구 성내동 541-2,치매요양센터 앞 주차장,37.52944005,127.1255335,24시간,1899-2100,2019-12-04
3774,배실공원주차장,대구광역시 달서구 이곡동 1319,주차장 입구 우측 끝,35.8619763,128.5064989,24시간,1899-2100,2019-12-04
3775,노변공영주차장,대구광역시 수성구 시지동 490,노변공영주차장,35.83919899,128.6942758,24시간,1899-2100,2019-12-04
3772,학산근린공원삼거리주차장,대구광역시 달서구 본동 1119,주차장 출구 오른쪽,35.83232725,128.5385782,24시간,1899-2100,2019-12-04
3777,HC홈센타홀딩스 주차장,대구광역시 북구 노원동3가 34-11,주차장 1층 모서리,35.898285,128.575416,24시간,1899-2100,2019-12-04
3776,양지로공영주차장,대구광역시 남구 대명동 2152-5,양지로공영주차장,35.85094249,128.5788881,24시간,1899-2100,2019-12-04
3781,포항시 평생학습원,경상북도 포항시 남구 대도동 366,제3주차장,36.00606363,129.3560717,24시간,1899-2100,2019-12-04
3782,성당동1공영주차장,대구광역시 달서구 성당동 638-1,성당동1공영주차장,35.84308393,128.5514337,24시간,1899-2100,2019-12-04
3780,달서구노인종합복지관,대구광역시 달서구 본동 804-2,주차장 우측,35.83343063,128.5417839,06~23시,1899-2100,2019-12-04
3779,한일우호관,대구광역시 달성군 가창면 우록리 175-1,한일우호관 주차장,35.72335846,128.6471482,24시간,1899-2100,2019-12-04
3783,송현2동공영주차장,대구광역시 달서구 송현동 496-2,주차장 입구 정면 끝,35.83250543,128.5475094,24시간,1899-2100,2019-12-04
3787,가산면 다부동 전적기념관,경상북도 칠곡군 가산면 호국로 1486,다부동 전적기념관 공용주차장,36.0468,128.5189,24시간,1899-2100,2019-12-04
3785,한국산업인력공단 경북동부지사,경상북도 포항시 북구 장성동 1370-11,주차장,36.08706221,129.3878284,24시간,1899-2100,2019-12-04
3786,유통단지 섬유제품관,대구광역시 북구 유통단지로60 (산격동),지하2층 출구쪽,35.90598,128.609314,06~23시,1899-2100,2019-12-04
3784,한국농어촌공사 경북지역본부 주차장,대구광역시 북구 구암로 158 (구암동),1층 주차장입구,35.931128,128.557756,24시간,1899-2100,2019-12-04
3789,남부순환도로,대구광역시 수성구 앞선터널로 519(파동 546-2),남부순환도로 파동 IC 주차장,35.81016616,128.6149482,24시간,1899-2100,2019-12-04
3791,복수동 제2공영주차장,대전광역시 서구 복수동 644,지상 주차장,36.299064,127.379711,24시간,1899-2100,2019-12-04
3790,칠곡홈플러스(추가분),대구광역시 북구 동천동 968,지하1층 주차장,35.94487624,128.5560423,09시~23시,1899-2100,2019-12-04
3792,마곡사 주차장,충청남도 공주시 사곡면 운암리 731-2,마곡사 입구 공영주차장,36.55616526,127.0204235,24시간,1899-2100,2019-12-04
3794,아산경찰서 인재개발원,충청남도 아산시 무궁화로 111,경찰인재개발원 정문 좌측방향 면회실앞,36.740535,126.98714,24시간,1899-2100,2019-12-04
3795,대전 현충원,대전광역시 유성구 현충원로 171-1,천마웅비상 좌측 현충원주차장,36.36182,127.298173,09시~18시,1899-2100,2019-12-04
3793,유구농협하나로타운,충청남도 공주시 유구읍 석남리 297,주차장,36.55284284,126.9533833,24시간,1899-2100,2019-12-04
3796,행안부 국가정보자원관리원,대전광역시 유성구 화암동 62-1,입구 우측 주차장,36.39782831,127.3733355,24시간,1899-2100,2019-12-04
3797,한국천문연구원,대전광역시 유성구 대덕대로 776,천문연구원 좌측 주차장,36.399511,127.374336,24시간,1899-2100,2019-12-04
3798,전력연구원,대전광역시 유성구 문지로 105,전력연구원 입구 좌측 주차장,36.390466,127.389728,24시간,1899-2100,2019-12-04
3800,대전 KBS,대전광역시 서구 만년동 300,지상 주차장,36.37038786,127.3804196,24시간,1899-2100,2019-12-04
3801,문화공원 지하주차장,울산광역시 남구 번영로 200,문화공원주차장 B-2F J6구역,35.542874,129.327033,24시간,1899-2100,2019-12-04
3799,충청남도 교육청,충청남도 홍성군 홍북읍 신경리 544,지하주차장 32번구역,36.65789785,126.67757,24시간,1899-2100,2019-12-04
3806,삼남면행정복지센터,울산광역시 울주군 삼남읍 교동리 728-1,삼남면행정복지센터 진입로 좌측도로변,35.54098732,129.1085317,24시간,1899-2100,2019-12-04
3804,모라중학교 지하 공영주차장,부산광역시 사상구 백양대로936,주차장 진입후 좌측편,35.190173,128.992587,24시간,1899-2100,2019-12-04
3803,감전역 역세권 공영주차장,부산광역시 사상구 새벽시장로135,주차장 진입후 우측편,35.154174,128.988613,24시간,1899-2100,2019-12-04
3802,진영공설운동장,경상남도 김해시 진영읍 진영리 1344-2,정문주차장입구통과후 좌측 주차면,35.30778196,128.7183584,24시간,1899-2100,2019-12-04
3807,김해시 농업기술센터,경상남도 김해시 전하로198번길 102 (전하동),정문입구에서 좌측 화단옆,35.212832,128.87059,24시간,1899-2100,2019-12-04
3805,모라1동행정복지센터 부설주차장,부산광역시 사상구 모라로93,복지센터 뒷길 별도 출입구 앞,35.186777,128.990016,24시간,1899-2100,2019-12-04
3810,2호선 양산역,경상남도 양산시 중부동 721,양산역 공영주차장,35.339621,129.026993,24시간,1899-2100,2019-12-04
3809,부산대양산캠퍼스역 실내주차장,경상남도 양산시 물금읍 범어리 2804,부산대양산캠퍼스역 실내주차장,35.317035,129.014046,24시간,1899-2100,2019-12-04
3808,강서구청 주차장,부산광역시 강서구 낙동북로 477,주차장입구옆,35.212533,128.980755,24시간,1899-2100,2019-12-04
3811,남양산역,경상남도 양산시 물금읍 범어리 2809,남양산역 공영주차장,35.32493005,129.0192204,24시간,1899-2100,2019-12-04
3812,삼방시장주차장,경상남도 김해시 삼안로255번길 11(삼방동),주차장입구 우측,35.250377,128.908785,24시간,1899-2100,2019-12-04
3814,전쟁기념관,서울특별시 용산구 이태원로 29,지하주차장 B2-14,37.536754,126.977161,24시간,1899-2100,2019-12-04
3813,연세대학교,서울특별시 서대문구 신촌동 134,중앙 지하 주차장 B2(G5),37.56050463,126.9370544,24시간,1899-2100,2019-12-04
3817,고촌농협 장곡지점,경기도 김포시 고촌읍 태리 31-14,고촌농협 로컬푸드 직매장 창고앞,37.605792,126.752728,24시간,1899-2100,2019-12-04
3815,강북문화예술회관,서울특별시 강북구 수유동 360-10,,37.6407909,127.0134276,,1899-2100,2019-12-04
3816,서울과학기술대학교,서울특별시 노원구 공릉동 172,"국제관,테크노큐브,프론티어관",37.63300771,127.0775419,24시간,1899-2100,2019-12-04
3819,한전김포지사,경기도 김포시 장기동 2083-1,주차장 차단기 앞,37.639213,126.681156,24시간,1899-2100,2019-12-04
3821,연안여객터미널,인천광역시 중구 항동7가 88,터미널 건물에서 바라봤을때 제일 우측,37.45427727,126.5990485,24시간,1899-2100,2019-12-04
3818,김포아울렛_본관,경기도 김포시 고촌읍 전호리 654,East동 지하2층 F04번 기둥,37.599156,126.785823,10:00~21:00,1899-2100,2019-12-04
3820,계양산 공영주차장,인천광역시 계양구 계산동 905,계양산 공영주차장 안,37.54761092,126.7264776,24시간,1899-2100,2019-12-04
3823,부개3차 공영주차장,인천광역시 부평구 부개동 502-16,부개3차 공영주차장 안,37.49709645,126.7394773,24시간,1899-2100,2019-12-04
3824,시흥지사,경기도 시흥시 은행동 606-2,사옥 뒷문 주차장,37.44685619,126.8035301,24시간,1899-2100,2019-12-04
3825,KBS전주총국,전북특별자치도 전주시 완산구 효자동3가 1629,KBS 정문 지상주차장,35.8225308,127.1050187,24시간,1899-2100,2019-12-04
3822,심곡동 행정복지센터,경기도 부천시 심곡동 135-3,지하1층 주차장,37.48741826,126.787122,09~18시,1899-2100,2019-12-04
3830,저지리사무소,제주특별자치도 제주시 한경면 저지리 1863-1,,33.33262667,126.2558563,24시간,1899-2100,2019-12-04
3828,태인골프장,전북특별자치도 정읍시 태인면 증산리 591-8,태인퍼블릭 주차장,35.68452215,126.9702087,24시간,1899-2100,2019-12-04
3829,티스테이션 전주역점,전북특별자치도 전주시 덕진구 백제대로 760,티스테이션 주차장,35.846032,127.152068,24시간,1899-2100,2019-12-04
3826,군산지사,전북특별자치도 군산시 해망로 264,군산지사 우측 고객주차장,35.99153423,126.7097295,24시간,1899-2100,2019-12-04
3827,전주대학교,전북특별자치도 전주시 완산구 효자동 3가 1275-10,전주대 스타타워 지상주차장,35.8165128,127.0890619,24시간,1899-2100,2019-12-04
3831,삼성혈,제주특별자치도 제주시 이도일동 1313,,33.50430126,126.5288722,24시간,1899-2100,2019-12-04
3834,방주교회,제주특별자치도 서귀포시 안덕면 상천리 427,,33.30512625,126.3872927,24시간,1899-2100,2019-12-04
3833,한경농협 하나로마트,제주특별자치도 제주시 한경면 신창리 18-2,,33.34664809,126.1902546,24시간,1899-2100,2019-12-04
3832,도로교통공단 제주지부,제주특별자치도 제주시 노형동 3220,,33.4750458,126.4647778,24시간,1899-2100,2019-12-04
3836,번개과학체험관,제주특별자치도 서귀포시 토평동 1799,,33.28952291,126.5886129,24시간,1899-2100,2019-12-04
3835,서귀포개인택시조합,제주특별자치도 서귀포시 토평동 1379,,33.26943663,126.592884,24시간,1899-2100,2019-12-04
3837,서귀포향토오일장,제주특별자치도 서귀포시 동홍동 779-1,,33.26716385,126.5730314,24시간,1899-2100,2019-12-04
3839,강정생명평화교회,제주특별자치도 서귀포시 선반로65번길 61,야외주차장,33.23764167,126.4955332,24시간,1899-2100,2019-12-04
3838,물영아리주차장,제주특별자치도 서귀포시 남원읍 수망리 산 182-7,..,33.36074807,126.6924479,24시간,1899-2100,2019-12-04
3840,구좌119센터,제주특별자치도 제주시 구좌읍 세화리 1360,,33.52019559,126.8600973,24시간,1899-2100,2019-12-04
3841,괴산군 고추유통센터,충청북도 괴산군 괴산읍 동부리 236-1,지상주차장 좌측,36.81296432,127.7974753,24시간,1899-2100,2019-12-04
3845,평생학습관,충청북도 충주시 금릉동 183-1,지상주차장 내,36.996844,127.922559,24시간,1899-2100,2019-12-04
3842,제주산학융합원,제주특별자치도 제주시 아라일동 3005-3,,33.44732361,126.5674904,24시간,1899-2100,2019-12-04
3844,봉명2송정동 행정복지센터,충청북도 청주시 흥덕구 주현로 41번길 18,봉명2송정동 행정복지센터 주차장 내,36.644889,127.457867,24시간,1899-2100,2019-12-04
3846,제천시민공원,충청북도 제천시 청전동 110-7,청정공원 주차장,37.14954835,128.2168548,24시간,1899-2100,2019-12-04
3850,신세계 강남점,서울특별시 서초구 반포동 19-3,옥외주차타워3층,37.5036952,127.0039583,24시간,1899-2100,2019-12-04
3849,신세계 본점,"서울특별시 중구 소공로 63 (충무로1가, 신세계백화점건물)",지하주차장 3층,37.56091408,126.9810817,11:00 ~ 20:00,1899-2100,2019-12-04
3847,미동산수목원,충청북도 청주시 상당구 미원면 미원리 16,미동산 수목원 주차장,36.625647,127.663789,24시간,1899-2100,2019-12-04
3851,신세계 경기점,경기도 용인시 수지구 죽전동 1285,주차동 5층,37.32498964,127.1079978,영업시간,1899-2100,2019-12-04
3601,DMC센트럴아이파크아파트,서울특별시 서대문구 남가좌동 388,지하,37.57936243,126.9208403,24시간,1899-2100,2019-12-05
3855,동서울 전력지사,경기도 하남시 감일동 산 2,사옥 주차장,37.51166,127.16782,24시간,1899-2100,2019-12-09
3856,동서울 전력지사,경기도 하남시 감일동 산 2,사옥주차장,37.51092655,127.1674309,24시간,1899-2100,2019-12-12
3857,의정부과학도서관,경기도 의정부시 신곡동 124-1,1층 주차장,37.74474537,127.0691148,24시간,1899-2100,2019-12-16
3858,신세계 센텀점,부산광역시 해운대구 우동 1495,지하주차장 2층,35.168923,129.1296311,11:00 ~ 20:00,1899-2100,2019-12-16
3860,곡성지사,전라남도 곡성군 곡성읍 읍내리 792-21,(실외캐노피)지사 주차장,35.27759587,127.2911371,24시간,1899-2100,2019-12-17
3861,성주별고을체육관주차장,경상북도 성주군 성주읍 대흥리 919,성주별고을체육관주차장,35.913707,128.260427,24시간,1899-2100,2019-12-17
3862,제주전력지사(공용),제주특별자치도 제주시 이도이동 996-7,,33.49830903,126.536698,24시간,1899-2100,2019-12-17
3864,대정읍사무소,제주특별자치도 서귀포시 대정읍 하모리 1413,,33.22665355,126.2521625,24시간,1899-2100,2019-12-17
3865,김포아울렛 타워존,경기도 김포시 고촌읍 전호리 668,타워존 지하1층 B03기둥 앞,37.59810027,126.7840441,10:00~21:00,1899-2100,2019-12-17
3866,문정근린공원 공영주차장,서울특별시 송파구 문정동 38-3,지하1층,37.4859415,127.1236855,24시간,1899-2100,2019-12-17
3867,(편의제공형)남내동공영주차장,전라남도 나주시 남내동 67,남내동 공용주차장,35.0296905,126.7194128,24시간,1899-2100,2019-12-17
3869,파주지사 신사옥,경기도 파주시 와동동 1377,지상 1층,37.72950442,126.7588996,24시간,1899-2100,2019-12-18
3870,송현월성아파트,대구광역시 달서구 송현동 1909-27,105동과 106동 사이,35.8258014,128.5425403,24시간  ※외부인 개방,1899-2100,2019-12-19
3876,광주전남직할,광주광역시 북구 오치동 991,(실외캐노피기설)정문 주차장 우측,35.18504757,126.9067751,평일06시~23시(주말 24시간),1899-2100,2020-01-08
3877,대평동 BRT전기버스 차고지,세종특별자치시 대평동 484-12,차고지 주차장(전기실 앞),36.4679741,127.2730367,24시간,1899-2100,2020-01-10
3878,금남배전스테이션,광주광역시 동구 금남로4가 81-1,(실내지상)1층 주차장,35.15059554,126.9142783,24시간,1899-2100,2020-01-10
3880,더샵효자2차아파트,전북특별자치도 전주시 완산구 효자동2가 122,202동 지하주차장,35.8092303,127.1081592,24시간,1899-2100,2020-01-23
3883,광양읍 목성 주공아파트,전라남도 광양시 광양읍 목성리 976-4,(실외완전노출)관리사무소 뒷편 주차장,34.9783957,127.588746,24시간,1899-2100,2020-02-05
3885,신내건영1차 아파트,서울특별시 중랑구 상봉동 1,지하2층,37.604091,127.093513,24시간,1899-2100,2020-02-18
3892,문현한양아파트,부산광역시 남구 문현동 41,지상주차장,35.144445,129.072848,24시간,1899-2100,2020-03-05
3893,송도현대아파트,부산광역시 서구 암남동 611-1,지상 전기실 옆,35.070507,129.01709,24시간  ※외부인 개방,1899-2100,2020-03-05
3895,반도유보라메이플타운2.0,경기도 남양주시 다산동 6324,지하주차장,37.59896609,127.1689324,24시간  ※외부인 개방,1899-2100,2020-03-05
3896,성내동중앙하이츠,서울특별시 강동구 성내동 410-2,지하 1층,37.53051922,127.1335397,24시간,1899-2100,2020-03-05
3897,광교중흥S클래스아파트,경기도 수원시 영통구 원천동 589,지하4층,37.28250391,127.0582017,24시간,1899-2100,2020-03-05
3899,죽전 동성1차,"경기도 용인시 수지구 용구대로 2742 (죽전동, 동성1차아파트)",104동 제2주차장  B1,37.3307356,127.1108269,24시간,1899-2100,2020-03-05
3900,기산그린타운연립,강원특별자치도 강릉시 내곡동 267,주차장,37.73444676,128.8808369,24시간,1899-2100,2020-03-06
3901,그린내하우스,강원특별자치도 강릉시 입암동 97-13,주차장,37.7608299,128.918984,24시간,1899-2100,2020-03-06
3902,사랑Dream아파트,강원특별자치도 동해시 평릉동 207,주차장,37.53160341,129.1014392,24시간  ※외부인 개방,1899-2100,2020-03-06
3903,희망Dream아파트,강원특별자치도 동해시 용정동 25-145,주차장,37.50591218,129.1278326,24시간,1899-2100,2020-03-06
3904,동해 아이파크 아파트,강원특별자치도 동해시 이도동 751,주차장,37.47708209,129.1089177,24시간  ※외부인 개방,1899-2100,2020-03-06
3905,군산지사 업무용,전북특별자치도 군산시 장미동 50-1,직원주차장,35.99198661,126.7097438,24시간,1899-2100,2020-03-26
3933,화천지사,강원특별자치도 화천군 화천읍 상리 2-26,주차장,38.11093378,127.7078887,24시간,1899-2100,2020-05-07
3934,정선지사,강원특별자치도 정선군 정선읍 북실리 756-11,주차장,37.38004848,128.6504211,24시간,1899-2100,2020-05-07
3937,거제2차아이파크,경상남도 거제시 양정동 1096,2동 지하주차장,34.86648864,128.6511877,24시간  ※외부인 개방,1899-2100,2020-06-01
3938,혁신도시LH아파트 3단지,경상남도 진주시 충무공동 219,지하주차장 A18기둥 앞,35.18066331,128.1523134,24시간  ※외부인 개방,1899-2100,2020-06-01
3939,검단자이2단지 아파트,인천광역시 서구 왕길동 696-1,지하 2층 G01 기둥,37.59545127,126.6411192,24시간,1899-2100,2020-06-01
3940,도화e편한세상,인천광역시 미추홀구 도화동 1009,지하주차장 2층 A19구역 50m앞,37.47386381,126.6660415,24시간,1899-2100,2020-06-01
3943,수안채리치아파트,광주광역시 광산구 수완동 949,(실내지하)진입후 좌측면,35.1951855,126.8258238,24시간,1899-2100,2020-06-01
3944,수완산이고운더테라스,광주광역시 광산구 수완동 1853,(실외)정문옆좌측주차장,35.207164,126.8265614,24시간,1899-2100,2020-06-01
3971,평택센트럴자이3단지,경기도 평택시 동삭동 852,310동 지하,37.02007913,127.100325,24시간,1899-2100,2020-07-01
3972,효성동금호어울림아파트,인천광역시 계양구 효성동 675,지하1층 D02,37.52431049,126.7148253,24시간,1899-2100,2020-07-02
3973,김해산업진흥의생명융합재단,경상남도 김해시 주촌면 농소리 155-1,-,35.215698,128.832893,24시간,1899-2100,2020-07-03
3974,보건복지센터,경상남도 김해시 외동 1261-3,-,35.232644,128.870565,24시간,1899-2100,2020-07-03
3975,행복민원청사,경상남도 김해시 부원동 625-1,-,35.227843,128.890173,24시간,1899-2100,2020-07-03
3976,김해가야테마파크,경상남도 김해시 어방동 986,-,35.25007,128.893107,24시간,1899-2100,2020-07-03
3977,수변어린이공원 공영주차장,부산광역시 수영구 민락동 110-15,1층 출입구 우측,35.156533,129.134121,24시간,1899-2100,2020-07-03
3978,남구청 서편 주차장,부산광역시 남구 대연동 1268-1,지하1층,35.136698,129.084418,24시간,1899-2100,2020-07-03
3979,반여도서관,부산광역시 해운대구 반여동 1575-78,지상1층 옥외주차장,35.20227204,129.1331871,24시간,1899-2100,2020-07-03
3980,울산대교 전망대 공영주차장,울산광역시 동구 방어동 산 410-1,-,35.5017429,129.4062185,24시간,1899-2100,2020-07-03
3981,삼동면 복지센터,울산광역시 울주군 삼동면 하잠리 966-1,-,35.52353944,129.157644,24시간,1899-2100,2020-07-03
3982,사하구 제2청사,부산광역시 사하구 신평동 646-2,지하주차장 진입후 바로 좌회전,35.09493723,128.9618934,24시간,1899-2100,2020-07-03
3983,부산항국제여객터미널,부산광역시 동구 초량동 45-39,주차장,35.11656369,129.0478002,24시간,1899-2100,2020-07-03
3984,남해지방해양경찰청,부산광역시 동구 좌천동 68-889,주차장,35.12752079,129.055391,24시간,1899-2100,2020-07-03
3985,르네시떼,부산광역시 사상구 괘법동 529-1,-,35.16423006,128.9777736,24시간,1899-2100,2020-07-03
3986,범어대동타운,경상남도 양산시 물금읍 범어리 502-1,-,35.3357144,129.0065149,24시간,1899-2100,2020-07-03
3987,교동일동미라주아파트,경상남도 양산시 교동 605,-,35.34682915,129.0214373,24시간,1899-2100,2020-07-03
3988,송정반도유보라아이비파크,울산광역시 북구 송정동 1237-2,주차장,35.60222158,129.3673296,24시간,1899-2100,2020-07-03
3989,김해진영휴먼시아6단지,경상남도 김해시 진영읍 여래리 973,주차장,35.3074276,128.7429554,24시간  ※외부인 개방,1899-2100,2020-07-03
3990,대아아파트,경상남도 김해시 안동 333-2,주차장,35.23784797,128.9156709,24시간  ※외부인 개방,1899-2100,2020-07-03
3991,경남아너스빌아파트,부산광역시 해운대구 좌동 1375,"지하1,2층 주차장",35.17753087,129.1673242,24시간  ※외부인 개방,1899-2100,2020-07-03
3992,마석그랜드힐2차,경기도 남양주시 화도읍 마석우리 71-4,지하1층 주차장,37.650295,127.319574,24시간  ※외부인 개방,1899-2100,2020-07-06
3993,국립중앙극장,서울특별시 중구 장충동2가 산 14-67,주차장,37.55287104,127.0001308,24시간,1899-2100,2020-07-06
3994,북서울시립미술관,서울특별시 노원구 중계동 508,"B1 ,11",37.64083935,127.0667835,09:00~22:00,1899-2100,2020-07-06
3995,서부수도사업소,서울특별시 서대문구 홍제동 38-69,출입문 인근,37.58289026,126.9523507,06~23시,1899-2100,2020-07-06
3996,한국프라우드아파트,서울특별시 은평구 역촌동 9-54,지하1층,37.60627303,126.9156965,24시간,1899-2100,2020-07-06
3997,은평스카이뷰자이아파트,서울특별시 은평구 진관동 62,지하3층,37.63490113,126.9177912,24시간,1899-2100,2020-07-06
3998,구의삼성쉐르빌아파트,서울특별시 광진구 구의동 199-18,지하5층 주차장,37.53995404,127.0948847,24시간,1899-2100,2020-07-06
3999,래미안아트리지,서울특별시 성북구 석관동 410,지하2층,37.60604271,127.063638,24시간,1899-2100,2020-07-06
4000,용산파크자이아파트,서울특별시 용산구 한강로1가 50-1,지하2층,37.53663726,126.9725935,24시간,1899-2100,2020-07-06
4001,마포한강2차 푸르지오아파트,서울특별시 마포구 합정동 473,지하6층 주차장,37.55111142,126.9119166,24시간,1899-2100,2020-07-06
4002,에메랄드퀸 주상복합아파트,전라남도 목포시 상동 1139-7,(실내지상)지상 7층 입주자주차장,34.7980624,126.4315954,24시간,1899-2100,2020-07-16
4004,경북보건대학,경상북도 김천시 대학로 168,본관 옆 수전실 앞,36.13820025,128.0837677,24시간,1899-2100,2020-07-22
4024,명곡미래빌1단지,대구광역시 달성군 화원읍 명곡로 11,지하주차장,35.79914345,128.4978588,24시간  ※외부인 개방,1899-2100,2020-07-22
4012,황성동 행정복지센터,경상북도 경주시 황성동 167,황성행정복지센터 주차장 안,35.87211291,129.2190394,24시간,1899-2100,2020-07-22
4028,대곡역그린빌아파트,대구광역시 달성군 화원읍 명천로 57,지하주차장,35.80320974,128.5104215,24시간  ※외부인 개방,1899-2100,2020-07-22
4020,반곡지 전기충전소,경상북도 경산시 남산면 반곡리 240,반곡지 주차장 화장실 옆,35.77971807,128.8052595,24시간,1899-2100,2020-07-22
4014,네이처파크 스파벨리,대구광역시 달성군 가창면 가창로 891(가창면 냉천리),지상주차장,35.787978,128.636201,06:00~18:00,1899-2100,2020-07-22
4019,덕곡면사무소,경상북도 고령군 덕곡면 덕운로 570,덕곡면사무소 지상주차장,35.779339,128.233012,24시간,1899-2100,2020-07-22
4006,다산면사무소 주차장 부지(신규),경상북도 고령군 다산면 상곡리 175-1,다산파출소 뒤편 다산면사무소 신규 주,35.82252378,128.4505364,24시간,1899-2100,2020-07-22
4016,개진면 행정복지센터 주차장,경상북도 고령군 개진면 개포리 240-1,개진면사무소 지상주차장,35.708287,128.350238,24시간,1899-2100,2020-07-22
4025,청구청탑맨션,대구광역시 달성군 화원읍 본리리 1-2,지하주차장,35.80731569,128.5085356,24시간,1899-2100,2020-07-22
4023,김천경찰서,경상북도 김천시 혁신8로 8,주차장,36.12691771,128.1821303,24시간,1899-2100,2020-07-22
4018,MS카오디오,대구광역시 동구 용계동 942-3,지상주차장 입구,35.8738273,128.68723,24시간,1899-2100,2020-07-22
4017,동명지 수변생태공원 생태체험학습관,경상북도 칠곡군 동명면 구덕리 421-1,생태체험학습관 주차장,35.9844302,128.5672215,24시간,1899-2100,2020-07-22
4013,경산 시립박물관 정문 고객 주차장,경상북도 경산시 사동 655-1,박물관내 주차장,35.8142601,128.7629188,24시간,1899-2100,2020-07-22
4011,투섬플레이스 대구칠곡학정점,대구광역시 북구 호국로 808,,35.95748573,128.5665781,24시간,1899-2100,2020-07-22
4010,축산물도매시장,대구광역시 북구 검단북로11길 11,주차장 안쪽 끝,35.91594316,128.6105102,06~23시,1899-2100,2020-07-22
4008,경산생활체육공원,경상북도 경산시 상방동 10,경산생활체육공원내,35.81925177,128.7474908,24시간,1899-2100,2020-07-22
4009,동북지방통계청,대구광역시 북구 동천동951-1,1층 주차장,35.94450175,128.5576446,06~23시,1899-2100,2020-07-22
4021,와촌면사무소 주차장내,경상북도 경산시 와촌면 덕촌리 57-1,와촌면 사무소내,35.94664272,128.8367361,24시간,1899-2100,2020-07-22
4015,진량복지회관,경상북도 경산시 진량읍 신상리 743-3,진량복지회관내 주차장,35.87565393,128.812457,24시간,1899-2100,2020-07-22
4005,서부경찰서,대구광역시 서구 국채보상로 249,지하주차장,35.87181652,128.5584403,24시간,1899-2100,2020-07-22
4007,수성대학교,대구광역시 수성구 만촌동 1078,본관 주차장,35.85400774,128.6468637,24시간,1899-2100,2020-07-22
4026,월드피아,경상북도 칠곡군 기산면 지산로 961,102동 -103동 사이,35.98569,128.37963,24시간,1899-2100,2020-07-22
4022,중리롯데캐슬 종합상가,대구광역시 서구 국채보상로 34길 12,지하주차장,35.86545552,128.5477264,24시간,1899-2100,2020-07-22
4029,칠곡왜관3주공아파트,경상북도 칠곡군 왜관읍 평장7길 11,관리사무소 옆,35.98715,128.41253,24시간  ※외부인 개방,1899-2100,2020-07-22
4031,오산시청,경기도 오산시 오산동 915,시청 주차장 내,37.1498603,127.0759075,24시간,1899-2100,2020-08-05
4032,동탄8동 행정복지센터,경기도 화성시 장지동 927,지하주차장 내,37.1993313,127.094829,08:00~23:59,1899-2100,2020-08-05
4033,동탄2 크린에너지센터,경기도 화성시 송동 681-244,주차장 내,37.1755053,127.0956533,24시간,1899-2100,2020-08-05
4034,덕우공단 공영주차장,경기도 화성시 봉담읍 덕우리 278,덕우공단 공영주차장 내,37.16012281,126.9166617,24시간,1899-2100,2020-08-06
4036,우정공영주차장,경기도 화성시 우정읍 조암리 265-1,경찰서 건너 공영주차타워 1층,37.08450874,126.8188315,24시간,1899-2100,2020-08-06
4037,상신리 공영주차장,경기도 화성시 향남읍 상신리 1295-2,화성시 향남읍 상신리 1294-3,37.1050569,126.8997596,24시간,1899-2100,2020-08-07
4038,동구생활문화센터,대전광역시 동구 가오동 559-1,센터 건물주차장 입구,36.30419544,127.4589945,24시간,1899-2100,2020-08-11
4039,전남대학교치과병원,광주광역시 북구 용봉동 300,(실외캐노피기설)본관 뒷편,35.17694453,126.9045451,24시간,1899-2100,2020-08-11
4050,바다마을아파트,서울특별시 영등포구 신길동 가마산로 540,지하2층주차장,37.50276,126.91541,24시간,1899-2100,2020-08-11
4044,대방중간집하장 공영주차장,서울특별시 동작구 대방동 67-1,지상주차장,37.51388426,126.9309275,24시간,1899-2100,2020-08-11
4054,관악구 평생학습관,서울특별시 관악구 신림동 1577-4,지하1층 주차장,37.4829506,126.9224274,06~23시,1899-2100,2020-08-11
4052,문래힐스테이트,서울특별시 영등포구 문래동3가 94,지하1층 주차장,37.51872,126.89107,24시간,1899-2100,2020-08-11
4056,반포동방음언덕형 공영주차장,서울특별시 서초구 반포동 730-2,지하1층,37.50479068,127.0186203,06~23시,1899-2100,2020-08-11
4040,마곡 이웰메디파크,서울특별시 강서구 마곡동 801-7,지하2층 주차장,37.55786847,126.8349445,24시간,1899-2100,2020-08-11
4041,한국방송광고진흥공사,서울특별시 양천구 목동 923-5,지하주차장,37.52695884,126.8715053,24시간,1899-2100,2020-08-11
4045,힐스테이트 강동리버뷰,서울특별시 강동구 암사동 675,지하3층 주차장 105동입구,37.54882027,127.1253702,24시간,1899-2100,2020-08-11
4058,태남빌딩 주차장,서울특별시 서초구 잠원로3길 40,지하2층 주차장,37.50820023,127.0036391,24시간,1899-2100,2020-08-11
4057,구룡공원 공영주차장,서울특별시 서초구 양재동 399,지하1층 주차장,37.47155755,127.0486723,24시간,1899-2100,2020-08-11
4042,서울남부출입국 외국인사무소,서울특별시 강서구 마곡동 745,지상주차장,37.56124701,126.8213733,09:00 ~ 18:00,1899-2100,2020-08-11
4059,잠원동방음언덕형 공영주차장,서울특별시 서초구 잠원동 10-33,지하1,37.516,127.01621,24시간,1899-2100,2020-08-11
4053,등마루 공영주차장,서울특별시 양천구 목동 965-1,지하2층 주차장,37.54592621,126.8654891,24시간,1899-2100,2020-08-11
4051,과천래미안센트럴스위트,경기도 과천시 별양동 별양로 163,지하주차장,37.4322,126.99762,24시간,1899-2100,2020-08-11
4055,구로아트밸리 지하2층,서울특별시 구로구 구로동 102,지하2층 주차장,37.49694727,126.889556,24시간,1899-2100,2020-08-11
4047,신정동일하이빌아파트2단지,서울특별시 양천구 신정동 1310,지하주차장,37.510846,126.840186,24시간,1899-2100,2020-08-11
4046,미주진로아파트,서울특별시 강서구 등촌동 701,지상주차장,37.55983847,126.8470287,24시간,1899-2100,2020-08-11
4048,신림 주공2단지,서울특별시 관악구 신림동 광신길 86,지하주차장,37.46425,126.92662,24시간,1899-2100,2020-08-11
4043,강서수도사업소,서울특별시 양천구 신정동 319-15,지상주차장,37.51953536,126.8699131,24시간,1899-2100,2020-08-11
4049,구로중앙하이츠아파트,서울특별시 구로구 구로동 1269,지하주차장,37.49877,126.88051,24시간,1899-2100,2020-08-11
4060,금안한글마을,전라남도 나주시 노안면 금안리 76,주차장,35.07507552,126.7009808,24시간,1899-2100,2020-08-12
4062,덕풍수리골공원 공영주차장,경기도 하남시 덕풍동 336-55,지하1층,37.54536832,127.198526,24시간,1899-2100,2020-08-12
4063,덕풍어린이공원 공영주차장,경기도 하남시 덕풍동 361-2,지하1층,37.53988121,127.1974124,24시간,1899-2100,2020-08-12
4064,힐즈파크푸르지오2단지,경기도 하남시 풍산동 626,지하2층,37.54433674,127.1946433,24시간,1899-2100,2020-08-12
4065,부여읍 행정복지센터,충청남도 부여군 부여읍 동남리 692,부여읍 행정복지센터 정문 왼편 주차장,36.275517,126.911279,24시간,1899-2100,2020-08-12
4066,남평동사리공용주차장,전라남도 나주시 남평읍 동사리 336-4,동사리337-1(공용주차장),35.04477081,126.8488165,24시간,1899-2100,2020-08-12
4067,에너지밸리산학융합원,전라남도 나주시 동수동 394-5,주차장,34.97734597,126.6883647,24시간,1899-2100,2020-08-12
4068,식품산업연구센터,전라남도 나주시 동수동 385-5,주차장입구에서 좌회전,34.98452698,126.6898298,24시간,1899-2100,2020-08-12
4069,농어촌공사 서천지사,충청남도 서천군 서천읍 사곡리 62-1,주차장,36.082695,126.699684,24시간,1899-2100,2020-08-13
4071,대호지면사무소,충청남도 당진시 대호지면 조금리 183,대호지면 공용주차장 오른쪽,36.89991259,126.5039495,24시간,1899-2100,2020-08-14
4072,충청남도 당진교육지원청,충청남도 당진시 대덕동 1807,지하주차장 입구쪽,36.88449595,126.6362356,24시간,1899-2100,2020-08-14
4073,기지시줄다리기박물관,충청남도 당진시 송악읍 기지시리 49-1,기지시줄다리기박물관 왼쪽,36.89604323,126.6949861,24시간,1899-2100,2020-08-14
4074,고운동 복합커뮤니티센터(남측),세종특별자치시 고운동 1712,장애인주차장 옆,36.50454207,127.2353076,24시간,1899-2100,2020-08-14
4075,배다리도서관,경기도 평택시 죽백6로 20 (죽백동),배다리도서관 주차장,37.00242898,127.1199965,24시간,1899-2100,2020-08-18
4076,원평제1공영주차장,경기도 평택시 평택동 185-47,원평제1공영주차장,36.98921477,127.0860721,24시간,1899-2100,2020-08-18
4077,국방대학교,충청남도 논산시 양촌면 거사리 230,국방대학교 교회 주차장,36.178488,127.208956,24시간,1899-2100,2020-08-18
4078,송도1동 주민센터,인천광역시 연수구 송도동 3-33,지하주차장,37.391353,126.65199,9:00~18:00,1899-2100,2020-08-18
4079,남촌농산물도매시장 전기차충전소,인천광역시 남동구 남촌동 177-1,"지하1층 주차장(D21, D22)",37.424211,126.7188754,"상시개방(토,일 16시 이후 차단)",1899-2100,2020-08-19
4081,진안동공영주차장,경기도 화성시 진안동 874-1,주차타워 2층,37.21361171,127.0398143,24시간,1899-2100,2020-08-24
4082,(편의제공형)인천광역시청,인천광역시 남동구 구월동 1138,인천시의회 앞,37.45581963,126.7062908,24시간,1899-2100,2020-08-24
4087,송도더샵퍼스트파크F15블록 아파트,인천광역시 연수구 송도동 102,주차장 지사2층,37.3861385,126.6352668,24시간,1899-2100,2020-09-03
4088,한국전력공사 영종지사 사옥,인천광역시 중구 운서동 3099-2,메인 입구 좌측 주차장,37.48948533,126.5002175,24시간,1899-2100,2020-09-07
4089,수원시상수도사업소,경기도 수원시 장안구 하광교동 416-1,주차장,37.3002214,127.0279245,24시간,1899-2100,2020-09-07
4091,비산e편한세상아파트,경기도 안양시 동안구 비산동 1165,주차장입구에서들어가 좌측,37.399991,126.942446,24시간  ※외부인 개방,1899-2100,2020-09-07
4092,용호마을E편한세상아파트,경기도 군포시 당동 979-1,"103동 지하1층 1,2,라인",37.343594,126.936685,24시간  ※외부인 개방,1899-2100,2020-09-07
4093,관악산현대홈타운,경기도 안양시 만안구 석수동 166,"108동 옆 지하 1층,진입 후 좌측",37.420683,126.912119,24시간  ※외부인 개방,1899-2100,2020-09-07
4100,산운마을대광로제비앙아파트,경기도 성남시 분당구 운중동 949,지하3층 1002동,37.3909652,127.074908,24시간,1899-2100,2020-09-10
4101,위례자연앤센트럴자이 아파트,경기도 성남시 수정구 창곡동 504,지하2층 3218동,37.4737382,127.138692,24시간,1899-2100,2020-09-10
4104,선경3차아파트,전라남도 여수시 미평동 807,(실외완전노출) 314동 주차장,34.77101712,127.6990356,24시간  ※외부인 개방,1899-2100,2020-09-14
4106,화도수동행정복지센터,경기도 남양주시 화도읍 마석우리 548,옥외주차장,37.39262,127.18035,24시간,1899-2100,2020-09-15
4107,다산체육공원,경기도 남양주시 다산동 6033,다산체육공원 주차장,37.627614,127.159622,24시간,1899-2100,2020-09-15
4108,원석비바체아파트 전기차충전소,경기도 양평군 용문면 다문리 390-22,아파트 지상주차장,37.490426,127.597775,24시간  ※외부인 개방,1899-2100,2020-09-16
4109,무등파크 전기차충전소,전라남도 영암군 영암읍 교동리 45,(실외캐노피기설)무등파크 102동 앞,34.79541742,126.6964458,24시간,1899-2100,2020-09-17
4112,간석한신더휴,인천광역시 남동구 간석동 616-6,지하2층주차장,37.467934,126.687925,24시간,1899-2100,2020-09-18
4114,시흥배곧한라비발디3차,경기도 시흥시 정왕동 2558,"B1층47~51번, 2층53~57번",37.363364,126.717595,24시간,1899-2100,2020-09-18
4116,대전경제통상진흥원,대전광역시 유성구 장동 23-14,지하주차장,36.39247042,127.360277,24시간,1899-2100,2020-09-21
4121,충북 MBC,충청북도 청주시 흥덕구 가경동 352-8,지상주차장 내,36.618829,127.434936,24시간,1899-2100,2020-09-22
4122,괴산문화체육센터,충청북도 괴산군 괴산읍 서부리 664,지상주차장 안쪽,36.814209,127.786455,24시간,1899-2100,2020-09-22
4123,단양군청,충청북도 단양군 단양읍 별곡리 300,지상주차장,36.98470224,128.3658216,24시간,1899-2100,2020-09-22
4124,교동 행정복지센터,충청북도 제천시 장락동 674,실외주차장,37.14623786,128.2218565,24시간,1899-2100,2020-09-22
4125,음성군 근로자종합복지관,충청북도 음성군 대소면 태생리 605,주차장 태양광패널 밑,36.96569172,127.4960363,24시간,1899-2100,2020-09-22
4126,중앙탑면 행정복지센터,충청북도 충주시 중앙탑면 탑평리 180-5,중앙탑면행정복지센터 전면 화단,37.02890377,127.8570633,24시간,1899-2100,2020-09-22
4127,리버파크자이아파트,충청북도 청주시 흥덕구 옥산면 가락리 981,"103, 107동 지하주차장",36.676253,127.391065,24시간,1899-2100,2020-09-22
4128,가경벽산아파트,충청북도 청주시 흥덕구 가경동 762,106동 뒷편 주차장,36.632185,127.432383,24시간  ※외부인 개방,1899-2100,2020-09-22
4129,청주가경아이파크1단지,충청북도 청주시 흥덕구 가경동 2220,102동 지하주차장 앞,36.617649,127.431321,24시간,1899-2100,2020-09-22
4130,율량동아아파트,충청북도 청주시 청원구 율량동 1569,2동 뒷편,36.66425954,127.482448,24시간  ※외부인 개방,1899-2100,2020-09-22
4131,율량삼성아파트2차,충청북도 청주시 청원구 율량동 1180,107동 108동 사이,36.6678327,127.4792938,24시간  ※외부인 개방,1899-2100,2020-09-22
4133,e-편한세상 영종하늘도시,인천광역시 중구 운남동 1680-2,e-편한세상 좌측 주차장 출입구 인근,37.47775986,126.5138563,24시간,1899-2100,2020-09-23
4134,신곡주공4단지 아파트,경기도 의정부시 신곡동 754,409동 쪽 지하2층 주차장,37.73846473,127.0582374,24시간,1899-2100,2020-09-23
4135,양주문화예술회관,경기도 양주시 광적면 광석리 132,양주문화예술회관 앞 지상 주차장,37.81256002,126.9729319,24시간,1899-2100,2020-09-23
4136,백석생활체육공원,경기도 양주시 백석읍 오산리 256,백석생활체육공원 후문 주차장(야구장 옆),37.8151877,126.9847655,24시간,1899-2100,2020-09-23
4139,창전현대아파트,경기도 이천시 창전동 1-1,지상주차장,37.2829,127.4541,24시간  ※외부인 개방,1899-2100,2020-09-23
4140,산내마을 3단지,경기도 파주시 목동동 911,"304동 B1,309동 B2",37.727476,126.730986,24시간,1899-2100,2020-09-24
4143,북서울꿈의숲,서울특별시 강북구 번동 90,방문자센터 주차장 2층,37.62154388,127.0412917,24시간,1899-2100,2020-10-08
4145,신내테크노타운,서울특별시 중랑구 상봉동 485,신내테크노 타운 지하주차장,37.60400228,127.0877352,24시간,1899-2100,2020-10-08
4146,한국원자력의학원,서울특별시 노원구 공릉동 215-4,장례식장 건물 앞 1층,37.62839822,127.0822703,24시간,1899-2100,2020-10-08
4147,곤지암 공영주차장,경기도 광주시 곤지암읍 곤지암리 555,공영주차장 내,37.3496274,127.346388,24시간,1899-2100,2020-10-12
4148,도시첨단산업단지,전북특별자치도 전주시 덕진구 팔복동2가 822,도심첨단사업단지 야외주차장,35.859975,127.084671,24시간,1899-2100,2020-10-12
4149,공주경찰서,충청남도 공주시 웅진동 242-12,경찰서 주차장,36.45625595,127.1096256,24시간,1899-2100,2020-10-13
4150,서울숲M타워,서울특별시 성동구 성수동1가 656-334,지하4층 주차장,37.54413884,127.0465723,24시간,1899-2100,2020-10-13
4151,구의삼성쉐르빌상가,서울특별시 광진구 구의동 199-18,지하2층 주차장,37.5399385,127.0946075,24시간,1899-2100,2020-10-13
4152,우림골목시장 주차장,"서울특별시 중랑구 망우로62길 52-4 (망우동, 우림시장 편의시설)",망우본동 공영주차장(우림시장) 1층,37.59675452,127.0982746,24시간,1899-2100,2020-10-13
4154,태릉시장 중화공영주차장,서울특별시 중랑구 중화동 73-6,중화제2공영주차장,37.59753308,127.0747761,24시간,1899-2100,2020-10-14
4161,금산군 치매안심센터,충청남도 금산군 금산읍 중도리 214-3,동남아파트 주차장 안쪽,36.1097166,127.4933169,24시간,1899-2100,2020-10-21
4163,홍원항,충청남도 서천군 서면 도둔리 1222-59,주차장 중앙,36.15629018,126.5001609,24시간,1899-2100,2020-10-26
4164,동백꽃 관광지,충청남도 서천군 서면 마량리 339-6,주차장 중앙,36.13309098,126.500821,24시간,1899-2100,2020-10-26
4165,서천특화시장,충청남도 서천군 서천읍 군사리 686-4,주차장 오른쪽 끝,36.07436928,126.6897558,24시간,1899-2100,2020-10-26
4166,은아아파트 5단지,대전광역시 서구 가수원동 808,지하주차장,36.29862279,127.3554697,24시간  ※외부인 개방,1899-2100,2020-10-26
4167,함양군청 주차장,경상남도 함양군 함양읍 운림리 31-2,함양군청 주차장,35.52073594,127.7251404,24시간,1899-2100,2020-10-27
4168,함양시장 제1주차장,경상남도 함양군 함양읍 용평리 607-119,주차장,35.51849957,127.729448,24시간,1899-2100,2020-10-27
4170,마산합포구청,경상남도 창원시 마산합포구 중앙동3가 4-11,마산합포구청 민원 주차장,35.197305,128.568048,24시간,1899-2100,2020-10-27
4176,휴엔하임아파트,경상남도 통영시 무전동 1025-2,지하주차장(B2),34.8585311,128.4248109,24시간  ※외부인 개방,1899-2100,2020-10-27
4178,창동공영주차장,경상남도 창원시 마산합포구 동성동 158,공영주차장 2층 우측 끝.,35.20571,128.576513,24시간,1899-2100,2020-10-27
4179,통영항여객선터미널,경상남도 통영시 서호동 316,통영항여객선터미널 주차장(지상),34.83962357,128.4202703,24시간,1899-2100,2020-10-27
4181,한려해상생태탐방원,경상남도 통영시 산양읍 연화리 1192,한려해상생태탐방원 주차장(지상),34.77982999,128.3895997,24시간,1899-2100,2020-10-27
4182,통영시장애인종합복지관,경상남도 통영시 용남면 장문리 912,통영시장애인종합복지관주차장(지상),34.87331928,128.419927,24시간,1899-2100,2020-10-27
4187,함안군청,경상남도 함안군 가야읍 말산리 213,주차면,35.27247663,128.4067307,24시간,1899-2100,2020-10-27
4188,칠북면사무소,경상남도 함안군 칠북면 검단리 1289-2,주차면,35.34663154,128.521679,24시간,1899-2100,2020-10-27
4189,창포원,경상남도 거창군 남상면 월평리 2286,창포원 주차장,35.65458004,127.9390265,24시간,1899-2100,2020-10-27
4190,신원면사무소,"경상남도 거창군 신원면 신차로 3067 (과정리, 신원면사무소)",신원면사무소 주차장,35.5676738,127.92542,24시간,1899-2100,2020-10-27
4191,한국농어촌공사,경상남도 합천군 합천읍 합천리 117-2,주차장 내 위치,35.56566892,128.1702706,24시간,1899-2100,2020-10-27
4192,도마큰시장 공영주차장,대전광역시 서구 도마동 136-1,도마큰시장 공영주차장 내 1층,36.31554751,127.3844206,24시간,1899-2100,2020-10-28
4193,하동 복합교통타운 주차장 전기차충전소,경상남도 하동군 하동읍 비파리 250,경상남도 하동군 하동읍 비파리 249,35.06425739,127.7604387,24시간,1899-2100,2020-10-28
4194,한민시장 공영주차장,대전광역시 서구 괴정동 88-1,한민시장 공영주차장 내 1층,36.33538282,127.3836047,24시간,1899-2100,2020-10-28
4195,괴정동 공영주차장,대전광역시 서구 괴정동 80-42,괴정동 공영주차장 내,36.33747801,127.3843195,24시간,1899-2100,2020-10-28
4196,하동군 농업기술센터 충전소,경상남도 하동군 적량면 동산리 1694,적량면 한옥정길 91,35.07877003,127.7683204,24시간,1899-2100,2020-10-28
4197,하동군 수도사업과 주차장,경상남도 하동군 하동읍 신기리 3-10,하동군 하동읍 신기궁항길 298-23,35.05856831,127.7803437,24시간,1899-2100,2020-10-28
4198,하동군 다목적캠핑장 충전소,경상남도 하동군 옥종면 두양리 28-11,옥종면 옥단로 1830,35.2457831,127.8902018,24시간,1899-2100,2020-10-28
4200,고포수변공원 캠핑장,경상남도 하동군 금성면 고포리 543-141,고포큰골길 19-37,34.9655588,127.7717375,24시간,1899-2100,2020-10-28
4201,하동레일바이크 주차장,경상남도 하동군 북천면 직전리 1477-2,경서대로 2446-6,35.11344124,127.8931037,24시간,1899-2100,2020-10-28
4202,해군회관,경상남도 창원시 진해구 현동 18-4,컨벤션센터 뒤쪽 대형주차장,35.1487175,128.6521505,24시간,1899-2100,2020-10-28
4203,용원국민체육관 전기차 충전기,경상남도 창원시 진해구 청안동 319-5,주차장 출입구 기둥,35.10654491,128.8030444,24시간,1899-2100,2020-10-28
4204,진해 벚꽃공원 전기차충전소,경상남도 창원시 진해구 행암동 24,벚꽃공원 주차장,35.12288465,128.7073353,24시간,1899-2100,2020-10-28
4205,문창시장 제2공영주차장,대전광역시 중구 문창동 122-8,공영주차장,36.31544446,127.4361105,24시간,1899-2100,2020-10-28
4206,신안주공1차아파트,경상남도 진주시 신안동 708-1,지하주차장,35.17753053,128.0696177,24시간,1899-2100,2020-10-29
4207,망경한보아파트,경상남도 진주시 망경동 253,지하주차장,35.18253425,128.0808699,24시간,1899-2100,2020-10-29
4208,농업기술센터,경상남도 진주시 문산읍 두산리 777,본관 동편주자장,35.1483283,128.146955,24시간,1899-2100,2020-10-29
4209,내동면사무소,경상남도 진주시 내동면 독산리 65-7,지상주차장,35.16056989,128.0681225,24시간,1899-2100,2020-10-29
4210,무지개동산,경상남도 진주시 내동면 삼계리 663,지상주차장,35.1600301,128.0318729,24시간,1899-2100,2020-10-29
4211,한국세라믹기술원,경상남도 진주시 충무공동 15-4,지상주차장,35.17749239,128.1351989,24시간,1899-2100,2020-10-29
4212,한국세라믹기술원 세라믹섬유융복합센터,경상남도 진주시 충무공동 15-3,지상주차장,35.1782412,128.1351215,24시간,1899-2100,2020-10-29
4213,초전공원,경상남도 진주시 초전동 1583-14,지상주차장,35.20553807,128.1265544,24시간,1899-2100,2020-10-29
4214,사천바다케이블카 주차장,"경상남도 사천시 사천대로 18 (대방동, 사천바다 케이블카 대방정류장)",사천바다케이블카주차장(대방동 492),34.93275811,128.0539561,24시간,1899-2100,2020-10-29
4215,농업기술센터,경상남도 남해군 이동면 다정리 985,농업기술센터 주차장,34.81623291,127.9226369,24시간,1899-2100,2020-10-29
4216,나비생태공원,경상남도 남해군 삼동면 봉화리 2136-5,나비생태공원 주차장,34.7575664,128.0123945,24시간,1899-2100,2020-10-29
4217,보물섬마늘나라,경상남도 남해군 이동면 다정리 906,보물섬마늘나라 주차장,34.81693306,127.9242806,24시간,1899-2100,2020-10-29
4218,남양만남의광장,경상남도 사천시 사천시 진삼로 392-9 (노룡동),노룡동 산8-4 주차장,34.98210092,128.0579446,24시간,1899-2100,2020-10-29
4219,상족암군립공원사업소,경상남도 고성군 하이면 덕명리 12,상족암군립공원 주차장,34.9106612,128.1556314,24시간,1899-2100,2020-10-29
4228,국민건강보험공단진주산청지사 산청출장소,경상남도 산청군 산청읍 지리 737,지상주차장 입구 오른쪽편,35.41903189,127.8803638,24시간,1899-2100,2020-10-29
4229,산청읍사무소,경상남도 산청군 산청읍 지리 321-6,지상주차장 입구 오른쪽편,35.4134286,127.8775755,24시간,1899-2100,2020-10-29
4231,장암면 행정복지센터,충청남도 부여군 장암면 석동리 658-1,주민자치센터 주차장,36.24325327,126.8863526,24시간,1899-2100,2020-10-30
4232,장곡면 행정복지센터,충청남도 홍성군 장곡면 도산리 489-1,장곡면 행정복지센터 주차장,36.50494928,126.6913229,24시간,1899-2100,2020-10-30
4233,광천전통시장,충청남도 홍성군 광천읍 광천리 200-16,제 3공영주차장,36.50112184,126.6248032,24시간,1899-2100,2020-10-30
4234,대방황토방 앞 공영주차장,경상남도 창원시 성산구 대방동 361-1,1층,35.20905264,128.7066965,24시간,1899-2100,2020-10-30
4235,창원단감테마공원,경상남도 창원시 의창구 동읍 화양리 665,1층,35.29669488,128.6628378,24시간,1899-2100,2020-10-30
4236,한국농어촌공사 창원지사,경상남도 창원시 의창구 대산면 제동리 260-1,1층,35.33610431,128.7096989,24시간,1899-2100,2020-10-30
4237,웅남동행정복지센터,경상남도 창원시 성산구 신촌동 14,1층,35.20535891,128.6271797,24시간,1899-2100,2020-10-30
4238,가음정시장 공영주차장,경상남도 창원시 성산구 가음동 21-3,4층,35.20835734,128.6976482,24시간,1899-2100,2020-10-30
4239,시민생활체육관 뒤 공영주차장,경상남도 창원시 성산구 상남동 43-2,1층,35.22238741,128.6880221,24시간,1899-2100,2020-10-30
4240,중앙입체 공영주차장,경상남도 창원시 성산구 중앙동 4-8,4층(옥상),35.22908883,128.6767905,24시간,1899-2100,2020-10-30
4241,동정동 노외주차장,경상남도 창원시 의창구 동정동 250,1층,35.26736516,128.6172112,24시간,1899-2100,2020-10-30
4242,둔포전통시장,충청남도 아산시 둔포면 둔포리 458-15,둔포면 둔포리 458-16 공용주차장,36.93015946,127.0374891,24시간,1899-2100,2020-11-02
4243,정미면주민자치센터 주차장,충청남도 당진시 정미면 천의리 289-11,정미면주민자치센터 주차장,36.88378173,126.5695207,24시간,1899-2100,2020-11-02
4247,상주청구타운아파트,경상북도 상주시 신봉동 537-1,청구아파트 관리사무소 앞 주차장,36.39790134,128.14856,24시간,1899-2100,2020-11-03
4248,일산 두산위브더제니스(추가),경기도 고양시 일산서구 탄현동 1640,지하4층 40번 기둥(108동 앞),37.69402013,126.7629581,24시간,1899-2100,2020-11-04
4249,신원 아침의도시,경상남도 거제시 고현동 1092-8,경상남도 거제시 고현동 1092-8,34.87906125,128.6203163,24시간  ※외부인 개방,1899-2100,2020-11-05
4250,가온마을2단지,세종특별자치시 다정동 산 29,정문 주차장에서 직진 후 벽에서 우회,36.49510636,127.2423607,24시간,1899-2100,2020-11-05
4251,미리내마을 4-2단지,경기도 남양주시 별내동 1048,1동지하주차장 1층24번 기둥 맞은편,37.647574,127.114891,24시간,1899-2100,2020-11-05
4254,명서시장 공영주차장,경상남도 창원시 의창구 명서동 49-14,1층,35.25007509,128.6459868,24시간,1899-2100,2020-11-06
4255,위시티블루밍5단지(추가),경기도 고양시 일산동구 식사동 1565,"P1 지하3층 501동 1,2라인",37.67644919,126.8109843,24시간,1899-2100,2020-11-06
4256,위시티 일산자이1단지 아파트(추가),경기도 고양시 일산동구 식사동 1487,"지하주차장 1층, 108동",37.68331598,126.8126167,24시간,1899-2100,2020-11-06
4258,만성중흥S클래스 아파트,전북특별자치도 전주시 덕진구 만성동 1371-3,지하주차장,35.84422401,127.0788709,24시간  ※외부인 개방,1899-2100,2020-11-09
4259,혁신중흥S클래스 아파트,전북특별자치도 전주시 덕진구 장동 1064,지하주차장,35.8428311,127.0555305,24시간  ※외부인 개방,1899-2100,2020-11-09
4260,모현현대2차 아파트,전북특별자치도 익산시 모현동1가 303-1,208동 앞 지상 주차장,35.94619596,126.9409088,24시간  ※외부인 개방,1899-2100,2020-11-09
4261,검산주공2차 아파트,전북특별자치도 김제시 검산동 1048,검산주공2차 205동 뒤 주차장,35.79971533,126.9055715,24시간  ※외부인 개방,1899-2100,2020-11-09
4262,완주교육지원청,"전북특별자치도 완주군 용진읍 지암로 65 (운곡리, 완주교육지원청)",야외주차장,35.90431707,127.163804,24시간,1899-2100,2020-11-09
4263,남부지구 공용주차장,전북특별자치도 익산시 인화동1가 176,야외주차장,35.93051534,126.9479321,24시간,1899-2100,2020-11-09
4264,수도산체육공원,전북특별자치도 익산시 금강동 535,야외주차장,35.93402044,126.9756334,24시간,1899-2100,2020-11-09
4265,안동중앙신시장 공영주차장,경상북도 안동시 옥야동 327-3,공영주차장 입구 기준 왼쪽방면,36.56301455,128.7236439,24시간,1899-2100,2020-11-09
4266,고창공용터미널 공용주차장,전북특별자치도 고창군 고창읍 읍내리 629,야외주차장,35.43563605,126.6961598,24시간,1899-2100,2020-11-09
4267,차고지(견인차보관소),전북특별자치도 덕진구 전주시 덕진구 추천로 427 (팔복동4가),야외주차장,35.86780641,127.1041146,24시간,1899-2100,2020-11-09
4268,회차지(월드컵경기장),"전북특별자치도 덕진구 전주시 덕진구 기린대로 1055 (반월동, 월드컵경기장)",경기장 남문방향,35.86415912,127.0628058,24시간,1899-2100,2020-11-09
4269,회차지(인라인스케이트장),전북특별자치도 전주시 덕진구 송천동1가 234-107,야외주차장,35.85432468,127.1275833,24시간,1899-2100,2020-11-09
4270,회차지(대성공영주차장),전북특별자치도 전주시 완산구 대성동 381-5,야외주차장,35.800136,127.1674536,24시간,1899-2100,2020-11-09
4271,회차지(완산체련공원),전북특별자치도 전주시 완산구 중인동 361-1,야외주차장,35.76735594,127.1020068,24시간,1899-2100,2020-11-09
4272,율정마을13단지아파트,경기도 양주시 옥정동 1046,지하주차장,37.823197,127.103905,24시간,1899-2100,2020-11-09
4273,소요별앤숲테마파크,경기도 동두천시 상봉암동 15,옥외주차장,37.949682,127.065519,24시간,1899-2100,2020-11-09
4274,동두천국민체육센터,경기도 동두천시 탑동동 799,옥외주차장,37.89047217,127.0902511,24시간,1899-2100,2020-11-09
4275,동두천시민회관,경기도 동두천시 상패동 122,옥외주차장,37.905453,127.04353,24시간,1899-2100,2020-11-09
4276,안동구시장 공영주차장,경상북도 안동시 남문동 221-33,공영주차장 후문 출입구 방면,36.56488621,128.7269275,24시간,1899-2100,2020-11-09
4277,육아종합지원센터,경상북도 안동시 옥동 732-3,지하주차장 들어가자마자 왼쪽방면,36.56800248,128.6988034,월~토 09:00 ~ 18:00,1899-2100,2020-11-09
4278,목동 제2공영주차장,대전광역시 중구 목동 131-10,공영주차장 입구쪽,36.32946742,127.4091694,24시간,1899-2100,2020-11-10
4279,가산평생학습복지센터,경상북도 칠곡군 가산면 천평리 127,주차장측,36.08419578,128.5392507,24시간,1899-2100,2020-11-10
4280,산동골드클래스,경상북도 구미시 산동면 신당리 1388,"B2층 103동 1,2라인 17기둥",36.15713,128.43029,24시간,1899-2100,2020-11-10
4281,장등공용차고지,광주광역시 북구 장등동 858-3,(실외캐노피기설)차고지 내,35.201077,126.933495,24시간,1899-2100,2020-11-11
4282,북구청 민원인주차장,광주광역시 북구 용봉동 1114-12,(실외캐노피기설)주차장 끝쪽,35.1730488,126.9099929,24시간,1899-2100,2020-11-12
4283,농어촌공사 강원본부,강원특별자치도 춘천시 우두동 765-5,농어촌공사 강원지역본부 주차장,37.90498069,127.7275665,24시간,1899-2100,2020-11-12
4284,태장위너빌아파트,강원특별자치도 평창군 진부면 하진부리 42-2,태장위너빌 아파트 정문,37.64354071,128.5607498,24시간,1899-2100,2020-11-16
4285,입암6주공아파트,강원특별자치도 강릉시 입암동 709-1,입암6주공아파트 후문,37.75794439,128.9186045,24시간,1899-2100,2020-11-16
4286,감자연구소,강원특별자치도 강릉시 사천면 노동리 466-1,감자연구소 정문 입구,37.81309477,128.834149,24시간,1899-2100,2020-11-16
4287,도산버스차고지,광주광역시 광산구 도산동 1196-10,(실외)입구 정면,35.12661996,126.7837645,24시간,1899-2100,2020-11-17
4288,LH해온채아파트,강원특별자치도 춘천시 동면 장학리 988,지상 및 지하 아파트,37.89711002,127.7512223,24시간,1899-2100,2020-11-17
4289,춘천서부시장,강원특별자치도 춘천시 소양로2가 172-1,시장 앞 주차장,37.88466076,127.7243826,24시간,1899-2100,2020-11-17
4290,서희스타힐스,강원특별자치도 양구군 양구읍 상리 655,관리사무소 뒤 놀이터 옆 주차장,38.10091016,127.9873887,24시간,1899-2100,2020-11-17
4291,양구군농업기술센터,강원특별자치도 양구군 남면 청리 1131-9,농업기술센터 출입구 오른쪽 주차장,38.10693358,128.0284952,24시간,1899-2100,2020-11-17
4292,영산면사무소 EVC충전소,경상남도 창녕군 영산면 동리 137-3,영산면사무소 주차장 내,35.45348476,128.5280351,24시간,1899-2100,2020-11-18
4293,영산오토밸리 EVC충전소,경상남도 창녕군 영산면 서리 554,영산면 서리 553,35.45653198,128.5217043,24시간,1899-2100,2020-11-18
4294,대봉산휴양밸리 주차장,경상남도 함양군 병곡면 광평리 663,대봉산 휴양밸리 앞 주차장,35.56798334,127.7153134,24시간,1899-2100,2020-11-18
4295,하림공원,경상남도 함양군 함양읍 용평리 118,관리사무소 앞,35.51170642,127.7413049,24시간,1899-2100,2020-11-18
4296,백무동계곡 주차장,경상남도 함양군 마천면 강청리 194,주차장,35.36305215,127.6799031,24시간,1899-2100,2020-11-18
4297,상림제2주차장,경상남도 함양군 함양읍 죽곡리 255-1,주차장,35.52925912,127.7118364,24시간,1899-2100,2020-11-18
4298,함양용추오토캠핑장,경상남도 함양군 안의면 상원리 758-2,주차장,35.67473135,127.7735962,24시간,1899-2100,2020-11-18
4299,상림공원,경상남도 함양군 함양읍 교산리 1069-4,주차장,35.52403856,127.7214791,24시간,1899-2100,2020-11-18
4300,속초연수원,강원특별자치도 속초시 노학동 573-4,속초연수원 주차장 내,38.19001263,128.5518064,24시간,1899-2100,2020-11-18
4301,영랑호 인트라움,강원특별자치도 속초시 장사동 647-16,인트라움 주차장 내,38.22264459,128.5840186,24시간  ※외부인 개방,1899-2100,2020-11-18
4302,청호동 아이파크,강원특별자치도 속초시 청호동 1356,아이파크 지하주차장 2층,38.19283819,128.5991813,24시간,1899-2100,2020-11-18
4303,체육공원주차장,경상남도 창녕군 대합면 십이리 436-1,대합면 십이리 319-5 체육공원 주,35.61315009,128.4701059,24시간,1899-2100,2020-11-18
4304,거제고현시장 공영주차장(전통시장),경상남도 거제시 고현동 104-2,경상남도 거제시 거제중앙로17길 6,34.88529247,128.6240584,24시간,1899-2100,2020-11-18
4305,산토끼노래동산,경상남도 창녕군 이방면 안리 739,산토끼노래동산 주차장,35.57636967,128.3860878,24시간,1899-2100,2020-11-18
4306,장승포동 공설시민무료주차장,경상남도 거제시 장승포동 713,장승포동 715 장승포동 공설시민무료,34.86684262,128.729636,24시간,1899-2100,2020-11-18
4307,거제국민체육센터,경상남도 거제시 거제면 서정리 808-7,거제국민체육센터,34.85423678,128.5801419,24시간,1899-2100,2020-11-18
4308,숲소리 공원,경상남도 거제시 거제면 서상리 산 13,숲소리 공원,34.85903943,128.6042318,24시간,1899-2100,2020-11-18
4310,농업기술센터,경상남도 거제시 고현동 552,농업기술센터,34.88206304,128.6185303,24시간,1899-2100,2020-11-18
4311,거제시보건소,경상남도 거제시 양정동 981,거제시보건소,34.8919514,128.6365713,24시간,1899-2100,2020-11-18
4312,청마기념관,경상남도 거제시 둔덕면 방하리 505-1,청마기념관,34.85486971,128.5171215,24시간,1899-2100,2020-11-18
4313,옥포2동사무소,경상남도 거제시 옥포동 1291-7,옥포2동사무소,34.8965976,128.6875119,24시간,1899-2100,2020-11-18
4314,옥포국제시장주차장,경상남도 거제시 옥포동 530-16,옥포대첩로 43,34.89408722,128.6921593,24시간,1899-2100,2020-11-18
4316,엄홍길전시관 주차장,경상남도 고성군 거류면 송산리 276,엄홍길전시관 주차장,34.97276735,128.3868231,24시간,1899-2100,2020-11-19
4317,농업기술센터 주차장,경상남도 고성군 고성읍 우산리 206-2,농업기술센터 주차장,34.99699155,128.326423,24시간,1899-2100,2020-11-19
4357,청구1단지아파트,강원특별자치도 원주시 명륜동 847-1,102동 지상주차장,37.32505799,127.9374141,24시간  ※외부인 개방,1899-2100,2020-11-20
4359,한국전력 전기차충전소 화성면사무소,충청남도 청양군 화성면 산정리 130-5,면사무소 출입 입구,36.42743913,126.7171249,24시간,1899-2100,2020-11-23
4360,한국전력 전기차충전소 목면사무소,충청남도 청양군 목면 안심리 585-7,목면사무소 주차장 안쪽,36.41887735,127.0041813,24시간,1899-2100,2020-11-23
4361,천안시 심야전기버스 충전소(차암동),충청남도 천안시 서북구 차암동 430,지상,36.84013001,127.1047313,24시간,1899-2100,2020-11-25
4362,북삼읍 사무소,경상북도 칠곡군 북삼읍 인평리 365-1,도로변 주차장,36.06265,128.34219,24시간,1899-2100,2020-11-26
4363,왕조2동공영주차장,전라남도 순천시 조례동 1823-1,(실외캐노피기설) 센터내 주차장,34.95508,127.53268,24시간,1899-2100,2020-11-26
4364,지천면 사무소,경상북도 칠곡군 지천면 신리 357-1,도로변 주차장,35.95611,128.49098,24시간,1899-2100,2020-11-26
4365,한국생산기술연구소 전기차충전소,경상북도 경산시 하양읍 대학리 0,한국생산기술 연구소 입구 좌측 주차장,35.93536393,128.8135,24시간,1899-2100,2020-11-26
4366,경산국민체육센터 전기차충전소,경상북도 경산시 진량읍 신상리 685-17,경산국민체육센터 입구 정면 주차장 내,35.87221503,128.8167446,24시간,1899-2100,2020-11-26
4367,석성면 주민자치센터,충청남도 부여군 석성면 증산리 1207-1,주민자치센터 주차장,36.25152225,127.0029014,24시간,1899-2100,2020-11-30
4368,부여군 농업기술센터,충청남도 부여군 규암면 노화리 325-54,공영주차장,36.25929559,126.8439455,24시간,1899-2100,2020-11-30
4369,한국폴리텍Ⅳ대학 대전캠퍼스,대전광역시 동구 가양동 91-2,학술정보관 옆 주차장,36.35007188,127.4555038,24시간,1899-2100,2020-12-01
4370,중구 학생체육관,대전광역시 중구 문화동 202-1,학생체육관 주차장,36.31552991,127.4092412,월~금 : 9시~17시,1899-2100,2020-12-01
4371,대천4동행정복지센터,충청남도 보령시 명천동 1115,대천4동행정복지센터 주차장 정문 왼쪽,36.33797594,126.6079465,24시간,1899-2100,2020-12-01
4372,배방 제3공영주차장 충전소,충청남도 아산시 배방읍 공수리 1655,주차타워 1층  안쪽,36.77537683,127.0561826,08:00~23:59,1899-2100,2020-12-01
4373,고성소방서,강원특별자치도 고성군 간성읍 신안리 170,주차장 입구 좌측,38.37683239,128.4736385,24시간,1899-2100,2020-12-01
4377,농업기술센터,충청남도 보령시 주포면 관산리 432,보령시 주차장 끝,36.3971889,126.5721389,24시간,1899-2100,2020-12-02
4383,천안시 농수산물도매시장 관리사업소,충청남도 천안시 서북구 신당동 488-1,대로 옆 지상주차장,36.86087139,127.1501025,24시간,1899-2100,2020-12-03
4384,천안 광덕산 광덕쉼터,충청남도 천안시 동남구 광덕면 광덕리 403-9,광덕 제1공영주차장,36.67366362,127.0532227,24시간,1899-2100,2020-12-03
4385,천안시 광덕면 행정복지센터,충청남도 천안시 동남구 광덕면 신흥리 296-1,광덕면 행정복지센터 주차장,36.69861869,127.1111866,24시간,1899-2100,2020-12-03
4386,천안시 태학산 자연휴양림,충청남도 천안시 동남구 풍세면 삼태리 399-1,휴양림 정문 주차장,36.728086,127.0923622,24시간,1899-2100,2020-12-03
4387,천안시 차량등록사업소,충청남도 천안시 동남구 삼룡동 320-8,지상 주차장,36.78395501,127.1654663,24시간,1899-2100,2020-12-03
4388,천안시 중앙시장 북측주차장,충청남도 천안시 동남구 오룡동 189-1,주차장 내,36.80417685,127.1494939,24시간,1899-2100,2020-12-03
4390,송도 현대프리미엄 아울렛,인천광역시 연수구 송도동 168-1,지하3층,37.38256513,126.658713,24시간,1899-2100,2020-12-07
4391,인천 스타트업파크,인천광역시 연수구 송도동 93,지하1층,37.38783454,126.6398411,06:00 ~24:00,1899-2100,2020-12-07
4395,양평만남의광장 전기차충전소,경기도 양평군 양서면 대심리 204-13,양평만남의광장 지상주차장,37.50836148,127.3934062,24시간,1899-2100,2020-12-09
4397,울릉군농업기술센터,경상북도 울릉군 울릉읍 사동리 541-8,농업기술센터 주차장,37.46012469,130.8735452,24시간,1899-2100,2020-12-11
4408,삼성현역사문화공원 제1주차장,경상북도 경산시 남산면 인흥리 250,제1주차장,35.80088037,128.7970531,24시간,1899-2100,2020-12-11
4402,저동공영주차장,경상북도 울릉군 울릉읍 도동리 299,3층 주차장,37.49174925,130.9099814,24시간,1899-2100,2020-12-11
4409,대이동 공영 주차장,경상북도 포항시 남구 대이로127번길 12-10 (이동),지하주차장,36.02705695,129.3395142,24시간,1899-2100,2020-12-11
4399,중산119안전센터,경상북도 경산시 중산동 630-1,119센터 건물출입구앞,35.83088857,128.7196285,24시간,1899-2100,2020-12-11
4406,송정자연휴양림,경상북도 칠곡군 석적읍 반계3길 88,출입구 맞은편,36.0234,128.4414,24시간,1899-2100,2020-12-11
4412,산업용재관,대구광역시 북구 유통단지로 16,24동 옥상주차장,35.903274,128.60575,24시간,1899-2100,2020-12-11
4411,경산공설시장,경상북도 경산시 서상동 10,주차타워 옥상,35.82053832,128.7353712,24시간,1899-2100,2020-12-11
4407,칠곡경찰서,경상북도 칠곡군 약목면 칠곡대로 1050,민원처리실 옆,36.00872,128.38687,24시간,1899-2100,2020-12-11
4405,육동행복센터,경상북도 경산시 용성면 용천리 152-2,에코복합센터 앞(빨간건물앞),35.76419444,128.9135587,24시간,1899-2100,2020-12-11
4400,현포만남의광장,경상북도 울릉군 북면 현포리 534-8,주차장,37.52569144,130.8223317,24시간,1899-2100,2020-12-11
4410,경일대학교,경상북도 경산시 하양읍 부호리 33,종합체육관,35.90765048,128.8008647,24시간,1899-2100,2020-12-11
4404,용성면사무소,경상북도 경산시 용성면 당리리 158-2,용성성당 뒤 주차장,35.79379351,128.8750348,24시간,1899-2100,2020-12-11
4403,동천동 공영주차장,경상북도 경주시 동천동 987-15,동천동 공영주차장 요금정산소 좌측,35.85909327,129.2251443,24시간,1899-2100,2020-12-11
4398,서면주민자치센터,경상북도 울릉군 서면 남양리 662-6,자치센터 주차장,37.46833323,130.8387381,24시간,1899-2100,2020-12-11
4401,나리분지버스종점,경상북도 울릉군 북면 나리 57-3,주차장,37.51838922,130.8716164,24시간,1899-2100,2020-12-11
4423,포항시 위생교육회관,경상북도 포항시 북구 삼호로203번길 22,주차장,36.0574772,129.3748119,24시간,1899-2100,2020-12-11
4428,보현산댐짚와이어,경상북도 영천시 화북면 배나무정길 196,보현산댐짚와이어 내 주차장,36.1439194,128.964491,24시간,1899-2100,2020-12-11
4419,운제산 산림욕장,경상북도 포항시 남구 대송면 대각리 산105,주차장 입구 측,35.9441483,129.3594609,24시간,1899-2100,2020-12-11
4432,경주여자정보고등학교,경상북도 경주시 시래동 729-1,경주여자정보고 정문 경비실 앞,35.77305064,129.2906472,24시간,1899-2100,2020-12-11
4425,구룡포청소년수련원,경상북도 포항시 남구 구룡포읍 명월길 51,지상주차장,36.0285564,129.5729487,24시간,1899-2100,2020-12-11
4413,한국생산기술연구원(달성),대구광역시 달성군 유가읍 테크노순환로 320,지상주차장,35.69157,128.47115,24시간,1899-2100,2020-12-11
4414,대가야수목원 주차장,경상북도 고령군 대가야읍 장기리 산8-1,주차장,35.72828341,128.2860157,24시간,1899-2100,2020-12-11
4417,권무정 궁도장,경상북도 포항시 북구 흥해읍 마산리 517,1층 주차장,36.11777449,129.3341295,24시간,1899-2100,2020-12-11
4421,고아리 주차장,경상북도 고령군 대가야읍 고아리 127-6,주차장,35.72703305,128.2698976,24시간,1899-2100,2020-12-11
4438,삼성현역사문화공원 제2주차장,경상북도 경산시 남산면 삼성현공원로59,제2주차장,35.79968271,128.797817,24시간,1899-2100,2020-12-11
4422,한의마을,경상북도 영천시 천문로 485 (화룡동),한의마을 입구 근처 주차장,35.978257,128.923998,24시간,1899-2100,2020-12-11
4426,청통파출소,경상북도 영천시 청통면 금송로 1025,파출소 내 주차장,35.99558,128.819654,24시간,1899-2100,2020-12-11
4418,도음산 산림문화수련장,경상북도 포항시 북구 흥해읍 학천리 715,주차장,36.08048812,129.30471,24시간,1899-2100,2020-12-11
4416,달서시장 공영주차장,대구광역시 달서구 본리동 110-5,지상주차장,35.84086,128.54375,9시 ~ 22시,1899-2100,2020-12-11
4415,대가야테마파크 주차장,경상북도 고령군 대가야읍 대가야로 1216,주차장,35.72140581,128.259918,24시간,1899-2100,2020-12-11
4434,포항지방해양수산청,경상북도 포항시 북구 해동로 376,지상주차장,36.0519204,129.3750304,24시간,1899-2100,2020-12-11
4429,은해사집단시설지구,경상북도 영천시 청통면 치일리 397-7,은해사집단시설지구 내 주차장,35.990223,128.798444,24시간,1899-2100,2020-12-11
4437,어모면사무소,경상북도 김천시 어모면 중왕리 551,어모면사무소,36.18057409,128.1190344,24시간,1899-2100,2020-12-11
4424,한국폴리텍6대학로봇캠퍼스,경상북도 영천시 화룡동 989,캠퍼스 내 주차장,35.97348351,128.9219555,24시간,1899-2100,2020-12-11
4431,청하면행정복지센터,경상북도 포항시 북구 청하면 덕성리 276-3,주차장,36.1994026,129.337744,24시간,1899-2100,2020-12-11
4436,한국농어촌공사 경주지사,경상북도 경주시 황오동 150-1,농어촌공사 경주지사 주차장,35.84214551,129.2207811,24시간,1899-2100,2020-12-11
4435,운주산승마자연휴양림,경상북도 영천시 임고면 승마휴양림길 105,운주산승마자연휴양림 안내소 뒤 주차장,36.035282,128.996635,24시간,1899-2100,2020-12-11
4420,송도초 앞 공영주차장,경상북도 포항시 남구 송도동 378-73,공영주차장,36.033941,129.3798118,24시간,1899-2100,2020-12-11
4430,성산득성리공용주차장,경상북도 고령군 성산면 득성리 190,주차장,35.75192929,128.3728472,24시간,1899-2100,2020-12-11
4433,한국폴리텍대학 달성캠퍼스,대구광역시 달성군 논공읍 논공로 226,지상주차장,35.72241,128.45463,24시간,1899-2100,2020-12-11
4427,화랑설화마을,경상북도 영천시 금호읍 거여로 426-5,화랑설화마을 내 주차장,35.928462,128.922469,24시간,1899-2100,2020-12-11
4439,월남공용차고지,광주광역시 동구 월남동 177,(실외완전노출)차고지 내,35.101856,126.938477,24시간,1899-2100,2020-12-15
4441,고양종합운동장,경기도 고양시 일산서구 대화동 2320,정문입구 지상주차장,37.67517338,126.7436569,24시간,1899-2100,2020-12-15
4442,한국전력공사 남양주지사,경기도 남양주시 다산동 6246,옥외주차장,37.59621894,127.1739941,09 ~ 18,1899-2100,2020-12-15
4443,빛고을 전남대병원,광주광역시 남구 덕남동 113,(실내지하)주차장 3층 21,35.09419328,126.8961985,24시간,1899-2100,2020-12-16
4444,진월 국제테니스장,광주광역시 남구 진월동 540,(실내지하)주차장 1층,35.11130812,126.8992266,24시간,1899-2100,2020-12-16
4445,광주시청자미디어센터,광주광역시 서구 금호동 781-5,(실외완전노출)지상 주차장,35.12394053,126.8624188,평일09-21 토09-18 공휴일X,1899-2100,2020-12-16
4447,한국농어촌공사 천안,충청남도 천안시 동남구 원성동 470-5,농어촌공사 지상주차장,36.80827511,127.1589432,24시간,1899-2100,2020-12-17
4448,북부스포츠센터,충청남도 천안시 서북구 성환읍 매주리 393-10,북부스포츠센터 지상주차장,36.89968609,127.132195,24시간,1899-2100,2020-12-17
4449,직산읍 행정복지센터,충청남도 천안시 서북구 직산읍 삼은리 76-189,읍사무소 옆 지상주차장,36.87873549,127.1505068,24시간,1899-2100,2020-12-17
4450,대소면 행정복지센터,충청북도 음성군 대소면 오류리 70-3,대소면 행정복지센터 주차장,36.97177753,127.4833613,24시간,1899-2100,2020-12-17
4451,증평군립도서관,충청북도 증평군 증평읍 송산리 816,증평군립도서관,36.78957625,127.5798279,24시간,1899-2100,2020-12-17
4452,영동군 농업기술센터,충청북도 영동군 영동읍 부용리 610,농업기술센터 우측 주차장,36.163587,127.7591534,24시간,1899-2100,2020-12-17
4453,문백면전기전자농공단지,충청북도 진천군 문백면 문덕리 722,문백전기전자관리사무소 주차장,36.84255219,127.4628045,24시간,1899-2100,2020-12-17
4454,백운면 행정복지센터,충청북도 제천시 백운면 평동리 209-2,백운면 행정복지센터,37.13758024,128.0257545,24시간,1899-2100,2020-12-17
4455,보은종합시장,충청북도 보은군 보은읍 삼산리 31-15,결초보은시장 주차장 내,36.4829042,127.7193117,24시간,1899-2100,2020-12-17
4456,청주시립도서관,충청북도 청주시 상당구 용암동 2098,청주시립도서관 주차장,36.61236938,127.5058846,24시간,1899-2100,2020-12-17
4457,청주공항,충청북도 청주시 청원구 내수읍 입상리 79-9,청주공항 주차장,36.72452895,127.4960387,24시간,1899-2100,2020-12-17
4458,한국농어촌공사 음성지사,충청북도 음성군 음성읍 사정리 1135,개방 주차장,36.97267241,127.6234861,24시간,1899-2100,2020-12-17
4459,한국농어촌공사 진천지사,충청북도 진천군 진천읍 읍내리 271-1,한국농어촌공사 주차장,36.85843641,127.4409147,24시간,1899-2100,2020-12-17
4460,충주시청 민원주차장,충청북도 충주시 금릉동 700,민원주차장,36.99060877,127.9259601,24시간,1899-2100,2020-12-17
4462,나래울공원,경기도 김포시 운양동 1258-1,나래울공원 주차장,37.65400057,126.6930407,24시간,1899-2100,2020-12-18
4463,김포문화재단,경기도 김포시 사우동 925,지하 2층,37.61889373,126.7201511,07:00 ~ 22:00,1899-2100,2020-12-18
4464,노은면 행정복지센터,충청북도 충주시 노은면 연하리 539-2,노은면 행정복지센터,37.04796385,127.7540746,24시간,1899-2100,2020-12-18
4465,엄정면 행정복지센터,충청북도 충주시 엄정면 용산리 465-4,엄정면 행정복지센터,37.08655843,127.9149644,24시간,1899-2100,2020-12-18
4466,서암체육공원,경기도 김포시 통진읍 서암리 151-4,주차장,37.70484642,126.5971965,24시간,1899-2100,2020-12-18
4467,솔터체육공원,경기도 김포시 마산동 642-1,주차장,37.64045338,126.6492245,24시간,1899-2100,2020-12-18
4468,호성주공1차아파트,전북특별자치도 전주시 덕진구 호성동1가 900,야외주차장,35.85865215,127.1506543,24시간  ※외부인 개방,1899-2100,2020-12-18
4469,호성주공2차아파트,전북특별자치도 전주시 덕진구 호성동1가 900,야외주차장,35.85886666,127.1502866,24시간  ※외부인 개방,1899-2100,2020-12-18
4470,(고속도로)청송휴게소 청주방면,경상북도 청송군 파천면 중평리 594-1,휴게소 출구,36.45684813,129.0118344,24시간,1899-2100,2020-12-21
4471,청송군청 주차장,경상북도 청송군 청송읍 월막리 330,군청 입구 주차장,36.43541886,129.0573697,24시간,1899-2100,2020-12-21
4472,주실마을 주차장  충전소,경상북도 영양군 일월면 554-3,주실마을 주차장,36.71962,129.09713,24시간,1899-2100,2020-12-21
4473,사벌문화복지센터,경상북도 상주시 사벌국면 덕담리 372-1,사벌문화복지센터,36.46782198,128.2112392,24시간,1899-2100,2020-12-21
4474,동서1길 공영주차장,경상북도 의성군 의성읍 상리리 709-4,동서1길 공영주차장,36.34979481,128.7017295,24시간,1899-2100,2020-12-21
4475,금성공영주차장,경상북도 의성군 금성면 대리리 30-55,금성공영주차장 도로 측 위치,36.25277438,128.6826345,24시간,1899-2100,2020-12-21
4476,칠북면 보건지소,경상남도 함안군 칠북면 검단리 379-3,주차장,35.34569694,128.5213946,24시간,1899-2100,2020-12-22
4477,법수문화마을회관,경상남도 함안군 법수면 우거리 1003-3,주차장,35.31336798,128.3542989,24시간,1899-2100,2020-12-22
4478,파수공단복지회관,경상남도 함안군 함안면 파수리 465-9,주차장,35.23798717,128.4070103,24시간,1899-2100,2020-12-22
4479,산인공단회관,경상남도 함안군 산인면 신산리 578,주차장,35.26994157,128.4671992,24시간,1899-2100,2020-12-22
4480,공단복지회관,경상남도 함안군 법수면 윤외리 1475-11,주차장,35.31524671,128.3630988,24시간,1899-2100,2020-12-22
4481,대원민원센터,경상남도 창원시 의창구 대원동 93-1,대원민원센터 주차장(25.01.13 기준 캐노피 없음),35.23237609,128.6505117,24시간,1899-2100,2020-12-22
4482,경남문화예술회관 주차장,경상남도 진주시 칠암동 500-15,문화예술회관 주차장,35.1859818,128.0934119,24시간,1899-2100,2020-12-22
4484,경상북도청소년수련원,경상북도 김천시 아포읍 대성리 산 120,주차장 입구,36.12599472,128.2797759,24시간,1899-2100,2020-12-22
4485,홈플러스 구미점(2층),경상북도 구미시 광평동 792-21,2층,36.10277151,128.3637729,24시간,1899-2100,2020-12-22
4486,봉화읍사무소,경상북도 봉화군 봉화읍 내성리 197-1,봉화읍사무소 내 주차장,36.887822,128.739532,24시간,1899-2100,2020-12-22
4487,밀양소방서,경상남도 밀양시 교동 산 26,소방서 맞은편 주차장 입구,35.49987961,128.7587191,24시간,1899-2100,2020-12-23
4488,한전 고성지사,경상남도 고성군 고성읍 동외리 334-2,한전 고성지사,34.97267,128.32589,24시간,1899-2100,2020-12-23
4489,CGV 신대점,전라남도 순천시 해룡면 신대리 2139,(실내지상)영화관 입구 측면 주차장,34.92663,127.55258,24시간,1899-2100,2020-12-23
4490,월등면행정복지센터,전라남도 순천시 월등면 대평리 241-9,(실외캐노피기설) 센터 내 주차장,35.09343159,127.380353,24시간,1899-2100,2020-12-23
4491,대합일반산업단지 전기차 충전소,경상남도 창녕군 대합면 합리 1422,공원 주차장,35.61100399,128.4367826,24시간,1899-2100,2020-12-23
4492,산외면 문화센터,경상남도 밀양시 산외면 다죽리 123-2,문화센터 맞은편 주차장,35.50154788,128.81526,24시간,1899-2100,2020-12-23
4493,도천면주민자치센터 전기차 충전소,경상남도 창녕군 도천면 일리 663-1,주민자치센터 주차장,35.43617333,128.5153495,24시간,1899-2100,2020-12-23
4494,진동복지타운,경상남도 창원시 마산합포구 진동면 진동리 872,진동복지타운 주차장입구,35.1158389,128.4835251,24시간,1899-2100,2020-12-23
4495,산외면 행정복지센터,경상남도 밀양시 산외면 다죽리 217-3,산외면 행정복지센터 입구,35.50248902,128.8149446,24시간,1899-2100,2020-12-23
4496,부북면 행정복지센터,경상남도 밀양시 부북면 운전리 483,부북면 행정복지센터 입구,35.51107049,128.7297338,24시간,1899-2100,2020-12-23
4497,춘화농공단지 주차장,경상남도 밀양시 부북면 춘화리 839,춘화농공단지 주차장 구석,35.53178116,128.7252837,24시간,1899-2100,2020-12-23
4498,덕동시립테니스장,경상남도 창원시 마산합포구 덕동동 692,덕동시립테니스장 주차장 입구 오른쪽,35.13336087,128.5674856,24시간,1899-2100,2020-12-23
4499,농업기술센터,경기도 남양주시 진건읍 사능리 92-1,입구 오른쪽 야외주차장,37.648621,127.195867,"평일 : 08시~19시, 주말(공휴일포함) : 09시~18시",1899-2100,2020-12-23
4500,구리문화원,경기도 구리시 인창동 699-1,야외주차장,37.611949,127.139284,24시간,1899-2100,2020-12-23
4501,테크노밸리 상우주차장,경상남도 김해시 진례면 고모리 1577-7,주차장입구 우측 자전거거치대옆,35.27047059,128.7752479,24시간,1899-2100,2020-12-23
4502,테크노밸리 상평주차장,경상남도 김해시 진례면 담안리 1563-6,주차장 입구 우측 20m,35.2601003,128.770157,24시간,1899-2100,2020-12-23
4503,분성체육공원,경상남도 김해시 동상동 416-1,주차장 제일 끝,35.24008594,128.8892565,24시간,1899-2100,2020-12-23
4504,한국승강기대학교,경상남도 거창군 거창읍 송정리 700,한국승강기대학교 생활관 앞 주차장,35.67459249,127.8955133,24시간,1899-2100,2020-12-23
4505,길안면행정복지센터 공영주차장,경상북도 안동시 길안면 천지리 545-1,공영주차장 입구 바로 왼쪽,36.45618428,128.8941504,24시간,1899-2100,2020-12-24
4506,인제지사(공용),강원특별자치도 인제군 인제읍 남북리 294-1,인제지사 고객용 주차장,38.06598223,128.1662156,24시간,1899-2100,2020-12-24
4507,서면종합복지관,경상남도 남해군 서면 서상리 707-1,주차장,34.80981862,127.8388467,24시간,1899-2100,2020-12-25
4508,동창선 다누리 플랫폼,경상남도 남해군 창선면 오용리 473-1,주차장,34.86979577,128.0412104,24시간,1899-2100,2020-12-25
4509,청라 BRT 통합차고지,인천광역시 서구 청라동 1-1401,건물 우측 공용 주차장,37.51357446,126.6249805,24시간,1899-2100,2020-12-28
4510,예천군청,경상북도 예천군 예천읍 대심리 353,예천군청 오른편 주차장,36.6476375,128.4392562,24시간,1899-2100,2020-12-28
4511,서천군청 주차장,충청남도 서천군 서천읍 군사리 356-10,주차장 중앙,36.08025127,126.6922633,24시간,1899-2100,2020-12-28
4512,군위군농업기술센터,경상북도 군위군 효령면 성리 111,농업기술센터 내 주차장,36.18128536,128.5931506,24시간,1899-2100,2020-12-28
4513,월곡2동 행정복지센터,광주광역시 광산구 월곡동 490-7,"(실외,캐노피)주자창 입구",35.17437124,126.8078743,24시간,1899-2100,2020-12-28
4514,도산동 행복나루 노인복지관,광주광역시 광산구 도산동 925-1,"(실외,캐노피)주차장진입좌측끝",35.13471568,126.7953688,24시간,1899-2100,2020-12-28
4515,용유119소방안전센터,인천광역시 중구 을왕동 186-28,건물앞 주차장,37.44847822,126.3938961,24시간,1899-2100,2020-12-28
4516,롯데마트 영종도점,인천광역시 중구 운서동 2803-2,4층 충전소,37.49266895,126.4912323,24시간,1899-2100,2020-12-28
4517,송도소방서,인천광역시 연수구 송도동 208-1,지상,37.36735109,126.6516574,24시간,1899-2100,2020-12-28
4518,하망동 행정복지센터 공용주차장,경상북도 영주시 하망동 299-8,공용주차장 내 장애인 주차구역 오른쪽,36.82384624,128.6303305,24시간,1899-2100,2020-12-28
4519,목포국제축구센터,전라남도 목포시 대양동 950-4,(실외캐노피설)하프돔 측면 주차장,34.8294382,126.3964579,24시간,1899-2100,2020-12-29
4520,내손동공용청사,경기도 의왕시 내손동 849-2,주차장 내,37.38715172,126.9811249,24시간,1899-2100,2020-12-29
4521,의왕시평생학습관,경기도 의왕시 오전동 852,평생학습관 입구(도로측),37.35507475,126.9747286,24시간,1899-2100,2020-12-29
4522,포일어울림센터,경기도 의왕시 포일동 686,어울림센터 입구 좌측,37.39636363,126.9819654,24시간,1899-2100,2020-12-29
4524,관악구 종합체육센타,서울특별시 관악구 봉천동 225,주차장,37.47292208,126.9600934,06~23시,1899-2100,2020-12-31
4525,빙수골 장미주차장,서울특별시 동작구 상도동 301-132,주차장,37.49330381,126.9336732,06~23시,1899-2100,2020-12-31
4526,세교종합사회복지관,경기도 오산시 금암동 512,복지관 뒤편 주차장,37.17803404,127.0450206,24시간,1899-2100,2020-12-31
4528,전라남도담양교육지원청,전라남도 담양군 담양읍 강쟁리 176-6,교육지원청 본청 앞 주차장,35.30063,126.97837,24시간,1899-2100,2021-01-04
4529,문경시민운동장 충전소,경상북도 문경시 모전동 산 12-2,지상주차장,36.59462889,128.1853399,24시간,1899-2100,2021-01-04
4530,가평하수도사업소,경기도 가평군 가평읍 달전리 364,관외 주차장,37.81631176,127.5204436,24시간,1899-2100,2021-01-04
4531,문경관광진흥공단,경상북도 문경시 문경읍 고요리 산 89-4,지상주차장,36.73739244,128.1577433,24시간,1899-2100,2021-01-04
4532,가평소방서,경기도 가평군 가평읍 대곡리 213-5,관외 주차장,37.82326005,127.5165479,24시간,1899-2100,2021-01-04
4533,한국농어촌공사 영산강사업단,전라남도 목포시 상동 509,(실외캐노피설)둔턱 중간 실외 주차장,34.8081295,126.4148274,24시간,1899-2100,2021-01-05
4534,수철리 공영 충전소,충청남도 예산군 예산읍 수철리 445-1,주차장,36.70913122,126.8740537,24시간,1899-2100,2021-01-05
4535,산성리 역전시장 충전소,충청남도 예산군 예산읍 산성리 358-2,주차장,36.68787873,126.829068,24시간,1899-2100,2021-01-05
4536,신양면사무소 충전소,충청남도 예산군 신양면 신양리 362-2,주차장,36.60131522,126.8677407,24시간,1899-2100,2021-01-05
4537,논산시 문화예술회관,충청남도 논산시 내동 279-4,주차장,36.19074,127.0947,24시간,1899-2100,2021-01-05
4538,화지시장,충청남도 논산시 화지동 41-119,주차장,36.20836,127.08648,24시간,1899-2100,2021-01-05
4539,강경젓갈시장,충청남도 논산시 강경읍 염천리 20,주차장,36.16130879,127.0143417,24시간,1899-2100,2021-01-05
4540,송촌주민센터 공영주차장,대전광역시 대덕구 송촌동 460-2,공영주차장 1층,36.36646763,127.4389355,24시간,1899-2100,2021-01-05
4541,강경대흥시장,충청남도 논산시 강경읍 대흥로 23-1 (대흥리),주차장,36.15589,127.01357,24시간,1899-2100,2021-01-05
4542,논산시 농업기술센터,충청남도 논산시 부적면 덕평리 40-8,주차장,36.2132,127.14255,24시간,1899-2100,2021-01-05
4543,송촌공영주차장,대전광역시 대덕구 송촌동 478-2,공영주차장 1층,36.36354038,127.4404229,24시간,1899-2100,2021-01-05
4544,연무안심시장,충청남도 논산시 연무읍 안심리 19-31,주차장,36.12892739,127.0990122,24시간,1899-2100,2021-01-05
4545,신관동공영주차타워,충청남도 공주시 신관동 639-3,3층 주차장,36.47212824,127.1354648,24시간,1899-2100,2021-01-05
4546,한국전자통신연구원,대전광역시 유성구 가정동 161,지상 주차장,36.38304906,127.3665236,24시간,1899-2100,2021-01-05
4547,연산전통시장,충청남도 논산시 연산면 연산리 367-13,주차장,36.21553165,127.2161555,24시간,1899-2100,2021-01-05
4548,논산계룡교육지원청,충청남도 논산시 취암동 307-2,주차장,36.20232618,127.0935698,24시간,1899-2100,2021-01-05
4549,사립학교교직원연금공단,전라남도 나주시 빛가람동 348,문화로 245,35.02040134,126.7842396,충전기수리중 사용금지,1899-2100,2021-01-06
4550,태평전통시장,대전광역시 중구 태평동 333-8,주차타워 3층,36.32587399,127.3978188,24시간,1899-2100,2021-01-06
4551,대사동 제6노외공영주차장,대전광역시 중구 대사동 129-6,주차장,36.31685223,127.424941,24시간,1899-2100,2021-01-06
4552,금산다락원(금산역사문화박물관),충청남도 금산군 금산읍 중도리 203-28,금산역사문화박물관 주차장,36.11385827,127.4920683,24시간,1899-2100,2021-01-06
4553,중동공영주차타워,충청남도 공주시 중동 63,옥상주차장,36.45485578,127.1257081,24시간,1899-2100,2021-01-06
4554,공주대학교(후문),충청남도 공주시 신관동 182,후문,36.46829455,127.1401204,24시간,1899-2100,2021-01-06
4555,공주대학교(정문),충청남도 공주시 신관동 182,정문,36.46829455,127.1401204,24시간,1899-2100,2021-01-06
4556,공주의료원,충청남도 공주시 웅진동 266,기숙사앞,36.4591447,127.109308,24시간,1899-2100,2021-01-06
4557,공주박물관,충청남도 공주시 웅진동 360,주차장내,36.46600294,127.1115242,24시간,1899-2100,2021-01-06
4558,홍주성 옆 공영주차장,충청남도 홍성군 홍성읍 오관리 434-2,공영주차장 화장실 옆,36.59987988,126.6628036,24시간,1899-2100,2021-01-07
4559,불국사농협 하나로마트,경상북도 경주시 시래동 376-3,불국사농협 하나로마트 주차장,35.77537222,129.2989038,24시간,1899-2100,2021-01-07
4560,해운대구청별관,부산광역시 해운대구 재송동 1192,"차량출입구 20m 전방우측(지상,옥외",35.18215257,129.1216025,07:00~22:00,1899-2100,2021-01-08
4561,부산국제금융센터,부산광역시 남구 문현동 1229-1,지하1층 C12~13,35.14671299,129.0656683,24시간,1899-2100,2021-01-08
4562,부산시설공단_스포원,부산광역시 금정구 두구동 1641,태양광시설 공용주차장내,35.28879968,129.1070779,24시간,1899-2100,2021-01-08
4563,동울산종합시장 공영주차장,울산광역시 동구 전하동 647-1,1층,35.51020427,129.4263611,24시간,1899-2100,2021-01-08
4564,만덕동심공원 공영주차장,부산광역시 북구 만덕동 872-3,공영주차장 안쪽 입구,35.20897029,129.0387846,24시간,1899-2100,2021-01-08
4565,구포2동 공영주차장,부산광역시 북구 구포동 969-4,구포동 주민센터 주차장 입구,35.20193039,128.9991855,24시간,1899-2100,2021-01-08
4566,만덕1동 공영주차장,부산광역시 북구 만덕동 642-15,만덕1동 주차장 입구,35.21395058,129.0303937,24시간,1899-2100,2021-01-08
4567,낙동강하구에코센터,부산광역시 사하구 하단동 1150-8,낙동강하구에코센터공영주차장,35.10547832,128.9479612,24시간,1899-2100,2021-01-08
4568,한국폴리텍대학 부산캠퍼스,"부산광역시 북구 만덕대로155번길 99 (덕천동, 한국폴리텍대학부산캠퍼스)",중앙건물 앞 화단,35.21845054,129.0190276,24시간,1899-2100,2021-01-08
4569,롯데몰 동부산점,부산광역시 기장군 기장읍 당사리 524,지하1층 G11구역,35.19191441,129.2129438,10:30~20:30,1899-2100,2021-01-08
4570,신천리 공영주차장,부산광역시 기장군 기장읍 신천리 1,298번지 공영주차장,35.24418178,129.2226308,24시간,1899-2100,2021-01-08
4571,울주군 남부통합보건소,울산광역시 울주군 온양읍 망양리 465-7,1층 주차장,35.45527182,129.2908734,24시간,1899-2100,2021-01-08
4572,주례2동 행정복지센터,부산광역시 사상구 주례동 154-1,지하주차장 안쪽,35.15007512,129.0104597,24시간,1899-2100,2021-01-08
4574,강서경찰서,부산광역시 강서구 명지동 607-5,우측주차장,35.11645757,128.9064978,24시간,1899-2100,2021-01-08
4575,보람동행정복지센터,세종특별자치시 보람동 631-4,지상주차장,36.4789,127.2903766,24시간,1899-2100,2021-01-11
4576,조치원주차타워,세종특별자치시 조치원읍 원리 12-11,옥상,36.60040128,127.297931,24시간,1899-2100,2021-01-11
4577,세종호수공원제1주차장,세종특별자치시 연기면 세종리 1201,세종호수공원 제1주차장,36.4917873,127.2689071,24시간,1899-2100,2021-01-11
4578,칠량면 공영주차장,전라남도 강진군 칠량면 영동리 1071,(실외완전노출)공영주차장 안쪽,34.57254548,126.7996059,24시간,1899-2100,2021-01-11
4579,군동면사무소 민원인주차장,전라남도 강진군 군동면 라천리 268,군동면사무소 정문 우측 민원인 주차장,34.64473507,126.8153435,24시간,1899-2100,2021-01-11
4580,하점면사무소,인천광역시 강화군 하점면 신봉리 617,하점면사무소 방면 출입후 우측,37.77482619,126.4116778,24시간,1899-2100,2021-01-11
4581,창리공영주차장,인천광역시 강화군 선원면 창리 606-9,큰 도로측,37.72292685,126.4835028,24시간,1899-2100,2021-01-11
4582,화도면사무소,인천광역시 강화군 화도면 상방리 839-1,입구측,37.63180723,126.4199549,24시간,1899-2100,2021-01-11
4583,동막해변공영주차장,인천광역시 강화군 화도면 동막리 61-19,공영주차장 출입후 우측,37.59423348,126.4564004,24시간,1899-2100,2021-01-11
4584,내가면사무소,인천광역시 강화군 내가면 고천리 797-1,출입후 좌측 화단아래,37.71973761,126.3898454,24시간,1899-2100,2021-01-11
4585,선원면사무소,인천광역시 강화군 선원면 금월리 235-1,면사무소 건물 바로 앞,37.71326342,126.4848282,24시간,1899-2100,2021-01-11
4586,오산시시설관리공단,"경기도 오산시 경기동로 33 (오산동, 오산스포츠센터)",지하주차장,37.15843804,127.0763481,24시간,1899-2100,2021-01-12
4587,궐동공영주차장,"경기도 오산시 대호로62번길 63-11 (궐동, 궐동 공영주차장)",주차타워 1층,37.15707741,127.0562743,24시간,1899-2100,2021-01-12
4588,복개천공영주차장,경기도 오산시 원동 772-15,주차타워 1층,37.14424456,127.0720257,24시간,1899-2100,2021-01-13
4589,운암공영주차장,경기도 오산시 원동 812-5,주차타워 1층,37.14714388,127.0753913,24시간,1899-2100,2021-01-13
4590,오색시장 제2공영주차장,경기도 오산시 오산동 316-47,주차타워,37.15342034,127.0707821,24시간,1899-2100,2021-01-13
4591,맑음터공원,경기도 오산시 오산동 750-1,주차타워 1층,37.13986795,127.0636253,24시간,1899-2100,2021-01-13
4592,광명지사(공용),경기도 광명시 철산동 255,본관 지상주차장,37.47704202,126.8660241,24시간,1899-2100,2021-01-13
4593,손불면사무소,전라남도 함평군 손불면 대전리 223-1,(실외캐노피기설) 지상주차장 오른편,35.14321246,126.4317783,24시간,1899-2100,2021-01-13
4595,남동논현도서관,인천광역시 남동구 논현동 611-7,지상,37.40281455,126.7260481,24시간,1899-2100,2021-01-15
4596,스퀘어원,인천광역시 연수구 동춘동 926,지상,37.40594084,126.6836138,24시간,1899-2100,2021-01-15
4597,한국농어촌공사 구례지사,전라남도 구례군 구례읍 봉동리 188-1,(실외캐노피기설) 농어촌공사 주차장,35.21066234,127.4717451,24시간,1899-2100,2021-01-19
4598,한국농어촌공사 여주이천지사,경기도 여주시 능서면 신지리 955-5,한국농어촌공사 여주이천지사,37.289622,127.569814,24시간,1899-2100,2021-01-19
4599,청라 3동 행정복지센터,인천광역시 서구 청라동 1-786,청라3동 행정복지센터 1층개방 주차장,37.53333539,126.6270221,24시간,1899-2100,2021-01-20
4600,원주시립도서관,강원특별자치도 원주시 단구동 990,후문측 지상주차장,37.32658037,127.9529606,24시간,1899-2100,2021-01-20
4601,영월 서부시장 제2주차장,강원특별자치도 영월군 영월읍 하송리 184-122,주차장 입구 우측 끝,37.18104749,128.4646326,24시간,1899-2100,2021-01-20
4602,소하도서관,경기도 광명시 소하동 1331,지상 주차장,37.4456,126.88802,24시간,1899-2100,2021-01-20
4603,하안도서관,경기도 광명시 하안동 683,지상주차장,37.46799,126.87369,24시간,1899-2100,2021-01-20
4604,봉평시장공용주차장,강원특별자치도 평창군 봉평면 창동리 396-38,봉평시장주차장 입구,37.61542894,128.3761034,24시간,1899-2100,2021-01-21
4605,강원도립대학,강원특별자치도 강릉시 주문진읍 교항리 8-2,강원도립대학교 후문주차장,37.87709544,128.8293685,24시간,1899-2100,2021-01-21
4606,양양전통시장주차장,강원특별자치도 양양군 양양읍 남문리 3-23,1층 중앙,38.07525552,128.6251351,매일 06:00 ~ 21:00 연중무,1899-2100,2021-01-21
4607,양양오색주차장,강원특별자치도 양양군 서면 오색리 534,공용주차장 출입구,38.0774072,128.4525856,24시간,1899-2100,2021-01-21
4608,용인도시공사 평온의숲,경기도 용인시 처인구 이동읍 어비리 1462,장례식장 옆 지상주차장,37.11950206,127.2270314,24시간,1899-2100,2021-01-21
4609,구로리공원,서울특별시 구로구 구로동 139-82,지하1층주차장,37.49052,126.89152,24시간,1899-2100,2021-01-21
4610,하늘공원 공영주차장,서울특별시 구로구 가리봉동 1-11,지하1층주차장,37.48724,126.88053,24시간,1899-2100,2021-01-21
4611,동해역(ktx) 주차장,강원특별자치도 동해시 송정동 산 24-22,동해역 주차장,37.49693844,129.123027,24시간,1899-2100,2021-01-21
4613,대한무역투자진흥공사,서울특별시 서초구 염곡동 300-9,지상 주차장,37.46521457,127.0446693,24시간,1899-2100,2021-01-21
4614,오금공원,서울특별시 송파구 오금동 51,지상주차장,37.50240462,127.130453,24시간,1899-2100,2021-01-21
4615,경창시장 고객주차장,서울특별시 양천구 신월동 446-4,지상1층주차장,37.52385819,126.8423934,24시간,1899-2100,2021-01-21
4616,당산근린지하공영주차장,서울특별시 영등포구 당산동3가 385,지하2층주차장,37.52551222,126.8957694,24시간,1899-2100,2021-01-22
4617,동산마을 공영주차장,서울특별시 서초구 양재동 370-5,지하2층주차장,37.47009089,127.0443089,24시간,1899-2100,2021-01-22
4618,국립민속박물관(파주관),경기도 파주시 탄현면 법흥리 1631-3,지상주차장,37.78596319,126.6938404,09:00~18:00,1899-2100,2021-01-24
4619,세계캠핑체험존(100kw),경기도 연천군 전곡읍 전곡리 705-2,세계캠핑체험존,38.00756,127.06211,24시간,1899-2100,2021-01-25
4620,청산면사무소(100kw),경기도 연천군 청산면 초성리 440-15,청산면사무소,37.98209,127.06772,24시간,1899-2100,2021-01-25
4621,한국농어촌공사(100kw),경기도 연천군 전곡읍 전곡리 266-1(전곡로 91),한국농어촌공사 연천포천가평지사,38.02917,127.06605,24시간,1899-2100,2021-01-25
4622,한국전력 연천지사(50kw),경기도 연천군 전곡읍 전곡리 231-13,한국전력 연천지사,38.0219,127.07047,24시간,1899-2100,2021-01-25
4623,동두천시종합운동장,경기도 동두천시 생연동 70,주차장,37.90026584,127.0697886,24시간,1899-2100,2021-01-25
4624,옥정 호수스포츠센터,경기도 양주시 옥정동 1035-1,주차장,37.8230257,127.0947235,24시간,1899-2100,2021-01-25
4625,예원예술대학교,경기도 양주시 은현면 용암리 784-3,주차장,37.84639054,127.0367322,24시간,1899-2100,2021-01-25
4626,첨단산단공영주차장,광주광역시 북구 연제동 1027,(실외캐노피기설)북광주농협 건너편,35.20545781,126.8602014,24시간,1899-2100,2021-01-25
4627,한국공항공사 고객전용주차장,서울특별시 강서구 과해동 676,지상1층,37.565267,126.800042,24시간,1899-2100,2021-01-25
4628,천호유수지,서울특별시 강동구 천호동 329,지상주차장,37.54478899,127.1218776,24시간,1899-2100,2021-01-25
4630,북평면,강원특별자치도 정선군 북평면 북평리 693-4,북평면 하나로 마트 앞 주차장,37.44857963,128.6654495,24시간,1899-2100,2021-01-25
4631,한국전력 연천지사(50kw),경기도 연천군 전곡읍 전곡리 231-13,한국전력 연천지사,38.0219,127.07047,24시간,1899-2100,2021-01-26
4632,광주시청 공용전기차충전소,경기도 광주시 송정동 570,민원실 앞 주차장,37.4292019,127.2543922,24시간,1899-2100,2021-01-28
4634,춘천 동부시장,강원특별자치도 춘천시 운교동 182-10,동부시장 앞 주차장,37.87752822,127.7341076,24시간,1899-2100,2021-02-01
4636,경기도교통연수원,경기도 수원시 장안구 조원동 산 1-24,지상주차장,37.30873101,127.0113413,월~금(09:00~18:00),1899-2100,2021-02-01
4637,한국농어촌공사 경기지역본부,경기도 수원시 장안구 정자동 571-1,지상주차장,37.31149701,126.986151,24시간,1899-2100,2021-02-01
4638,광주지사 전기차충전소,경기도 광주시 역동 27-32,고객주차장,37.40555173,127.2595868,24시간,1899-2100,2021-02-01
4640,만세공원,강원특별자치도 횡성군 횡성읍 읍상리 545-1,만세공원 공영 주차장,37.48830763,127.9869729,24시간,1899-2100,2021-02-04
4641,공근농공단지,강원특별자치도 횡성군 공근면 초원리 662-5,공근농공단지 관리사무소 주차장,37.52775099,127.91349,24시간,1899-2100,2021-02-04
4642,우천일반산업단지,강원특별자치도 횡성군 우천면 상하가리 440,우천일반산업단지 관리사무소 주차장,37.49391511,128.0611452,24시간,1899-2100,2021-02-04
4643,가평종합운동장,경기도 가평군 가평읍 대곡리 316,정문 주차장,37.8250268,127.5072194,24시간,1899-2100,2021-02-08
4644,미추홀구청,인천광역시 미추홀구 숭의동 131-1,3청사 옆 (청사 주차장 나가는 방향,37.46359878,126.6502668,9:00~18:00,1899-2100,2021-02-08
4645,나산면사무소,전라남도 함평군 나산면 삼축리 321-1,(실외캐노피기설) 주차장 좌측 정자,35.11397503,126.6090431,24시간,1899-2100,2021-02-09
4646,간전면사무소,전라남도 구례군 간전면 흥대리 1133,(실외캐노피기설) 우체국 옆 주차장,35.17774763,127.543746,24시간,1899-2100,2021-02-09
4647,고군면사무소,전라남도 진도군 고군면 오산리 1064-1,(실외완전노출) 고군면사무소 옆주차장,34.49064,126.34318,24시간,1899-2100,2021-02-09
4648,전기기술인협회,경기도 안양시 동안구 관양동 934-6,1층,37.39408796,126.973876,24시간,1899-2100,2021-02-09
4649,공산 농민문화 체육센터 충전소,"전라남도 나주시 공산면 공산로 140-8 (남창리, 나주시농어민문화체육센터)",건물 뒷편(올라가는입구 주의),34.943709,126.60732,24시간,1899-2100,2021-02-09
4650,진도문화회관,전라남도 진도군 진도읍 동외리 1189,(실외완전노출)진도아리랑시네마 앞,34.4796373,126.2695665,24시간,1899-2100,2021-02-09
4651,대덕면사무소,전라남도 담양군 대덕면 매산리 94,대덕면사무소 본관 우측 차양대 내부,35.24935547,127.0370276,24시간,1899-2100,2021-02-09
4652,담양월산농협,전라남도 담양군 월산면 월산리 455-1,담양월산농협 입구 우측 주차장,35.34076,126.9554,24시간,1899-2100,2021-02-09
4653,설악산 국립공원 백담분소 전기차충전소,강원특별자치도 인제군 북면 용대리 868-5,국립공원공단설악산사무소 옆,38.19177377,128.3575676,09~18시,1899-2100,2021-02-15
4654,철암동보건소,강원특별자치도 태백시 철암동 349-18,센터 앞 주차장,37.11727137,129.0397967,24시간,1899-2100,2021-02-15
4655,국제대학교 버스차고지,제주특별자치도 제주시 영평동 2235,주차장,33.43879282,126.5706527,24시간,1899-2100,2021-02-16
4656,용흥리사무소,제주특별자치도 제주시 애월읍 신엄리 1818-1,주차장,33.45877991,126.3694208,24시간,1899-2100,2021-02-16
4657,이도2동 공영주차장,제주특별자치도 제주시 이도이동 1052-2,주차장,33.49677893,126.5349868,24시간,1899-2100,2021-02-16
4658,태백시보건소,강원특별자치도 태백시 황지동 20-8,태백시보건소,37.17643958,128.9923471,24시간,1899-2100,2021-02-22
4659,한일장신대학교,전북특별자치도 완주군 상관면 신리 694-1,출입구 안쪽 대형주차장,35.7640315,127.2051551,24시간,1899-2100,2021-02-24
4663,전통문화체험전수관,전북특별자치도 전주시 덕진구 송천동1가 241-2,주차장,35.853479,127.125972,평일 09~18시 개방 주말X,1899-2100,2021-03-05
4664,한국산업인력공단,"전북특별자치도 전주시 덕진구 유상로 69 (팔복동2가, 한국산업인력공단 전북지사)",옥외주차장,35.863213,127.080268,24시간,1899-2100,2021-03-05
4665,위도면사무소 전기차 공용충전소,전북특별자치도 부안군 위도면 진리 165-1,위도면사무소 공용주차장,35.60260275,126.2930051,24시간,1899-2100,2021-03-05
4668,수자원공사,전북특별자치도 진안군 안천면 삼락리 1138-2,주차장,35.9439,127.5314,24시간,1899-2100,2021-03-09
4669,산림조합중앙회 진안교육원,전북특별자치도 진안군 부귀면 신정리 112-3,주차장,35.7804,127.3608,24시간,1899-2100,2021-03-09
4670,고창 한국농어촌공사 충전소,전북특별자치도 고창군 고창읍 덕산리 192-50,한국 농어촌공사 고창지사,35.42594613,126.6930373,24시간,1899-2100,2021-03-09
4671,시민운동장,전북특별자치도 김제시 검산동 산 62-8,공용주차장,35.812035,126.900035,24시간,1899-2100,2021-03-09
4673,당진전력문화홍보관 주차장,충청남도 당진시 석문면 교로리 983-1,당진전력문화홍보관 주차장,37.05393538,126.4966501,24시간,1899-2100,2021-03-10
4675,연지아트홀,전북특별자치도 정읍시 연지동 39-6,구내 주차장,35.57068829,126.8488291,24시간,1899-2100,2021-03-12
4676,정읍시립박물관,전북특별자치도 정읍시 부전동 1009,구내 주차장,35.52779271,126.8945449,24시간,1899-2100,2021-03-12
4677,정읍예술회관,전북특별자치도 정읍시 시기동 87-2,구내 주차장,35.55330109,126.8619601,24시간,1899-2100,2021-03-12
4678,정읍국민체육센터,전북특별자치도 정읍시 상평동 산 19-6,구내 주차장,35.56180153,126.8392701,24시간,1899-2100,2021-03-12
4679,김제시청,전북특별자치도 김제시 서암동 353,김제시청 주차장,35.80430155,126.8813256,24시간,1899-2100,2021-03-15
4680,한국도로공사 전북본부,"전북특별자치도 전주시 덕진구 번영로 420 (용정동, 한국도로공사 전북본부)",옥외 주차장,35.8736,127.0519,24시간,1899-2100,2021-03-15
4682,광주시 전기버스 충전소,경기도 광주시 장지동 307,전기버스 주차장,37.38862189,127.2459063,24시간,1899-2100,2021-03-16
4683,당진화력본부 주차장,충청남도 당진시 석문면 교로리 974,당진화력본부 주차장,37.05692433,126.5097387,24시간,1899-2100,2021-03-16
4687,영신버스터미널 전기버스 충전소,경상남도 창녕군 창녕읍 교리 992-6,영신버스터미널 내,35.54376715,128.4891594,24시간,1899-2100,2021-03-18
4691,나래울종합사회복지관,경기도 화성시 능동 1130,주차장 입구 우측편,37.204,127.05,24시간,1899-2100,2021-03-29
4692,종합경기장,강원특별자치도 태백시 문곡동 10-3,주차장,37.13550714,129.0028772,24시간,1899-2100,2021-03-31
4694,동물위생시험소(동물보호센터),제주특별자치도 제주시 용강동 1065,동물위생시험소 주차장,33.45590005,126.5890796,24시간,1899-2100,2021-03-31
4695,신성로 공영주차장,제주특별자치도 제주시 도남동 87-8,입구 남측 주차장,33.49597363,126.5297437,24시간,1899-2100,2021-03-31
4697,종달리 종합복지회관,제주특별자치도 제주시 구좌읍 종달리 1113-55,구좌읍 종달리 종합복지회관,33.49262481,126.9005699,24시간,1899-2100,2021-03-31
4698,한라산렌트카,제주특별자치도 제주시 도두일동 2203-1,한라산렌트카,33.49575264,126.47076,24시간,1899-2100,2021-03-31
4699,한수풀도서관,제주특별자치도 제주시 한림읍 대림리 1877,한수풀도서관 주차장,33.42029842,126.2685489,24시간,1899-2100,2021-03-31
4700,노형 제2공영주차장,제주특별자치도 제주시 노형동 1290-3,노형 제2공영주차장,33.48730913,126.4797825,24시간,1899-2100,2021-03-31
4701,웅전공영주차장,제주특별자치도 제주시 노형동 2515-2,웅전공영주차장,33.48261951,126.4720019,24시간,1899-2100,2021-03-31
4702,제주특별자치도 복지이음마루,제주특별자치도 제주시 오라삼동 2747-2,동쪽 주차장,33.49271912,126.5029526,24시간,1899-2100,2021-03-31
4703,제주시민속오일시장 3주차장,제주특별자치도 제주시 도두일동 1212,도두일동 1212-1번지,33.49637604,126.4763708,24시간,1899-2100,2021-03-31
4704,제주아트센터,제주특별자치도 제주시 오라이동 898-8,북측 주차장,33.47712149,126.5154599,24시간,1899-2100,2021-03-31
4706,천지공영주차장,제주특별자치도 서귀포시 서귀동 305-1,,33.25152782,126.5592891,24시간,1899-2100,2021-03-31
4707,표선공영주차장,제주특별자치도 서귀포시 표선면 표선리 701,,33.32635425,126.8317567,24시간,1899-2100,2021-03-31
4708,폴리텍대학 화성캠퍼스,경기도 화성시 팔탄면 고주리 196-1,폴리텍대학 화성캠퍼스,37.13085264,126.8892937,24시간,1899-2100,2021-04-02
4709,현덕면 행정복지센터,경기도 평택시 현덕면 인광리 402-12,현덕면 행정복지센터,36.96712685,126.9213745,24시간,1899-2100,2021-04-02
4710,일반고객 서경화(영흥곰탕),인천광역시 옹진군 영흥면 선재리 636-85,영흥곰탕 고객주차장,37.2538257,126.51359,24시간,1899-2100,2021-04-05
4711,서신면 공영주차장,경기도 화성시 서신면 매화리 365-1,서신면 매화리 367-1,37.16905918,126.7032433,24시간,1899-2100,2021-04-05
4713,산북면 행정복지센터,경기도 여주시 산북면 상품리 121,산북면 행정복지센터,37.40175031,127.4431511,24시간,1899-2100,2021-04-05
4715,강천면 주민자치센터,경기도 여주시 강천면 간매리 271-1,강천면 주민자치센터,37.27226456,127.7124489,24시간,1899-2100,2021-04-05
4716,흥천면 행정복지센터,경기도 여주시 흥천면 효지리 376-6,흥천면 행정복지센터,37.33311097,127.5415725,24시간,1899-2100,2021-04-05
4718,광주전남전력관리처,광주광역시 서구 농성동 649-8,(실외완전노출)지상주차장,35.15257614,126.8829792,24시간,1899-2100,2021-04-15
4719,가남읍공영주차장,경기도 여주시 가남읍 심석리 417-6,가남읍 심석리 516-4,37.20168556,127.5479929,24시간,1899-2100,2021-04-15
4724,고스트타운,제주특별자치도 제주시 애월읍 신엄리 2880-12,주차장,33.47583497,126.356562,24시간,1899-2100,2021-04-22
4726,고등동 행정복지센터,경기도 수원시 팔달구 고등동 153-1,지하주차장,37.27341266,127.0011117,09:00 ~ 19:00,1899-2100,2021-04-27
4729,아쿠아플라넷,경기도 고양시 일산서구 대화동 2606-1,지상,37.66357541,126.755505,09:00 - 19:00,1899-2100,2021-05-12
4730,고양체육관,"경기도 고양시 일산서구 중앙로 1601 (대화동, 고양체육관)",지하주차장,37.67498,126.74209,24시간,1899-2100,2021-05-12
4744,송곡대학교,강원특별자치도 춘천시 남산면 창촌리 1,정문 옆,37.79190892,127.6525826,24시간,1899-2100,2021-05-26
4755,동광리버스차고지,제주특별자치도 서귀포시 안덕면 동광리 826-2,야외 주차장,33.311869,126.342535,24시간,1899-2100,2021-06-15
4756,남원공영주차장,제주특별자치도 서귀포시 남원읍 남원리 83-2,야외 주차장,33.27917281,126.7211247,24시간,1899-2100,2021-06-15
4757,농업기술원,제주특별자치도 서귀포시 강정동 3458,야외 주차장,33.26121751,126.4890889,24시간,1899-2100,2021-06-15
4758,중부건설본부 충북강원건설지사,충청북도 제천시 청전동 14-3,지상주차장,37.15408771,128.2150884,24시간,1899-2100,2021-06-21
4759,문광면 주민센터,충청북도 괴산군 문광면 광덕리 244-1,지상주차장,36.78990803,127.7850231,24시간,1899-2100,2021-06-21
4763,위더스빌16차,제주특별자치도 제주시 이도이동 1961-6,주차장,33.49360419,126.5462352,24시간  ※외부인 개방,1899-2100,2021-06-29
4765,한전 부여지사,충청남도 부여군 부여읍 쌍북리 68-2,주차장,36.28320542,126.9304462,24시간,1899-2100,2021-07-05
4767,상현2동 행정복지센터,경기도 용인시 수지구 상현동 1199,주차장,37.31027086,127.0865551,24시간,1899-2100,2021-07-08
4768,죽전1동 행정복지센터,경기도 용인시 수지구 죽전동 1070-9,주차장,37.33132491,127.1141141,24시간,1899-2100,2021-07-08
4777,풍호동행정복지센터,경상남도 창원시 진해구 풍호동 176-6,풍호동행정복지센터 주차장,35.13751994,128.7073369,24시간,1899-2100,2021-07-22
4779,중앙2리주차장,충청남도 논산시 강경읍 중앙리 81-1,주차장,36.16121448,127.0186181,24시간,1899-2100,2021-08-03
4780,강경읍사무소,충청남도 논산시 강경읍 대흥리 7,원마트 주차장,36.15716407,127.0147664,24시간,1899-2100,2021-08-03
4785,경상남도의회,경상남도 창원시 의창구 사림동 1-1,경상남도의회 옥외주차장,35.235451,128.693533,24시간,1899-2100,2021-08-09
4787,중부전력지사,서울특별시 마포구 토정로 56 (합정동),전력지사 주차장,37.54393841,126.9199167,-,1899-2100,2021-08-11
4788,경남연구원,경상남도 창원시 성산구 용호동 5-1,경남연구원 지하1층주차장,35.235525,128.68738,24시간,1899-2100,2021-08-17
4789,천안전력지사,충청남도 천안시 동남구 구성동 267-1,지상주차장 입구 우측,36.79174574,127.1666482,24시간,1899-2100,2021-08-27
4790,중부전력지사,서울특별시 마포구 합정동 55-1,뒤편 주차장,37.54426415,126.9164414,24시간,1899-2100,2021-08-27
4791,남양읍주민센터 공용주차장,경기도 화성시 남양읍 남양리 2226-7,경기도 화성시 남양읍 남양리 2226-7,37.21137783,126.8292255,24시간,1899-2100,2021-08-31
4792,장마면사무소 주차장,경상남도 창녕군 장마면 강리 950-1,장마면사무소 주차장,35.45789658,128.4730969,24시간,1899-2100,2021-09-06
4793,전국은행연합회,서울특별시 중구 명동1가 4-1,"지하4층,지하5층 주차장",37.56494424,126.985558,06~23시,1899-2100,2021-09-13
4794,서울숲SK V1 타워,서울특별시 성동구 성수동2가 284-55,지하2층,37.54706269,127.0517144,24시간,1899-2100,2021-09-13
4795,남사 현대리바트(공용),경기도 용인시 처인구 남사읍 북리 54-10,현대리바트 내 주차장,37.14086371,127.1598769,24시간,1899-2100,2021-09-14
4796,초전농협 EVC,경상북도 성주군 초전면 대장리 685-1,초전농협 주차장,35.9714,128.26362,24시간,1899-2100,2021-09-14
4797,서해그랑블(B5층),경기도 의왕시 오전동 892,지하5층,37.3505239,126.9736376,24시간,1899-2100,2021-09-15
4798,대구보호관찰소,대구광역시 동구 신암동 1503,대구보호관찰소 주차장(1층),35.88834759,128.637659,09:00~18:00,1899-2100,2021-09-15
4799,대구범어더리브스퀘어,대구광역시 수성구 범어동 2262,지하 3층 주차장,35.86417519,128.6188775,24시간,1899-2100,2021-09-15
4800,대구경북과학기술원,대구광역시 달성군 현풍읍 상리 50-1,본관 우측 주차장,35.70446397,128.4583677,24시간,1899-2100,2021-09-15
4801,뚝섬유수지 공영주차장,서울특별시 성동구 성수동1가 685-63,뚝섬유수지 공영주차장,37.55060091,127.0414386,24시간,1899-2100,2021-09-15
4802,창3동 주민센터,서울특별시 도봉구 창동 462-2,지상주차장,37.63805063,127.042926,24시간,1899-2100,2021-09-15
4803,방학3동 주민센터,서울특별시 도봉구 방학동 498-16,지상주차장,37.65910434,127.0280096,24시간,1899-2100,2021-09-15
4804,효성파머스마켓 칠곡점,대구광역시 북구 구암동 781,3층 주차장,35.94160183,128.5694421,06~23시,1899-2100,2021-09-15
4805,대구복합스포츠타운,대구광역시 북구 고성동3가 2,다목적체육센터 뒤쪽,35.88297688,128.5880447,24시간,1899-2100,2021-09-15
4806,강북실버타운,대구광역시 북구 읍내동 1206-4,주차장,35.94257483,128.550416,24시간,1899-2100,2021-09-15
4807,도깨비시장 공영주차장,서울특별시 도봉구 방학동 632-1,주차장,37.66456947,127.033979,24시간,1899-2100,2021-09-16
4808,현대백화점 미아점,"서울특별시 성북구 동소문로 315 (길음동, 현대백화점미아점)",주차장,37.608453,127.0287466,24시간,1899-2100,2021-09-16
4809,서울신용보증재단,서울특별시 마포구 공덕동 168,지상주차장,37.54902113,126.9540012,24시간,1899-2100,2021-09-16
4810,금호스포츠센터,서울특별시 성동구 금호동4가 56,주차장,37.54574461,127.025192,24시간,1899-2100,2021-09-16
4811,지텍(주),경상북도 김천시 율곡동 1106,1층 지상주차장,36.12722498,128.1802132,24시간,1899-2100,2021-09-16
4812,칠곡군농업기술센터,경상북도 칠곡군 약목면 동안리 617-28,칠곡군농업기술센터 건물 뒤편 주차장,36.04010621,128.3824678,07-22시,1899-2100,2021-09-16
4813,칠곡군종합운동장 주차장,경상북도 칠곡군 왜관읍 석전리 883,칠곡군종합운동장 인근 주차장,36.00150444,128.422723,24시간,1899-2100,2021-09-16
4814,청량리역사(한화역사),"서울특별시 동대문구 왕산로 214 (전농동, 청량리역,롯데백화점)",옥외주차장 5F,37.58080881,127.0480301,24시간,1899-2100,2021-09-16
4817,부산과학체험관,부산광역시 동구 초량동 1167,지하주차장,35.12059163,129.0444817,주차장 운영시간내,1899-2100,2021-09-27
4818,김해운동장 지하주차장,경상남도 김해시 구산동 660,지하주차장,35.2557087,128.8767423,24시간,1899-2100,2021-09-27
4819,청주전력지사,충청북도 청주시 서원구 남이면 척산리 50,청주전력지사 내 차고주차장,36.55343105,127.4603161,24시간,1899-2100,2021-09-28
4821,시민체육공원,경상남도 김해시 삼계동 30-4,테니스장 주차장 제일 안쪽 주차면,35.259103,128.8775086,24시간,1899-2100,2021-09-28
4822,거제1동 공영주차장,부산광역시 연제구 거제동 1466-17,주차장,35.19486502,129.0844134,24시간,1899-2100,2021-09-28
4823,금정구청,부산광역시 금정구 부곡동 78,부산광역시 금정구 중앙대로 1777,35.24282453,129.0923546,24시간,1899-2100,2021-09-28
4824,선두구동 행정복지센터,부산광역시 금정구 두구동 174-1,,35.29822122,129.1132633,24시간,1899-2100,2021-09-28
4825,부산영락공원,부산광역시 금정구 두구동 1494-1,,35.27351382,129.1045088,24시간,1899-2100,2021-09-28
4827,하양읍행정복지센터,경상북도 경산시 하양읍 동서리 180-8,정구장 옆 주차장,35.91116724,128.8315539,24시간,1899-2100,2021-09-29
4828,경산시청,경상북도 경산시 남매로 159,경산시청 대구은행ATM앞,35.825537,128.742122,24시간,1899-2100,2021-09-29
4829,경산시보건소,경상북도 경산시 남매로 158,경산시보건소 우측 젤안쪽,35.824889,128.743163,24시간,1899-2100,2021-09-29
4830,가일리공영주차장,경상북도 경산시 압량읍 가일길20길 9-1,주차장 내,35.839082,128.781756,24시간,1899-2100,2021-09-29
4831,신대부적공영주차장,"경상북도 경산시 압량읍 신대리 415, 471번지",원할머니보쌈 맞은편,35.84124,128.76342,24시간,1899-2100,2021-09-29
4832,부기리공영주차장,"경상북도 경산시 진량읍 부기리 716, 567-1",휴먼시아 102동 뒤 강변근처,35.906933,128.822635,24시간,1899-2100,2021-09-29
4833,옥곡공영주차장,경상북도 경산시 옥곡동 768,옥곡공영주차장,35.813619,128.730428,24시간,1899-2100,2021-09-29
4834,양기리공영주차장,"경상북도 경산시 진량읍 양기리 401-3, 400-7, 400-13, 400-18",공영주차장,35.893328,128.835267,24시간,1899-2100,2021-09-29
4836,경산시농업기술센터,경상북도 경산시 자인면 계정길 7,축산차량소독장 옆,35.816402,128.812307,24시간,1899-2100,2021-09-29
4835,동서리공영주차장,경상북도 경산시 하양읍 동서리 593-3번지 일원,주차장 1층,35.91684,128.817236,24시간,1899-2100,2021-09-29
4837,자인 교촌리 공영주차장,"경상북도 경산시 자인면 교촌리 192-4, 192-8, 192-22, 192-9, 385",교촌리 공영주차장내,35.823522,128.82722,24시간,1899-2100,2021-09-29
4838,옥산2지구 지상공영주차장,경상북도 경산시 옥산동 733-1,옥산2지구 지상공영주차장,35.827217,128.727174,24시간,1899-2100,2021-09-29
4840,영남대학교(삼풍동),경상북도 경산시 삼풍동 300,생산기술연구원 근처,35.82553,128.753255,24시간,1899-2100,2021-09-29
4839,자인종합주차장,경상북도 경산시 자인면 서부리 263-1,대로와 인접한 곳,35.81641,128.821493,24시간,1899-2100,2021-09-29
4841,영남대학교(조영동),경상북도 경산시 조영동 321,시설관리지원센터 앞,35.836096,128.763725,24시간,1899-2100,2021-09-29
4842,중소벤처기업진흥공단 대구경북연수원,경상북도 경산시 경청로 222길 86,대구경북연수원 주차장,35.800448,128.746356,24시간,1899-2100,2021-09-29
4843,용강동행정복지센터,경상북도 경주시 용강동 1316-2,용강동행정복지센터 주차장,35.86423148,129.2231481,24시간,1899-2100,2021-09-29
4844,경주시 농업기술센터,경상북도 경주시 용강동 873-6,농업기술센터 뒷편 주차장,35.86749041,129.2254508,24시간,1899-2100,2021-09-29
4845,민속공예촌 제1주차장,경상북도 경주시 하동 201-14,민속공예촌 제 1주차장 화장실 옆,35.80449167,129.3106333,24시간,1899-2100,2021-09-29
4848,벌지1리 마을회관,경상북도 고령군 다산면 벌지리 989-1,벌지1리 마을회 주차장,35.81219089,128.3897882,24시간,1899-2100,2021-09-29
4847,용소보건진료소,경상북도 고령군 성산면 용소리 207,용소보건진료소 주차장,35.7775323,128.3600539,24시간,1899-2100,2021-09-29
4846,용담권역문화복지센터,경상북도 고령군 쌍림면 백산리 98-6,용담문화복지센터 주차장,35.67667167,128.2087162,24시간,1899-2100,2021-09-29
4850,고령군보건소,경상북도 고령군 대가야읍 왕릉로 56-5,고령군보건소 주차장,35.72523517,128.2648137,24시간,1899-2100,2021-09-29
4849,내곡2리 마을회관,경상북도 고령군 대가야읍 내곡리 465-9,내곡2리 마을회 주차장,35.70186831,128.2848268,24시간,1899-2100,2021-09-29
4851,계명대학교 성서캠퍼스(동영관),대구광역시 달서구 신당동 1000-2,동영관 우측,35.85344521,128.4845531,24시간,1899-2100,2021-09-29
4853,포항교도소,경상북도 포항시 북구 흥해읍 학천리 169,포항교도소 주차장,36.07234403,129.3239426,24시간,1899-2100,2021-09-29
4852,계명대학교 성서캠퍼스(공학관),대구광역시 달서구 달구벌대로 1095,공학1호관과 공학4호관 사이,35.859394,128.488131,24시간,1899-2100,2021-09-29
4856,대구교도소,대구광역시 달성군 하빈면 하빈로 202,지상주차장,35.89100896,128.4247508,24시간,1899-2100,2021-09-29
4855,서포항농업협동조합,경상북도 북구 기계면 현내리 462-2,하나로마트 주차장,36.068227,129.209807,24시간,1899-2100,2021-09-29
4854,포항시산림조합,경상북도 포항시 북구 흥해읍 대련리 66-5,주차장,36.068227,129.209807,24시간,1899-2100,2021-09-29
4857,계명대학교 대명캠퍼스,대구광역시 남구 명덕로 104,지상주차장,35.85552072,128.5793718,06~23시,1899-2100,2021-09-29
4861,광장식자재마트,경상북도 영천시 완산동 917-3,광장식자재마트 주차장,35.96108799,128.9407274,24시간,1899-2100,2021-09-29
4859,육군3사관학교,경상북도 영천시 고경면 창하리 24-2,육군3사관학교 주차장,35.98987707,128.9964779,24시간,1899-2100,2021-09-29
4858,영덕 검찰청,경상북도 영덕군 영덕읍 화개리 265,지상주차장,36.42043828,129.3658283,24시간,1899-2100,2021-09-29
4860,영천소방서,경상북도 영천시 호국로 187,영천소방서 주차장,35.97763561,128.9578614,24시간,1899-2100,2021-09-29
4864,대구축산물프라자 침산점,대구광역시 북구 침산동 430-4,지하1층 주차장,35.88886514,128.5850283,09월 18일,1899-2100,2021-09-29
4863,중구보건소,대구광역시 중구 태평로3가 174-1,뒷쪽 지상주차장,35.8778797,128.5833187,24시간,1899-2100,2021-09-29
4862,화산면행정복지센터,경상북도 영천시 화산면 연지길 16,화산면 행정복지센터 주차장,36.02024683,128.8520843,24시간,1899-2100,2021-09-29
4865,석적도서관,경상북도 칠곡군 석적읍 남중리2길 25,도서관 주차장,36.07457,128.40916,24시간,1899-2100,2021-09-29
4866,섬내공원 공영주차장,경상북도 칠곡군 석적읍 중리 884-162,섬내공원 주차장(원마트 정문 맞은편),36.07532,128.40736,24시간,1899-2100,2021-09-29
4869,포항남구치매안심센터,경상북도 포항시 남구 오천읍 남원로 43,포항남구치매안심센터 주차장,35.97036815,129.4053277,24시간,1899-2100,2021-09-29
4868,칠곡도서관 공용주차장,경상북도 칠곡군 왜관읍 왜관리 1542,칠곡도서관 공용주차장,35.9761,128.40736,24시간,1899-2100,2021-09-29
4867,왜관전통시장 공영주차장,경상북도 칠곡군 왜관읍 왜관리 210-24,왜관전통시장 공영주차장,35.99537,128.3966,24시간,1899-2100,2021-09-29
4870,국민건강보험공단,경상북도 포항시 남구 희망대로 833,국민건강보험공단 주차장,36.01076335,129.3637996,24시간,1899-2100,2021-09-29
4871,양학동민복지회관,경상북도 북구 양학로 107번길 12,양학동민복지회관 주차장,36.03064454,129.3432269,24시간,1899-2100,2021-09-29
4872,이동제4공원 공영주차장,경상북도 포항시 남구 대잠동 462-3,이동제4공원 공영주차장 B1F 입구,36.0241948,129.3399274,24시간,1899-2100,2021-09-29
4875,동해면민복지회관,경상북도 포항시 남구 동해면 일월로123번길 17-45,동해면민복지회관 주차장,35.99002876,129.4465787,24시간,1899-2100,2021-09-29
4873,상대로공영주차장,경상북도 포항시 남구 상대로 139,상대로공영주차장,36.01346101,129.3617842,24시간,1899-2100,2021-09-29
4874,한국공항공사 포항공항,경상북도 포항시 동해면 일월로 18,한국공항공사 포항공항 주차장,35.9832455,129.4339064,24시간,1899-2100,2021-09-29
4876,포은체육관,경상북도 포항시 남구 냉천로580번길,포은체육관 주차장 우측편,35.94627548,129.3999376,24시간,1899-2100,2021-09-29
4877,장기면 충효관,경상북도 포항시 남구 신창길 9,충효관 주차장,35.89638569,129.4952299,24시간,1899-2100,2021-09-29
4878,포항공대국제관,경상북도 포항시 남구 청암로77,포항공대국제관 B1F 주차장 출구인근,36.01393779,129.3209983,24시간,1899-2100,2021-09-29
4879,포항공대체육관,경상북도 포항시 남구 지곡로 127번길 30,포항공대체육관 주차장,36.01921766,129.3242531,24시간,1899-2100,2021-09-29
4880,포항문구센터,경상북도 포항시 북구 우현동 0,포항문구센터 주차장,36.05776536,129.3680003,24시간,1899-2100,2021-09-29
4881,부산시설공단(중앙몰),부산광역시 부산진구 부전동 576-1,중앙몰 지하주차장,35.15767813,129.055192,24시간,1899-2100,2021-10-01
4882,상수도사업본부,부산광역시 부산진구 양정동 273-20,야외주차장 요금정산소 옆,35.17562316,129.0723374,해당 주차장 운영시간내,1899-2100,2021-10-01
4883,부산국립국악원,부산광역시 부산진구 연지동 219-2,야외주차장,35.17151978,129.0537433,24시간,1899-2100,2021-10-01
4884,가구거리 공영주차장,부산광역시 동구 범일동 183,철골주차장 2층 진입후 안쪽,35.13626894,129.0553119,24시간,1899-2100,2021-10-01
4885,수정산 공영주차장,부산광역시 동구 수정동 600-3,주차장 2층,35.13299084,129.0406589,24시간,1899-2100,2021-10-01
4886,울산구치소,울산광역시 울주군 청량읍 문죽리 903-1,민원실 가기전 좌측 민원인주차장 내,35.52840419,129.2603624,24시간,1899-2100,2021-10-01
4887,모현읍행정복지센터,경기도 용인시 처인구 모현읍 갈담리 309,모현읍행정복지센터 내 주차장,37.32997,127.24267,24시간,1899-2100,2021-10-01
4888,만남의광장,부산광역시 금정구 구서동 481-1,야외주차장,35.24748848,129.0947978,24시간,1899-2100,2021-10-01
4889,창녕군립체육관,경상남도 창녕군 창녕읍 퇴천리 61,체육관 건물 앞 주차장,35.51991119,128.5059378,24시간,1899-2100,2021-10-01
4890,벡스코,부산광역시 해운대구 우동 1500,오디토리엄 지하주차장,35.16835688,129.1346271,24시간,1899-2100,2021-10-01
4891,남구국민체육센터,부산광역시 남구 용호동 895-18,실외,35.10349543,129.108182,24시간,1899-2100,2021-10-01
4893,술정리공용주차장,경상남도 창녕군 창녕읍 술정리 313,술정리공용주차장,35.54058876,128.4900222,24시간,1899-2100,2021-10-01
4894,영화의전당,부산광역시 해운대구 우동 1467,지하주차장,35.17175897,129.1277005,24시간,1899-2100,2021-10-01
4895,고암농협 하나로마트 고암점,경상남도 창녕군 고암면 창밀로 384 (우천리),하나로마트 주차장,35.57516035,128.5116099,24시간,1899-2100,2021-10-01
4896,수영구청,부산광역시 수영구 남천동 148-15,실외 주차장,35.14542936,129.1126588,24시간,1899-2100,2021-10-01
4897,부산디자인진흥원,부산광역시 해운대구 우동 1457,실내,35.17404697,129.1295463,24시간,1899-2100,2021-10-01
4899,수영구 스포츠문화타운,부산광역시 수영구 광안동 1333,1층 실내 주차장,35.15258332,129.1082026,24시간,1899-2100,2021-10-01
4900,이기대 제1공영주차장,부산광역시 남구 용호동 14-1,실외 주차장,35.12600253,129.1179446,24시간,1899-2100,2021-10-01
4901,비콘그라운드,부산광역시 수영구 망미동 603-2,실외,35.17220049,129.1095486,24시간,1899-2100,2021-10-01
4902,청사포 공영주차장,부산광역시 해운대구 중동 552,실내주차장,35.1619243,129.1917919,24시간,1899-2100,2021-10-01
4903,반여농산물도매시장관리사업소,부산광역시 해운대구 반여동 559,실내,35.2137061,129.1230192,24시간,1899-2100,2021-10-01
4904,대산학원,대전광역시 동구 대성동 295-1,대산학원 정문 앞 주차장,36.28749652,127.4662837,24시간,1899-2100,2021-10-05
4905,종합운동장 E-71 주차장,경기도 의정부시 녹양동 174-1,종합운동장 E-71 주차장,37.75677506,127.0301061,24시간,1899-2100,2021-10-05
4906,의정부 실내빙상장,경기도 의정부시 녹양동 284-4,실내빙상장 공영주차장,37.75850062,127.0243476,24시간,1899-2100,2021-10-05
4907,종합운동장 N47주차장,경기도 의정부시 녹양동 174-1,종합운동장 N47 주차장,37.75915036,127.0296105,24시간,1899-2100,2021-10-05
4908,엄복동동상 주차장,경기도 의정부시 녹양동 174-1,종합운동장 4번 주차장,37.7559971,127.0291128,24시간,1899-2100,2021-10-05
4909,가능1동 제4공영주차장,경기도 의정부시 가능동 302-16,가능1동 제4공영주차장,37.74983809,127.0325513,24시간,1899-2100,2021-10-05
4910,경기도교육청 안전교육관,경기도 양주시 광적면 광석리 129-3,경기도교육청 안전교육관 정문 주차장,37.81492244,126.9714747,24시간,1899-2100,2021-10-05
4911,송추 제2주차장,경기도 양주시 장흥면 울대리 416-4,장흥면 울대리 418-21 송추제2주,37.71586971,126.9795169,24시간,1899-2100,2021-10-05
4912,건설안전시험사업소,부산광역시 금정구 회동동 450,,35.23266458,129.1236203,24시간,1899-2100,2021-10-08
4916,국민건강보험공단,부산광역시 사하구 신평동 646-1,부지 진입 후 우측,35.09466419,128.9619197,24시간,1899-2100,2021-10-08
4917,오르미 복합문화주차타워,부산광역시 중구 보수동1가 41-45,주차장 안 1층,35.10614097,129.0254751,24시간,1899-2100,2021-10-08
4918,부산국제수산물유통시설관리사업소,부산광역시 서구 암남동 761,버스 종점 옆 주차장 화단,35.05743572,129.01212,24시간,1899-2100,2021-10-08
4919,부산 북구청,부산광역시 북구 구포동 1124-1,출입차단기 통과 후 왼쪽에,35.19699944,128.9901199,24시간,1899-2100,2021-10-08
4920,부산구치소,부산광역시 사상구 주례동 666,구치소 정문 통과 후 직진,35.14608724,128.9956213,24시간,1899-2100,2021-10-08
4921,매곡천 공영주차장,울산광역시 북구 신천동 745-34,신천동 745-35번지,35.63769116,129.3541695,24시간,1899-2100,2021-10-08
4922,강서브라이트센터,부산광역시 강서구 대저2동 1932-1,,35.1800559,128.9570415,24시간,1899-2100,2021-10-08
4923,강서구청 역세권 공영주차장,부산광역시 강서구 대저1동 2300,,35.21210833,128.9796317,24시간,1899-2100,2021-10-08
4924,가덕도동 행정복지센터,부산광역시 강서구 성북동 229-1,,35.05685367,128.8317787,24시간,1899-2100,2021-10-08
4925,부산테크노파크,부산광역시 강서구 지사동 1274,,35.1465305,128.8264353,24시간,1899-2100,2021-10-08
4926,미음 화물차고지,부산광역시 강서구 미음동 1641,,35.14919623,128.8630959,24시간,1899-2100,2021-10-08
4928,언양읍 행정복지센터,울산광역시 울주군 언양읍 동부리 388-2,,35.56935881,129.125389,24시간,1899-2100,2021-10-08
4929,울산과학기술원,울산광역시 울주군 언양읍 반연리 100,반연리184 과학기술원교수아파트주차장,35.57631188,129.1892319,24시간,1899-2100,2021-10-08
4930,울산하늘공원,울산광역시 울주군 삼동면 조일리 1533,,35.4713037,129.1341585,24시간,1899-2100,2021-10-08
4931,서울서부지방검찰청,서울특별시 마포구 공덕동 105-1,서울서부지방검찰청 지상주차장,37.54961544,126.9554556,24시간,1899-2100,2021-10-12
4932,연희동 홍연2교 옆 노상주차장,서울특별시 서대문구 연희동 736,홍연2교 옆 노상주차장,37.57751206,126.9310401,24시간,1899-2100,2021-10-12
4933,동구체육공원 공영주차장,부산광역시 동구 수정동 712-148,옥상 야외 주차장,35.13263206,129.0384176,24시간,1899-2100,2021-10-13
4934,공설시장,전북특별자치도 군산시 신영동 18-1,3층주차장,35.98318456,126.7203129,24시간,1899-2100,2021-10-15
4935,한국농어촌공사 군산지사,전북특별자치도 군산시 옥산면 옥산리 1-5,옥외 주차장,35.94006486,126.7514614,24시간,1899-2100,2021-10-15
4936,군산자유무역지역관리원,전북특별자치도 군산시 오식도동 513,옥외 주차장,35.9605771,126.5486861,24시간,1899-2100,2021-10-15
4937,군산의료원,전북특별자치도 군산시 지곡동 29-1,옥외주차장,35.95517616,126.7135143,24시간,1899-2100,2021-10-15
4938,한국전력공사 순창지사,전북특별자치도 순창군 순창읍 남계리 893,한국전력공사 순창지사,35.37108024,127.1512366,06~23,1899-2100,2021-10-25
4939,진산행정복지센터,충청남도 금산군 진산면 읍내리 600-1,진산행정복지센터 주차장,36.14436208,127.370628,24시간,1899-2100,2021-10-27
4940,금산군 주차타워,충청남도 금산군 금산읍 상리 18-1,지하1층 전기차충전소,36.10875607,127.4868888,24시간,1899-2100,2021-10-27
4941,탄금호국제조정경기장,충청북도 충주시 중앙탑면 탑평리 137,주차장,37.01954945,127.8642281,24시간,1899-2100,2021-11-01
4942,건국대학교 글로벌캠퍼스,충청북도 충주시 단월동 322,주차장,36.9494499,127.90754,24시간,1899-2100,2021-11-01
4943,지현동 사무소,충청북도 충주시 지현동 507,주차장,36.96828134,127.9322548,24시간,1899-2100,2021-11-01
4944,충주문화회관,충청북도 충주시 성내동 215,주차장,36.97066025,127.9371826,24시간,1899-2100,2021-11-01
4945,용산상가 공영주차장,충청북도 충주시 용산동 60,용산동 60,36.96692832,127.9347531,24시간,1899-2100,2021-11-01
4946,광주전남지방병무청,광주광역시 동구 학동 69,병무청 주차장 좌측,35.14087995,126.9206366,24시간,1899-2100,2021-11-02
4947,GIST 중앙연구기기센터,광주광역시 북구 오룡동 1,중앙연구기기센터 앞,35.228313,126.843816,24시간,1899-2100,2021-11-02
4948,GIST 기계공학동,광주광역시 북구 오룡동 1,기계공학동 앞,35.227043,126.840532,24시간,1899-2100,2021-11-02
4949,GIST 대학B동,광주광역시 북구 오룡동 1,대학B동 앞,35.23044998,126.8441721,24시간,1899-2100,2021-11-02
4950,광주디자인진흥원,광주광역시 북구 오룡동 1110-7,지하주차장 1층 초입,35.2232018,126.8466574,24시간,1899-2100,2021-11-02
4951,삼각동 공영주차장,광주광역시 북구 삼각동 781-4,공영주차장 내,35.20119146,126.8987033,24시간,1899-2100,2021-11-02
4952,광주교육대 풍향문화관,광주광역시 북구 풍향동 1-1,풍향문화관 주차장 내,35.16366148,126.9272414,24시간,1899-2100,2021-11-02
4953,전남대병원 주차타워,광주광역시 동구 학동 8,명학회관 옆 주차타워,35.14129622,126.9231902,24시간,1899-2100,2021-11-02
4954,능서면복지회관,경기도 여주시 능서면 신지리 254-2,능서레포츠공원 주차장,37.29635062,127.5826678,24시간,1899-2100,2021-11-03
4955,중앙동 행정복지센터,경기도 여주시 하동 134-6,중앙동 행정복지센터,37.29867483,127.628959,24시간,1899-2100,2021-11-03
4956,오학동 행정복지센터,경기도 여주시 현암동 227-5,오학동 행정복지센터,37.30502079,127.63812,24시간,1899-2100,2021-11-03
4957,능서면 행정복지센터,경기도 여주시 능서면 번도리 502-3,능서면 행정복지센터,37.30021191,127.5734368,24시간,1899-2100,2021-11-03
4958,SG마트 충전소,강원특별자치도 횡성군 횡성읍 교항리 31-1,주차장,37.48443346,127.9822901,24시간,1899-2100,2021-11-04
4959,둔방1리 마을회관 충전소,강원특별자치도 횡성군 둔내면 둔방내리 577-8,둔방1리 마을회관 주차장,37.51353457,128.2100746,24시간,1899-2100,2021-11-04
4960,도초 전기버스충전소 1,전라남도 신안군 도초면 수항리 324-1,전남 신안군 도초면 수항리 324-1,34.70258103,125.9549635,24시간,1899-2100,2021-11-04
4961,금은모래캠핑장,경기도 여주시 연양동 304-3,도시안전정보센터 주차장,37.29330619,127.6677577,24시간,1899-2100,2021-11-04
4962,차량등록사무소,경기도 여주시 천송동 300-4,차량등록사무소 주차장,37.30142116,127.6578757,24시간,1899-2100,2021-11-04
4963,영인산 3주차장 충전소,충청남도 아산시 영인면 아산리 산 56-1,화장실 우측,36.8417392,126.9488709,24시간,1899-2100,2021-11-04
4964,제2테크노밸리 3공영주차장 충전소,충청남도 아산시 음봉면 신휴리 792,제2테크노밸리 3공영주차장 좌측,36.89957649,127.0648585,24시간,1899-2100,2021-11-04
4965,남장리 공영주차장,충청남도 홍성군 홍성읍 남장리 94-1,"홍성읍 남장리 95-2번지, 공용주차",36.59356839,126.6655523,24시간,1899-2100,2021-11-04
4966,방축동시민체육관 충전소,충청남도 아산시 방축동 22-5,시민체육관 우측,36.77914004,126.9849639,24시간,1899-2100,2021-11-04
4967,좌부동 공영주차장 충전소,충청남도 아산시 좌부동 74-1,초원아파트 건너편 공영주차장,36.75534472,127.032745,24시간,1899-2100,2021-11-04
4968,신정호주차타워 충전소,충청남도 아산시 방축동 410,신정호 주차타워,36.77644976,126.9817663,24시간,1899-2100,2021-11-04
4969,득산동 공영주차장 충전소,충청남도 아산시 득산동 389,득산동 공영주차장 우측,36.78573968,126.9607358,24시간,1899-2100,2021-11-04
4970,강원도환동해본부,강원특별자치도 강릉시 주문진읍 교항리 118-1,강원도환동해본부 주차장,37.88495412,128.8254879,08:30 ~ 18:30,1899-2100,2021-11-04
4971,강원영동병무지청,강원특별자치도 강릉시 노암동 200-11,강원영동병무지청 주차장,37.7488087,128.9077197,24시간,1899-2100,2021-11-04
4973,가교2리마을회관,충청남도 당진시 송악읍 가교리 352,마을회관 안쪽,36.87355387,126.6946597,24시간,1899-2100,2021-11-05
4974,송악사회복지관,충청남도 당진시 송악읍 중흥리 367,주차장 뒷쪽,36.93758256,126.7426207,24시간,1899-2100,2021-11-05
4975,복운3리 공영주차장,충청남도 당진시 송악읍 복운리 1674-1,공영주차장,36.94108226,126.7839198,24시간,1899-2100,2021-11-05
4978,당진교육문화스포츠센터,충청남도 당진시 읍내동 219-94,공영주차장B,36.89355424,126.6329678,24시간,1899-2100,2021-11-05
4979,신성대학교,충청남도 당진시 정미면 덕마리 220,산학협력관 앞,36.85340281,126.5955567,24시간,1899-2100,2021-11-05
4980,동학사주차장,충청남도 공주시 반포면 학봉리 923,반포면학봉리371-1동학사주차장,36.36699394,127.2544566,24시간,1899-2100,2021-11-05
4981,정안행정복지센터,충청남도 공주시 정안면 광정리 283-7,정안면 광정리 283-7,36.6091791,127.1225924,24시간,1899-2100,2021-11-05
4982,공주치료감호소 입구,충청남도 공주시 반포면 봉곡리 산 1-21,공주치료감호소 입구,36.41176733,127.2404334,24시간,1899-2100,2021-11-05
4983,옥천군청,충청북도 옥천군 옥천읍 삼양리 174,주차장,36.30627808,127.5713544,24시간,1899-2100,2021-11-05
4984,옥천보건소 공영주차장,충청북도 옥천군 옥천읍 삼양리 161-108,공영주차장,36.30404266,127.5694204,24시간,1899-2100,2021-11-05
4985,옥천지사,충청북도 옥천군 옥천읍 삼양리 222-178,주차장,36.30420847,127.5671477,24시간,1899-2100,2021-11-05
4987,괴산 수산식품거점단지,충청북도 괴산군 괴산읍 대덕리 585,주차장,36.80855269,127.8185608,24시간,1899-2100,2021-11-05
4988,진천산수산업단지,충청북도 진천군 덕산읍 산수리 1102,주차장,36.8967522,127.484698,24시간,1899-2100,2021-11-05
4989,생거진천종합사회복지관,충청북도 진천군 진천읍 벽암리 570-1,주차장,36.86113603,127.4394715,24시간,1899-2100,2021-11-05
4990,대소면 공영주차장,충청북도 진천군 대소면 태생리 658,주차장,36.96480691,127.493212,24시간,1899-2100,2021-11-05
4991,하늘빛공원,충청북도 진천군 진천읍 장관리 732-59,주차장,36.87389388,127.4160214,24시간,1899-2100,2021-11-05
4992,탄부면 행정복지센터,충청북도 보은군 탄부면 하장리 347,주차장,36.43053676,127.7959496,24시간,1899-2100,2021-11-05
4993,규암면 행정복지센터,충청남도 부여군 규암면 규암리 산 12-1,규암면 행정복지센터,36.27495874,126.8839228,24시간,1899-2100,2021-11-05
4994,외산면 행정복지센터,충청남도 부여군 외산면 만수리 5-2,외산면 행정복지센터,36.30398402,126.7046618,24시간,1899-2100,2021-11-05
4995,내산면 행정복지센터,충청남도 부여군 내산면 운치리 452,내산면 행정복지센터,36.27477752,126.7807072,24시간,1899-2100,2021-11-05
4996,옥산면 행정복지센터,충청남도 부여군 옥산면 안서리 368-1,옥산면 행정복지센터,36.19155994,126.7333349,24시간,1899-2100,2021-11-05
4997,구룡면 행정복지센터,충청남도 부여군 구룡면 태양리 85-4,구룡면 행정복지센터,36.25224753,126.8135398,24시간,1899-2100,2021-11-05
4998,부여농협 하나로마트,충청남도 부여군 부여읍 석목리 143-7,부여농협 하나로마트,36.28407553,126.9314037,24시간,1899-2100,2021-11-05
4999,(고속도로)벌곡휴게소 논산방향,충청남도 논산시 벌곡면 신양리 475,벌곡휴게소 논산방향,36.21774059,127.2733045,24시간,1899-2100,2021-11-05
5000,비점오염저감시설 주차장,충청북도 제천시 영천동 1908,주차장,37.12485361,128.197779,24시간,1899-2100,2021-11-05
5001,테크노파크 자동차센터,충청남도 예산군 예산읍 신례원리 433,충남테크노파크 자동차센터 입구 1층,36.7177108,126.8460439,24시간,1899-2100,2021-11-05
5002,양촌농협 산지유통물류센터,충청남도 논산시 양촌면 채광리 358-3,주차장,36.13082536,127.252109,24시간,1899-2100,2021-11-05
5003,양촌농협 본점,충청남도 논산시 양촌면 인천리 245-1,주차장,36.13627652,127.2394569,24시간,1899-2100,2021-11-05
5004,완산수영장,전북특별자치도 전주시 완산구 효자동2가 235-1,주차장 옆 별도 부설 장애인 주차장,35.80236038,127.1054591,24시간,1899-2100,2021-11-08
5006,이서문화체육센터,전북특별자치도 완주군 이서면 상개리 582-3,주차장 입구 좌측,35.82341971,127.022437,06:00~21:00 주중/주말 동일,1899-2100,2021-11-08
5008,세종시 청자장,세종특별자치시 조치원읍 상리 120-7,청자장 주차장,36.60226048,127.3012771,24시간,1899-2100,2021-11-08
5009,보건소신청사,세종특별자치시 조치원읍 신흥리 53-1,보건소 출입구 정면,36.59606424,127.2925975,06~23시,1899-2100,2021-11-08
5010,색장동만남의광장,전북특별자치도 전주시 완산구 색장동 581,주차장 안쪽 전주 앞,35.78800433,127.1934197,24시간,1899-2100,2021-11-08
5011,노송천공영주차장,전북특별자치도 전주시 완산구 서노송동 655-23,큰 도로에서 진입 후 직진,35.82723094,127.1423639,24시간,1899-2100,2021-11-08
5012,한옥마을 공영주차장,전북특별자치도 전주시 완산구 풍남동2가 44-1,메인 입구 진입 후 오른쪽,35.81834686,127.1532864,24시간,1899-2100,2021-11-08
5013,전주시청,전북특별자치도 전주시 완산구 서노송동 568-1,시청 뒷 도로 기준 오른쪽 버스주차장,35.82370585,127.1489034,24시간,1899-2100,2021-11-08
5014,SK렌터카 제주지점,제주특별자치도 제주시 용담이동 723,주차장,33.50387326,126.5010715,SK전용(타고객 이용불가),1899-2100,2021-11-08
5015,대사동 제7노외공영주차장,대전광역시 중구 대사동 206-3,대사동 제7노외공영주차장,36.3140553,127.4226876,24시간,1899-2100,2021-11-09
5016,용운국제수영장,대전광역시 동구 용운동 301-1,주차장,36.32456503,127.4657959,24시간,1899-2100,2021-11-09
5018,롯데마트 안산점,경기도 안산시 상록구 성포동 590,지상2층 주차장,37.31790231,126.8465164,24시간,1899-2100,2021-11-10
5019,이천시보건소,경기도 이천시 증포동 152-2,실외주차장,37.288827,127.4523333,24시간,1899-2100,2021-11-10
5020,증포동 행정복지센터,경기도 이천시 증포동 182-5,실외주차장,37.29035774,127.452599,24시간,1899-2100,2021-11-10
5021,광주광역시광산구시설관리공단,광주광역시 광산구 우산동 1577-1,빛고을국민체육센터 실내주차창 내,35.16362492,126.804618,24시간,1899-2100,2021-11-10
5022,광주공항,광주광역시 광산구 신촌동 698-9,제1주차장,35.14035368,126.810203,24시간,1899-2100,2021-11-10
5023,블루핸즈 빛고을현대서비스,광주광역시 광산구 신창동 10-93,주차장 내부,35.19456262,126.8540558,24시간,1899-2100,2021-11-10
5024,임팩트명품백화점,광주광역시 광산구 우산동 220-14,제2주차장,35.14346393,126.8222814,10:30~20:30,1899-2100,2021-11-10
5025,해동놀이터노외주차장,경기도 안양시 동안구 관양동 1393-4,해동놀이터,37.40738184,126.9561648,24시간,1899-2100,2021-11-11
5026,비산체육공원주차장,경기도 안양시 동안구 비산동 20,비산체육공원주차장,37.41197332,126.9498942,24시간,1899-2100,2021-11-11
5027,오창 노외주차장,충청북도 청주시 청원구 오창읍 각리 641-15,주차장,36.70598198,127.4343073,24시간,1899-2100,2021-11-11
5028,별방민원센터,충청북도 단양군 영춘면 장발리 221-1,본관 우측뒷편 주차장,37.09447651,128.4172042,24시간,1899-2100,2021-11-11
5029,영동군 힐링사업소,충청북도 영동군 영동읍 매천리 193-3,외부주차장,36.15807583,127.7855679,24시간,1899-2100,2021-11-11
5030,충북소방본부 재난체험관,충청북도 청주시 상당구 월오동 181,주차장,36.61997018,127.5455817,24시간,1899-2100,2021-11-11
5031,롤러경기장,"경기도 안양시 동안구 평촌대로 429 (비산동, 인라인롤러경기장)",롤러경기장,37.40951533,126.949263,24시간,1899-2100,2021-11-11
5032,서울소년원(고봉중학교),경기도 군포시 당정동 398,서울소년원(고봉중학교),37.35117174,126.9606687,24시간,1899-2100,2021-11-11
5033,노은3동 행정복지센터,대전광역시 유성구 지족동 1024-2,노은3동 행정복지센터 지하주차장,36.3868157,127.3078709,24시간,1899-2100,2021-11-11
5034,노은도서관,대전광역시 유성구 지족동 871-6,노은도서관 입구,36.38192666,127.3207839,24시간,1899-2100,2021-11-11
5035,원신흥도서관,대전광역시 유성구 원신흥동 560,원신흥도서관 주차장,36.33757042,127.337293,24시간,1899-2100,2021-11-11
5036,구암평생학습센터,대전광역시 유성구 구암동 621-7,구암도서관 주차장,36.34939169,127.3300026,24시간,1899-2100,2021-11-11
5037,카이스트,대전광역시 유성구 어은동 44,교양분관 뒤 주차장,36.37454258,127.3603336,24시간,1899-2100,2021-11-11
5038,한국항공우주연구원,대전광역시 유성구 어은동 45,한국항공우주연구원 정문 앞 주차장,36.37535976,127.3560372,24시간,1899-2100,2021-11-11
5039,충북 테크노파크,충청북도 청주시 청원구 오창읍 양청리 685-3,주차장,36.722756,127.429872,24시간,1899-2100,2021-11-12
5040,단양지사,충청북도 단양군 단양읍 별곡리 306,주차장,36.98664,128.3675003,24시간,1899-2100,2021-11-12
5041,예당관광지,충청남도 예산군 응봉면 후사리 123,예당관광지 언덕 위 주차장,36.63783682,126.7988571,24시간,1899-2100,2021-11-12
5042,추모공원,충청남도 예산군 응봉면 평촌리 346-1,예산군 응봉면 추모공원 입구 옆,36.64020627,126.7746937,24시간,1899-2100,2021-11-12
5043,한전 청양지사 사옥 충전소,충청남도 청양군 청양읍 벽천리 270-11,1층 주차장,36.44473568,126.7986889,24시간,1899-2100,2021-11-12
5044,군포시청소년수련원 전기차 충전소,충청남도 청양군 화성면 산정리 570,주차장,36.4036598,126.7125039,24시간,1899-2100,2021-11-12
5045,내포신도시 주차장-3,충청남도 예산군 삽교읍 목리 1941,목리 1783 주차장-3 모퉁이,36.6706538,126.6863137,24시간,1899-2100,2021-11-12
5046,독립기념관 충전소,충청남도 천안시 동남구 목천읍 남화리 230-1,옥외주차장,36.7799524,127.2324584,24시간,1899-2100,2021-11-15
5047,남포면사무소 공용전기차 충전시설,충청남도 보령시 남포면 옥서리 326-1,남포면사무소 정문 진입 후 좌측,36.30437002,126.6050293,24시간,1899-2100,2021-11-15
5048,수신면 행정복지센터,충청남도 천안시 동남구 수신면 속창리 126-2,옥외주차장,36.73082639,127.2812189,24시간,1899-2100,2021-11-15
5049,대전정수원,대전광역시 서구 정림동 258-13,대전정수원 주차장,36.314975,127.3601092,24시간,1899-2100,2021-11-15
5050,금암동 공영주차장,충청남도 계룡시 금암동 155-1,금암동 공영주차장,36.27329478,127.2542564,24시간,1899-2100,2021-11-15
5051,금암동 주민센터,충청남도 계룡시 금암동 180-1,금암동 주민센터 주차장,36.27274634,127.2462801,24시간,1899-2100,2021-11-15
5052,계룡역 공영주차장,충청남도 계룡시 두마면 두계리 134-1,계룡역 공영주차장,36.2721138,127.2622568,24시간,1899-2100,2021-11-15
5053,가장동 공영주차장,대전광역시 서구 가장동 27-1,가장동 공영주차장,36.33018718,127.3888744,24시간,1899-2100,2021-11-15
5054,서천 치유의숲,충청남도 서천군 종천면 종천리 13-4,치유의 숲 주차장,36.11227209,126.6557359,24시간,1899-2100,2021-11-15
5055,서천 어메니티복지마을,충청남도 서천군 종천면 종천리 34,어메니티복지마을 주차장,36.11228673,126.6557358,24시간,1899-2100,2021-11-15
5056,서천국민체육센터,충청남도 서천군 마서면 남전리 762,서천국민체육센터 주차장,36.05826477,126.6645827,24시간,1899-2100,2021-11-15
5057,서울역(한화역사),서울특별시 중구 봉래동2가 122,롯데마트 입구 앞,37.55465586,126.9715231,24시간,1899-2100,2021-11-15
5058,묵정공원 공영주차장,서울특별시 중구 충무로5가 21,공영주차장 지하2층,37.56391591,127.0002858,24시간,1899-2100,2021-11-15
5059,약수동공영주차장,서울특별시 중구 신당동 349-234,지하3층,37.55215717,127.0131473,24시간,1899-2100,2021-11-15
5060,서울대학교병원 장례식장주차장,서울특별시 종로구 연건동 28-2,옥외주차장 지하2층하,37.58004369,126.9969348,24시간,1899-2100,2021-11-15
5061,화정3동주민센터 공영주차장,광주광역시 서구 화정동 818-8,화정3동주민센터 공영주차장,35.1435978,126.8769072,24시간,1899-2100,2021-11-15
5062,서울대학교병원 대한외래병동주차장,서울특별시 종로구 연건동 28-21,대한외래 주차장 지하5층,37.57879132,126.9975632,24시간,1899-2100,2021-11-15
5063,서울대학교병원 암병동 주차장,서울특별시 종로구 연건동 28-21,암병원 주차장 지하5층,37.57878907,126.9976056,24시간,1899-2100,2021-11-15
5064,연세세브란스 에비슨의생명 연구센터,서울특별시 서대문구 신촌동 134,지하2층,37.56401897,126.9423457,24시간,1899-2100,2021-11-15
5065,덕흥동 공영주차장,광주광역시 서구 덕흥동 570,덕흥동 공영주차장,35.1656122,126.8376222,24시간,1899-2100,2021-11-15
5066,남사 현대글로비스(전용),경기도 용인시 처인구 남사읍 북리 54-10,현대 리바트 내 물류창고 도크,37.14086371,127.1598769,24시간,1899-2100,2021-11-15
5067,빛나는 청춘 발산 공영주차장,광주광역시 서구 양동 438-79,빛나는 청춘 발산 공영주차장,35.16032856,126.8913063,24시간,1899-2100,2021-11-15
5068,무주장례식장 충전소,전북특별자치도 무주군 무주읍 당산리 623,무주장례식장,36.006445,127.672074,24시간,1899-2100,2021-11-15
5069,무주의료원 충전소,전북특별자치도 무주군 무주읍 당산리 701,무주의료원,36.00508901,127.671689,24시간,1899-2100,2021-11-15
5071,전민평생학습센터,"대전광역시 유성구 엑스포로 438 (문지동, 전민평생학습센터)",센터 건물 지상주차장,36.39510977,127.4052523,24시간,1899-2100,2021-11-17
5072,카이스트 문지캠퍼스,대전광역시 유성구 문지동 103-6,학부동 뒤편 지상주차장,36.39350047,127.4004538,24시간,1899-2100,2021-11-17
5073,법동생활체육공영주차장,대전광역시 대덕구 법동 439-1,법동생활체육공영주차장,36.37438701,127.4282876,24시간,1899-2100,2021-11-17
5074,남문공용주차장II,충청남도 태안군 태안읍 남문리 156-3,옥외주차장,36.75208143,126.2967198,24시간,1899-2100,2021-11-17
5075,한국수자원공사,"대전광역시 대덕구 신탄진로 200 (연축동, 한국수자원공사)",수자원공사 외부인 주차장,36.39757112,127.4234265,24시간,1899-2100,2021-11-17
5076,태안보건의료원,충청남도 태안군 태안읍 평천리 698-6,,36.75217848,126.322769,24시간,1899-2100,2021-11-17
5077,태안화력주차장,충청남도 태안군 원북면 방갈리 831,,36.9035149,126.2310583,24시간,1899-2100,2021-11-17
5078,원산도공영주차장,충청남도 보령시 오천면 원산도리 746-8,,36.36924393,126.426684,24시간,1899-2100,2021-11-17
5080,계양구청 문화회관,인천광역시 계양구 계산동 724,장미공원 입구 쪽 지상주차장,37.54664494,126.7180026,24시간,1899-2100,2021-11-17
5081,계산택지1 공영주차장,인천광역시 계양구 계산동 1060,계산택지1 공영주차장,37.54104892,126.7371717,24시간,1899-2100,2021-11-17
5082,중소벤처기업진흥공단,경상남도 진주시 충무공동 16-4,지상주차장,35.17937933,128.1389355,24시간,1899-2100,2021-11-17
5083,한국국토정보공사,경상남도 사천시 용현면 덕곡리 707,국토정보공사 주차장옆,35.00203,128.06497,24시간,1899-2100,2021-11-17
5084,구미세무서,경상북도 구미시 공단동 174,주차장 태양광충전소 인버터측 3면,36.11190616,128.3850662,24시간,1899-2100,2021-11-17
5085,경상북도청,경상북도 안동시 풍천면 갈전리 1155,주차장3,36.57576705,128.5088162,24시간,1899-2100,2021-11-17
5086,산청군청,경상남도 산청군 산청읍 옥산리 465-3,제2주차장,35.41488829,127.8733414,24시간,1899-2100,2021-11-18
5087,새마을금고역사관,경상남도 산청군 산청읍 지리 590,하단의 지상주차장,35.41993398,127.8819207,24시간,1899-2100,2021-11-18
5088,금서면보건지소,경상남도 산청군 금서면 주상리 248-7,주차장입구 왼쪽,35.46178648,127.7933996,24시간,1899-2100,2021-11-18
5089,신안면사무소,경상남도 산청군 신안면 하정리 606-8,신안보건지소 주차장,35.30410891,127.9738116,24시간,1899-2100,2021-11-18
5090,밀양구치소,경상남도 밀양시 부북면 용지리 26,밀양구치소 고객주차장,35.51277062,128.7414509,24시간,1899-2100,2021-11-18
5091,생초시장,경상남도 산청군 생초면 어서리 259,생초초등학교 맞은편 공터,35.4942133,127.8359824,24시간,1899-2100,2021-11-18
5092,홍화원휴게소,경상남도 산청군 신안면 외송리 621-10,주차장 오른쪽,35.34943342,127.9351897,24시간,1899-2100,2021-11-18
5093,산청함양사건추모공원,경상남도 산청군 금서면 방곡리 722-6,주차장,35.42693503,127.7807441,24시간,1899-2100,2021-11-18
5094,모현동 행정복지센터,전북특별자치도 익산시 모현동1가 475-5,주차장,35.94825348,126.9453984,24시간,1899-2100,2021-11-18
5095,마동도서관,전북특별자치도 익산시 마동 57-4,주차장,35.93967,126.969324,24시간,1899-2100,2021-11-18
5096,익산교육지원청,전북특별자치도 익산시 마동 291,주차장,35.93800493,126.9604058,24시간,1899-2100,2021-11-18
5097,춘포면사무소,전북특별자치도 익산시 춘포면 춘포리 33-4,주차장,35.90117655,127.005305,24시간,1899-2100,2021-11-18
5098,통영시청2청사,경상남도 통영시 무전동 376-1,통영시청2청사 주차장,34.85589043,128.4309372,24시간,1899-2100,2021-11-18
5099,국민건강보험공단,경상남도 진주시 충무공동 19-2,지상주차장,35.17825216,128.1356348,24시간,1899-2100,2021-11-18
5100,중앙관세분석소,경상남도 진주시 충무공동 16-1,지상주차장,35.18024103,128.1354731,24시간,1899-2100,2021-11-18
5101,진주교도소,경상남도 진주시 대곡면 광석리 700,입구 방문객 주차장,35.28154372,128.1618086,24시간,1899-2100,2021-11-18
5102,한국도로공사 진주지사,경상남도 진주시 호탄동 530,지상주차장,35.16419588,128.1199611,24시간,1899-2100,2021-11-18
5103,한빛장례식장,경상남도 진주시 상평동 164-2,한빛장례식장 옆 주차건물 1층,35.17122115,128.1190256,24시간,1899-2100,2021-11-18
5104,용전주유소,경상남도 밀양시 산내면 용전리 37-1,주유소 입구쪽,35.56174401,128.8610301,24시간,1899-2100,2021-11-19
5105,웅동2동 민원센터,경상남도 창원시 진해구 용원동 1339-1,웅동2동 민원센터 주차장,35.10107,128.8145,24시간,1899-2100,2021-11-19
5106,남해읍 하수처리장,경상남도 남해군 남해읍 남변리 138,지상주차장,34.83729229,127.9056428,24시간,1899-2100,2021-11-19
5107,한들생태환경주차장(A),경상남도 함양군 함양읍 용평리 634-4,경상남도 함양군 함양읍 용평리 634,35.52088225,127.733438,24시간,1899-2100,2021-11-19
5108,한들생태환경주차장(B),경상남도 함양군 함양읍 용평리 656,한들생태환경주차장,35.51770251,127.7320311,24시간,1899-2100,2021-11-19
5109,대봉캠핑랜드주차장,경상남도 함양군 병곡면 원산리 산 1-4,대봉캠핑랜드주차장,35.58708029,127.6793568,24시간,1899-2100,2021-11-19
5110,연암체육관,경상남도 함양군 안의면 석천리 121-1,연암체육관주차장,35.62859936,127.8175697,24시간,1899-2100,2021-11-19
5111,서상시장,경상남도 함양군 서상면 도천리 1074-1,서상시장주차장,35.67980064,127.6880647,24시간,1899-2100,2021-11-19
5112,마천버스정류장주차장,경상남도 함양군 마천면 가흥리 303-3,마천버스정류장주차장,35.39742224,127.6671866,24시간,1899-2100,2021-11-19
5113,전북은행 본점,전북특별자치도 전주시 덕진구 금암동 669-2,야외주차장,35.840118,127.131503,24시간,1899-2100,2021-11-19
5114,한국전자기술연구원,전북특별자치도 전주시 덕진구 팔복동2가 820,야외주차장,35.8583926,127.0822722,24시간,1899-2100,2021-11-19
5115,남해읍 공영주차장,경상남도 남해군 남해읍 북변리 264-4,공영주차장,34.84048761,127.8980495,24시간,1899-2100,2021-11-19
5116,파독전시관 주차장,경상남도 남해군 삼동면 봉화리 2572,지상주차장,34.80080363,128.0378579,24시간,1899-2100,2021-11-19
5117,캠틱종합기술원,전북특별자치도 전주시 덕진구 팔복동2가 750-1,지하 1층,35.86221622,127.0809121,24시간,1899-2100,2021-11-19
5118,전주시온성교회,전북특별자치도 전주시 덕진구 진북동 301-26,야외주차장,35.8285488,127.1397131,24시간,1899-2100,2021-11-19
5119,송천동원예농협,전북특별자치도 전주시 덕진구 송천동2가 506-1,공판장 후정 주차장,35.8666191,127.1176803,24시간,1899-2100,2021-11-19
5120,전북바이오융합산업진흥원,전북특별자치도 전주시 덕진구 장동 452-69,야외주차장,35.85158012,127.060606,24시간,1899-2100,2021-11-19
5121,전기공사협회,전북특별자치도 전주시 덕진구 호성동1가 591-3,야외주차장,35.8622958,127.1526557,24시간,1899-2100,2021-11-19
5123,춘장대 해수욕장,충청남도 서천군 서면 도둔리 1-3,춘장대 공영 주차장,36.16311595,126.5272717,24시간,1899-2100,2021-11-19
5124,옥동공영주차장,경상북도 안동시 옥동 792-2,주자창1층,36.56147459,128.7013243,24시간,1899-2100,2021-11-22
5125,안동그랜드호텔,경상북도 안동시 성곡동 1569,건물뒤쪽 주차장,36.56741002,128.7805968,24시간,1899-2100,2021-11-22
5126,서면 스포츠파크 공영주차장,경상남도 남해군 서면 서상리 1182-4,지상주차장,34.80740588,127.8336422,24시간,1899-2100,2021-11-22
5127,케이프타운상가,경상남도 창원시 성산구 반지동 78,케이프타운지하주차장,35.2397,128.66287,24시간,1899-2100,2021-11-22
5128,봉암사,경상북도 문경시 가은읍 원북리 349-8,최치원유적지 실외주차장,36.69297922,128.0181451,24시간,1899-2100,2021-11-22
5129,산북면행정복지센터,경상북도 문경시 산북면 대상리 9-3,금산문화센터 실외 주차장,36.65664532,128.2602168,24시간,1899-2100,2021-11-22
5130,농암면행정복지센터,경상북도 문경시 농암면 농암리 219,주차장,36.60099139,128.0029417,24시간,1899-2100,2021-11-22
5131,영강체육공원,경상북도 문경시 흥덕동 77-2,입구 앞 실외주차장,36.60239683,128.2123758,24시간,1899-2100,2021-11-22
5132,호계면행정복지센터,경상북도 문경시 호계면 막곡리 166-1,호계보건지소 실외 주차장,36.63080151,128.2067974,24시간,1899-2100,2021-11-22
5133,신기복지회관,경상북도 문경시 신기동 81-1,주차장,36.63768049,128.1693815,24시간,1899-2100,2021-11-22
5134,동로면행정복지센터,경상북도 문경시 동로면 적성리 533,주차장,36.77327536,128.3149676,24시간,1899-2100,2021-11-22
5135,대동백화점,경상남도 창원시 성산구 상남동 44-1,대동백화점 지하주차장,35.22034,128.69089,24시간,1899-2100,2021-11-22
5136,성주동170공영주차장,경상남도 창원시 성산구 성주동 169,성주동170 공영주차장,35.192906,128.721782,24시간,1899-2100,2021-11-22
5137,주왕산면 복지회관,경상북도 청송군 주왕산면 주산지리 950,복지회관 앞,36.35754,129.16173,24시간,1899-2100,2021-11-22
5138,금오산도립공원 대주차장,경상북도 구미시 남통동 161-16,금오산도립공원 대주차장,36.12047,128.32268,24시간,1899-2100,2021-11-23
5139,도로교통공단 경북지부,경상북도 구미시 인의동 998-1,도로교통공단 경북지부,36.09623,128.43202,24시간,1899-2100,2021-11-23
5140,경상북도 교통문화연수원,경상북도 구미시 구평동 693-2,경상북도 교통문화연수원,36.08553,128.42845,24시간,1899-2100,2021-11-23
5141,금오공과대학교,경상북도 구미시 양호동 1,공동실험실습관,36.14545066,128.3885374,24시간,1899-2100,2021-11-23
5142,금오공과대학교(글로벌관),경상북도 구미시 거의동 468,글로벌관 주차장,36.14720186,128.3920114,24시간,1899-2100,2021-11-23
5143,옥성면 행정복지센터,경상북도 구미시 옥성면 주아리 965-19,입구좌측면 지상변압기 옆2면,36.29544236,128.2784927,24시간,1899-2100,2021-11-23
5144,선산보건소,경상북도 구미시 선산읍 동부리 544-1,치매안심센터 좌측 1면,36.24424341,128.2999548,24시간,1899-2100,2021-11-23
5145,경북북부제1교도소,경상북도 청송군 진보면 광덕리 42,교정아파트 주차장,36.54872,129.05208,24시간,1899-2100,2021-11-23
5146,구미경찰서,경상북도 구미시 신평동 188-2,민원동 우측 2면,36.11779253,128.3650752,24시간,1899-2100,2021-11-23
5147,청송군 산림조합,경상북도 청송군 청송읍 금곡리 853-3,산림조합 주차장 내,36.42913,129.05429,24시간,1899-2100,2021-11-23
5148,선주원남동행정복지센터,경상북도 구미시 봉곡동 541-1,봉곡로4길 화진전자 건물 측1면,36.14249393,128.3103085,24시간,1899-2100,2021-11-23
5149,금오산도립공원 야영주차장,경상북도 구미시 남통동 299,남통동 344-1 금오산도립공원 야영,36.11162602,128.3158912,24시간,1899-2100,2021-11-23
5150,공덕면 행정복지센터,전북특별자치도 김제시 공덕면 마현리 743-2,센터 앞 주차장,35.89156144,126.913271,24시간,1899-2100,2021-11-23
5151,김제시 농업기술센터,전북특별자치도 김제시 교동 136,농업기술센터 주차장,35.79353573,126.8766208,24시간,1899-2100,2021-11-23
5152,정천면행정복지센터,전북특별자치도 진안군 정천면 봉학리 547,주차장,35.87296342,127.4288928,24시간,1899-2100,2021-11-23
5153,동진강낙농축협,전북특별자치도 김제시 금구면 옥성리 761,낙농축협 주차장,35.78428213,127.0037994,24시간,1899-2100,2021-11-23
5154,진안교육지원청,전북특별자치도 진안군 진안읍 군상리 222-1,주차장,35.7945,127.4363,24시간,1899-2100,2021-11-23
5155,경남도립거창대학,경상남도 거창군 거창읍 대평리 1396,열정관 앞 주차장,35.67518927,127.9114667,24시간,1899-2100,2021-11-24
5156,해양환경공단마산지사,경상남도 창원시 마산합포구 월영동 730,주창장 입구 우측,35.17660394,128.5688541,09~18시,1899-2100,2021-11-24
5157,경화로8번길 공영주차장,경상남도 창원시 진해구 경화동 185,경화동 행정복지센터 공영주차장,35.1542132,128.6866137,24시간,1899-2100,2021-11-25
5159,황새울국민체육센터,경기도 성남시 분당구 수내동 43,B1,37.38283846,127.1168682,24시간,1899-2100,2021-11-25
5160,경기상상캠퍼스,경기도 수원시 권선구 서둔동 103-25,실외주차장,37.26665728,126.9832948,24시간,1899-2100,2021-11-25
5161,계산택지3 공영주차장,인천광역시 계양구 계산동 1076-4,계산택지3 공영주차장,37.53529844,126.7362245,24시간,1899-2100,2021-11-29
5162,청천천공영주차장,인천광역시 부평구 청천동 113,청천천공영주차장,37.51672925,126.7150668,24시간,1899-2100,2021-11-29
5163,삼산동 해돋이 공영주차장,인천광역시 부평구 삼산동 428-2,1층 입구 우측,37.51689554,126.7332239,24시간,1899-2100,2021-11-29
5164,양천구청 지하주차장,서울특별시 양천구 신정동 321-4,지하 1층,37.517105,126.866302,24시간,1899-2100,2021-11-30
5166,수원구치소,경기도 수원시 팔달구 우만동 182,고객주차장,37.28315789,127.035704,24시간,1899-2100,2021-12-01
5167,SK렌터카 본사,서울특별시 종로구 관철동 7-3,주차타워 5층,37.56947437,126.987209,24시간,1899-2100,2021-12-02
5169,경기도교육연구원,경기도 수원시 장안구 조원동 536-2,뒷편 주차장,37.29577885,127.0169429,24시간,1899-2100,2021-12-02
5170,국립암센터,경기도 고양시 일산동구 마두동 809,지하1층,37.66332,126.78373,24시간,1899-2100,2021-12-02
5171,파주시 농업기술센터(농산물가공센터측),경기도 파주시 월롱면 영태리 379,농산물가공센터측 지상주차장,37.7656,126.79586,24시간,1899-2100,2021-12-02
5172,서울대공원,경기도 과천시 막계동 159-1,서울대공원 소형차 주차장,37.43397714,127.0059913,24시간,1899-2100,2021-12-02
5173,과천시민회관,경기도 과천시 중앙동 6-2,지상주차장,37.42878242,126.9889814,24시간,1899-2100,2021-12-02
5174,전통건축수리기술진흥재단,경기도 파주시 탄현면 법흥리 1631-2,전통건축수리기술진흥재단 옥외 주착장,37.78416061,126.6927212,09:00~18:00,1899-2100,2021-12-02
5175,관문체육공원,경기도 과천시 관문동 3,관문체육공원 지상주차장,37.4406921,126.9984858,24시간,1899-2100,2021-12-02
5176,문원체육공원,경기도 과천시 문원동 20,문원체육공원 지상주차장,37.42744486,127.0039261,24시간,1899-2100,2021-12-02
5177,한전 서초지사,서울특별시 서초구 서초동 1355,한전 서초지사 지상주차장,37.48533185,127.0272549,24시간,1899-2100,2021-12-02
5178,한국연구재단,서울특별시 서초구 염곡동 304-3,한국연구재단 지상주차장,37.46499775,127.0457095,24시간,1899-2100,2021-12-02
5179,과천동주민센터,경기도 과천시 과천동 538-1,과천동 주민센터 지상주차장,37.44837993,126.99544,24시간,1899-2100,2021-12-02
5180,율곡연수원,경기도 파주시 법원읍 동문리 17-4,율곡연수원 실외 주차장,37.8654225,126.8680459,24시간,1899-2100,2021-12-02
5181,용마골삼거리주차장,경기도 과천시 과천동 549-12,과천3통회관 옆 지상주차장,37.44721304,126.9937279,24시간,1899-2100,2021-12-02
5182,양재하이브랜드,서울특별시 서초구 양재동 215,양재하이브랜드 지하3층 주차장,37.46336708,127.0370159,24시간,1899-2100,2021-12-02
5183,창리 제1공영주차장,인천광역시 강화군 선원면 창리 663-1,실주소 선원면 창리 665-2,37.72276,126.4788,24시간,1899-2100,2021-12-02
5184,갑곳 제1공영주차장,인천광역시 강화군 강화읍 갑곳리 644,갑곳리 644-3,37.73855253,126.5077042,24시간,1899-2100,2021-12-02
5185,신문 제1공영주차장,인천광역시 강화군 강화읍 신문리 589-1,신문리 590-1,37.74674,126.47977,24시간,1899-2100,2021-12-02
5186,화개산 공영주차장,인천광역시 강화군 교동면 고구리 1474-5,고구리 1474-2,37.78381,126.28827,24시간,1899-2100,2021-12-02
5187,송해면사무소,인천광역시 강화군 송해면 솔정리 357-2,송해면사무소 진입 후 안쪽 좌측,37.76433,126.46424,24시간,1899-2100,2021-12-02
5188,국민건강보험공단 평택지사,경기도 평택시 고덕동 1884-2,주차장,37.05594,127.04868,24시간,1899-2100,2021-12-03
5189,서삼면 축령산 공용주차장,전라남도 장성군 서삼면 추암리 667,전남 장성군 서삼면 추암리 670-1,35.35919,126.72808,24시간,1899-2100,2021-12-03
5190,진원면 행정복지센터,전라남도 장성군 진원면 선적리 128,전라남도 장성군 진원면 노사로 495,35.2731362,126.8332673,24시간,1899-2100,2021-12-03
5191,한국농어촌공사 장성지사,전라남도 장성군 장성읍 영천리 1458-1,전라남도 장성군 장성읍 영천리 145,35.29326,126.77438,24시간,1899-2100,2021-12-03
5192,장성 공설운동장 주차장,전라남도 장성군 장성읍 기산리 133,전라남도 장성군 장성읍 기산리 133,35.30084,126.77123,24시간,1899-2100,2021-12-03
5193,서구청 검단출장소,인천광역시 서구 마전동 987-7,지상주차장,37.6020407,126.6614441,24시간,1899-2100,2021-12-03
5194,영암교육지원청,전라남도 영암군 영암읍 망호리 753,영암교육지원청 주차장,34.80185,126.6864,24시간,1899-2100,2021-12-07
5195,부천시보건소,경기도 부천시 중동 1119,지하주차장,37.49422082,126.7809426,24시간,1899-2100,2021-12-08
5196,백제상운(주),인천광역시 서구 가좌동 493-3,지상 주차장,37.4771432,126.6881102,24시간,1899-2100,2021-12-08
5197,모현다목적복지회관,경기도 용인시 처인구 모현읍 일산리 554-13,주차장,37.34232781,127.2311031,24시간,1899-2100,2021-12-09
5199,개인택시운송조합,인천광역시 서구 가좌동 287-6,지상주차장,37.48579328,126.6805664,24시간,1899-2100,2021-12-10
5200,부광교통(자),인천광역시 서구 석남동 519-1,지상주차장,37.50698098,126.6697163,07:00~18:00,1899-2100,2021-12-10
5202,거붕백병원,경상남도 거제시 상동동 943-5,거붕백병원 지하주차장,34.87353301,128.626317,24시간,1899-2100,2021-12-13
5203,거제시체육관,경상남도 거제시 고현동 910,거제시체육관 옥외주차장,34.88209707,128.617113,24시간,1899-2100,2021-12-13
5204,거제문화예술회관,경상남도 거제시 장승포동 426-33,거제문화예술회관 옥외주차장,34.86710409,128.7232768,24시간,1899-2100,2021-12-13
5205,거제씨월드,경상남도 거제시 일운면 소동리 478-1,거제씨월드 옥외주차장,34.83592032,128.7015551,24시간,1899-2100,2021-12-13
5206,산림자원연구소,전라남도 나주시 산포면 산제리 23-7,공용화장실 옆,35.00576695,126.8257901,24시간,1899-2100,2021-12-15
5207,덕례4리 마을회관,전라남도 나주시 산포면 덕례리 719-16,마을회관 앞,35.004459,126.793759,24시간,1899-2100,2021-12-15
5209,정자마을회관,전라남도 나주시 산포면 등정리 869-16,마을회관 앞,35.04705133,126.8153078,24시간,1899-2100,2021-12-16
5210,기능마을회관,전라남도 나주시 운곡동 210-3,마을회관 우측,34.99238554,126.6815314,24시간,1899-2100,2021-12-16
5211,남외동 공영주차장,전라남도 나주시 남외동 60-1,남외동 공영주차장,35.02837742,126.7207193,24시간,1899-2100,2021-12-16
5212,동강 농협 공영주차장,전라남도 나주시 동강면 인동리 349-9,월양리 공영주차장,34.93662127,126.5644755,24시간,1899-2100,2021-12-16
5213,에너지 신기술 연구소,전라남도 나주시 동수동 392-1,에너지 신기술 연구소 주차장,34.97779708,126.6902877,24시간,1899-2100,2021-12-16
5214,통영시종합사회복지관,경상남도 통영시 무전동 464-1,옥외 주차장 (무전동399-1번지),34.85931564,128.4324857,24시간,1899-2100,2021-12-16
5215,통영시사량면사무소,경상남도 통영시 사량면 금평리 123-1,옥외 주차장 (금평리 114-9번지),34.84538458,128.2198159,24시간,1899-2100,2021-12-16
5216,통영시욕지면사무소,경상남도 통영시 욕지면 동항리 788,옥외 주차장 (동항리787-11번지),34.63641355,128.2633752,24시간,1899-2100,2021-12-16
5217,송도현대모터스,인천광역시 미추홀구 학익동 587-122,입구 우측,37.43714746,126.6470446,24시간,1899-2100,2021-12-16
5218,인천세관,인천광역시 중구 항동7가 1-18,입구에서 직진 중 좌측 벽면,37.4577875,126.6288056,24시간,1899-2100,2021-12-16
5219,올림픽기념국민생활관,대전광역시 서구 갈마동 820-1,올림픽기념국민생활관 주차장,36.35464957,127.3734872,24시간,1899-2100,2021-12-21
5220,대전도시철도공사,대전광역시 서구 월평동 160-20,대전도시철도공사 주차장,36.34859464,127.3527358,24시간,1899-2100,2021-12-21
5221,조치원소방서,세종특별자치시 조치원읍 침산리 40-2,조치원소방서 후문,36.6048129,127.2885538,24시간,1899-2100,2021-12-21
5222,전의면119안전센터,세종특별자치시 전의면 서정리 148,전의면119안전센터 진입로,36.6864176,127.192454,24시간,1899-2100,2021-12-21
5223,조치원제2복합커뮤니티센터,세종특별자치시 조치원읍 신흥리 227-1,조치원제2복합커뮤니티센터(예정),36.59516257,127.2883041,24시간,1899-2100,2021-12-21
5224,한국가스기술공사 본사,대전광역시 유성구 봉산동 839,한국가스기술공사 본사 주차장,36.4354855,127.3896312,24시간,1899-2100,2021-12-21
5225,대전복용승마장,대전광역시 유성구 덕명동 산 10-2,공영주차장,36.35046321,127.305774,24시간,1899-2100,2021-12-21
5226,대전지방기상청,"대전광역시 유성구 대학로 383 (구성동, 대전지방기상청)",대전지방기상청 테니스코트 옆 주차장,36.37213281,127.3714548,24시간,1899-2100,2021-12-21
5227,한국수자원공사 대청공원,대전광역시 대덕구 미호동 57-4,대청공원 주차장,36.4723782,127.475036,24시간,1899-2100,2021-12-21
5228,한국수자원공사 인재개발원,대전광역시 유성구 전민동 462-1,한국수자원공사 인재개발원 주차장,36.40563486,127.3973652,24시간,1899-2100,2021-12-21
5229,홍천 국민건강보험공단,강원특별자치도 홍천군 홍천읍 태학리 310,주차장,37.70649037,127.9073078,24시간,1899-2100,2021-12-21
5230,강원테크노파크,강원특별자치도 강릉시 대전동 898-2,강원테크노파크 후문주차장,37.8039414,128.85705,24시간,1899-2100,2021-12-21
5232,묵계농공단지,강원특별자치도 횡성군 횡성읍 묵계리 43-3,주차장,37.47151268,127.9800316,24시간,1899-2100,2021-12-21
5233,인후신협,전북특별자치도 전주시 덕진구 송천동2가 54-70,야외주차장,35.8697524,127.1364657,24시간,1899-2100,2021-12-21
5234,안동시평생학습원,경상북도 안동시 당북동 393-15,건물 밑 주차장,36.5603306,128.7199794,24시간,1899-2100,2021-12-22
5235,임하면행정복지센터,"경상북도 안동시 임하면 충효로 3254 (신덕리, 임하면행정복지센터)",우측 주차장 구조물 밑,36.52453001,128.8311841,24시간,1899-2100,2021-12-22
5236,예안면행정복지센터,"경상북도 안동시 예안면 임예로 1918 (정산리, 예안면행정복지센터)",주차장 좌측,36.66135144,128.884827,24시간,1899-2100,2021-12-22
5237,북후면행정복지센터,경상북도 안동시 북후면 옹천리 557-2,행정복지센터 맞은편 주차장 안쪽,36.68505088,128.703313,24시간,1899-2100,2021-12-22
5238,서울영등포우체국,서울특별시 영등포구 당산동4가 93-6,지하 3층,37.52962615,126.8949566,"평일9시~18시 / 주말,공휴일 불가",1899-2100,2021-12-22
5239,구호동 자유무역지역관리원,강원특별자치도 동해시 구호동 247,주차장,37.48084188,129.153095,24시간,1899-2100,2021-12-22
5240,부곡동 행정복지센터,강원특별자치도 동해시 부곡동 134-1,주차장,37.53597216,129.106472,24시간,1899-2100,2021-12-22
5241,지흥동 동해전력지사,강원특별자치도 동해시 지흥동 263,주차장,37.51035721,129.0998008,24시간,1899-2100,2021-12-22
5242,금나래체육문화센타,서울특별시 금천구 독산동 1148,지하1층,37.45898889,126.8961726,24시간,1899-2100,2021-12-22
5243,국민건강보험공단 울진출장소,경상북도 울진군 울진읍 읍내리 230-4,주차장,36.9856,129.3954,24시간,1899-2100,2021-12-22
5244,경북도립대학교,경상북도 예천군 예천읍 청복리 927,본관 앞 제2강의관 주차장,36.64071384,128.4565977,24시간,1899-2100,2021-12-23
5245,한국농어촌공사,경상북도 예천군 예천읍 우계리 391,한국농어촌공사 예천지사 주차장,36.67167059,128.4640322,24시간,1899-2100,2021-12-23
5246,예천군 곤충연구소,경상북도 예천군 효자면 고항리 577,곤충연구소 주차장,36.82582414,128.4594719,24시간,1899-2100,2021-12-23
5247,은풍면행정복지센터,경상북도 예천군 은풍면 우곡리 140-1,은풍면행정복지센터 주차장,36.74480743,128.4430731,24시간,1899-2100,2021-12-23
5248,정부경북지방합동청사 관리본부,경상북도 예천군 호명면 금능리 743,정부경북지방합동청사 관리본부 주차장,36.57766166,128.4665758,24시간,1899-2100,2021-12-23
5249,예천양수발전소,경상북도 예천군 은풍면 송월리 471,한국수력원자력 발전소 홍보관 주차장,36.75219304,128.4272554,24시간,1899-2100,2021-12-23
5250,국민건강보험공단,경상북도 의성군 의성읍 후죽리 370-13,국민건강보험공단 야외주차장,36.3589051,128.6932886,24시간,1899-2100,2021-12-23
5251,북부길 공영주차장,경상북도 의성군 의성읍 후죽리 370-3,주차장,36.36024252,128.6930168,24시간,1899-2100,2021-12-23
5252,신평면사무소,경상북도 의성군 신평면 교안리 820,주차장,36.47365345,128.5026223,24시간,1899-2100,2021-12-23
5253,군산여객,전북특별자치도 군산시 옥구읍 선제리 664-3,군산여객 차고지 내,35.92030413,126.6784868,24시간,1899-2100,2021-12-24
5254,우성여객,전북특별자치도 군산시 옥구읍 옥정리 404,우성여객 차고지 내,35.93316348,126.6988165,24시간,1899-2100,2021-12-24
5255,영주동 공영주차장,경상북도 영주시 영주동 19-1,주차장,36.82831173,128.6260362,24시간,1899-2100,2021-12-27
5256,소백산국립공원 사무소,경상북도 영주시 봉현면 오현리 144,주차장,36.85877377,128.529219,24시간,1899-2100,2021-12-27
5257,소백산국립공원 삼가주차장,경상북도 영주시 풍기읍 삼가리 265,주차장,36.92299796,128.5036156,24시간,1899-2100,2021-12-27
5258,국민건강보험공단 영광함평지사,전라남도 영광군 영광읍 신하리 838-6,(실외완전노출)사옥 후문 주차장,35.27310072,126.4997731,평일 9~18시 / 주말개방안함,1899-2100,2021-12-28
5260,비슬산 유스호스텔,대구광역시 달성군 유가읍 용리 31-2,호텔아젤리아 지상 주차장,35.69216038,128.5059467,24시간,1899-2100,2021-12-30
5262,곤지암 전기버스 충전소,경기도 광주시 곤지암읍 삼리 612-52,주차장,37.3601866,127.3229111,24시간,1899-2100,2021-12-31
5263,"여의도KBS (본관,신관)",서울특별시 영등포구 여의도동 18,본관 및 신관 1층 주차장,37.52517219,126.9172304,24시간,1899-2100,2022-01-03
5264,공무원연금공단 서울지부(상록회관),서울특별시 강남구 역삼동 701,지하3층 주차장(B3-01),37.50409983,127.0429445,24시간,1899-2100,2022-01-03
5265,순천만가든마켓,전라남도 순천시 연향동 813-7,순천만가든마켓 주차장 입구 중앙,34.93087,127.51582,24시간,1899-2100,2022-01-04
5266,중구 청라국민체육센터 지상,"대구광역시 중구 대봉로 208-1 (대봉동, 중구청라국민체육센터)",지상주차장,35.85722,128.60267,24시간,1899-2100,2022-01-04
5267,중구 청라국민체육센터 지하,"대구광역시 중구 대봉로 208-1 (대봉동, 중구청라국민체육센터)",지하주차장,35.85705,128.60313,24시간,1899-2100,2022-01-04
5268,철도운동장,전라남도 순천시 조곡동 82-170,철도운동장 주차장,34.979755,127.499714,24시간,1899-2100,2022-01-04
5269,부읍성남문터 광장 주차장,전라남도 순천시 영동 8,부읍성남문터 광장 주차장 수전설비실,34.95394,127.48338,24시간,1899-2100,2022-01-04
5270,아랫장주차장,전라남도 순천시 풍덕동 1264,아랫장주차장 입구 왼편,34.94509,127.49541,24시간,1899-2100,2022-01-04
5271,대구경북건설지사,대구광역시 중구 동인동1가 30-1,입구주차장,35.8726,128.6012,24시간,1899-2100,2022-01-04
5272,중원어린이도서관,경기도 성남시 중원구 금광동 3487,B1,37.44763219,127.1631564,24시간,1899-2100,2022-01-06
5273,성남아트센터,경기도 성남시 분당구 야탑동 757,지상,37.3997606,127.1289676,24시간,1899-2100,2022-01-06
5274,중원청소년수련관,경기도 성남시 중원구 하대원동 240-4,B2,37.42992655,127.1549786,24시간,1899-2100,2022-01-06
5275,성남동제2공영주차장,경기도 성남시 중원구 성남동 2874,B2,37.43243803,127.1428958,24시간,1899-2100,2022-01-06
5276,시흥동 행정복지센터,경기도 성남시 수정구 시흥동 17-8,지상,37.42184317,127.1078854,24시간,1899-2100,2022-01-06
5277,원창119 안전센터 및 화학대응센터,인천광역시 서구 원창동 381-123,지상주차장,37.51055446,126.6446419,24시간,1899-2100,2022-01-06
5278,백석천 지하1 공영주차장,경기도 의정부시 의정부동 489,백석천 지하1 공영주차장,37.73761767,127.0361027,24시간,1899-2100,2022-01-07
5279,가능동제3공영주차장,경기도 의정부시 가능동 678,가능동제3공영주차장 내부 정자 건너편,37.74685793,127.033289,24시간,1899-2100,2022-01-07
5280,백석천 지하2 공영주차장,경기도 의정부시 의정부동 488,백석천 지하2 공영주차장,37.7385615,127.0358677,24시간,1899-2100,2022-01-07
5281,영석고등학교,경기도 의정부시 용현동 산 33-1,영석고등학교 다목적체육관 주차장,37.73698004,127.0746747,24시간,1899-2100,2022-01-07
5282,감동보금자리요양원,경기도 양주시 백석읍 가업리 14-73,감동보금자리요양원 입구 주차장,37.79222486,126.9821497,24시간,1899-2100,2022-01-07
5284,영등포구민회관,서울특별시 영등포구 당산동3가 3,지하 1층,37.52614259,126.9000284,24시간,1899-2100,2022-01-10
5285,능평도서관,경기도 광주시 오포읍 능평리 318-1,주차장,37.350377,127.166874,24시간,1899-2100,2022-01-11
5286,초월도서관,경기도 광주시 초월읍 대쌍령리 253-15,주차장,37.38751868,127.2913327,24시간,1899-2100,2022-01-11
5287,겸면농공단지,전라남도 곡성군 겸면 마전리 1228,겸면농공단지 주차장,35.2810764,127.1615436,24시간,1899-2100,2022-01-11
5288,농협경주교육원,경상북도 경주시 신평동 235-5,농협경주교육원 주차장 보문정 맞은편,35.842473,129.2894201,24시간,1899-2100,2022-01-12
5290,포항산업과학연구원 동편주차장,경상북도 포항시 남구 효자동 산 32,포항산업과학연구원 동편주차장,36.01081239,129.3244304,24시간,1899-2100,2022-01-12
5291,포항산업과학연구원 철제주차장,경상북도 포항시 남구 효자동 산 32,포항산업과학연구원 철제주차장,36.009437,129.322905,24시간,1899-2100,2022-01-12
5293,논현택지 5공영주차장,인천광역시 남동구 논현동 628-2,지상공영주차장,37.4025174,126.7236515,24시간,1899-2100,2022-01-13
5294,구월1동 행정복지센터,인천광역시 남동구 구월동 1484,지하주차장 1층,37.44757992,126.7125351,24시간,1899-2100,2022-01-13
5295,홈플러스 인천연수점,인천광역시 연수구 동춘동 926,지하주차장,37.40590623,126.6836104,24시간,1899-2100,2022-01-13
5296,sk셀프남동공단주유소,인천광역시 남동구 논현동 444,지상주차장,37.40735734,126.7002163,24시간,1899-2100,2022-01-13
5297,만부마을공영주차장,인천광역시 남동구 만수동 1,지하주차장,37.466888,126.7394945,24시간,1899-2100,2022-01-13
5298,연수보건소,인천광역시 연수구 청학동 465-4,지하주차장,37.41913168,126.6711546,"평일 9~18시(주말,휴일 이용불가)",1899-2100,2022-01-13
5299,동춘동 공영주차장,인천광역시 연수구 동춘동 935-1,지상주차장,37.40769296,126.6713929,24시간,1899-2100,2022-01-13
5300,논현택지 3공영주차장,인천광역시 남동구 논현동 628-1,지상주차장,37.40247909,126.7236431,24시간,1899-2100,2022-01-13
5301,통복공영주차장,경기도 평택시 통복동 81-8,주차장,36.99703109,127.0878406,24시간,1899-2100,2022-01-13
5302,해남군청 전기차충전소,전라남도 해남군 해남읍 성내리 4,해남군청 해남문화원 뒤쪽 공용주차장,34.5733608,126.59706,24시간,1899-2100,2022-01-14
5305,명덕호수공원 공영주차장,울산광역시 동구 전하동 290-52,"전하동 290-58, 명덕호수공원주차",35.51869779,129.4273085,24시간,1899-2100,2022-01-17
5306,차이나타운 공영주차장,부산광역시 동구 초량동 544-4,차이나타운 공영주차장,35.11526663,129.0376065,24시간,1899-2100,2022-01-17
5307,수정1동 공영주차장,부산광역시 동구 수정동 1043-60,옥상주차장,35.12486645,129.0389397,24시간,1899-2100,2022-01-17
5308,수정공원상로 제1노상주차장,부산광역시 동구 수정동 1178-47,수정공원상로 노상주차장,35.12838204,129.0379415,24시간,1899-2100,2022-01-17
5309,남부건설본부,부산광역시 서구 토성동1가 29,남부건설본부 주차장,35.09861108,129.0238692,24시간,1899-2100,2022-01-17
5310,축산물시장 공영주차장,인천광역시 서구 가좌동 481-2,3층 출입구 좌측,37.47822638,126.6874431,24시간,1899-2100,2022-01-17
5311,(고속도로)현풍휴게소 대구방면,대구광역시 달성군 현풍읍 성하리 716,현풍주유소 우측방향,35.70181894,128.4381535,24시간,1899-2100,2022-01-18
5312,(고속도로)현풍휴게소 창원방면,대구광역시 달성군 현풍읍 성하리 272,현풍휴게소(창원방면) 우측,35.70173319,128.4353347,24시간,1899-2100,2022-01-18
5313,양구인문학박물관,강원특별자치도 양구군 양구읍 동수리 100-1,박물관 정문 기준 우측 100m,38.12195522,127.9812864,24시간,1899-2100,2022-01-19
5314,국토정중앙천문대,강원특별자치도 양구군 국토정중앙면 도촌리 96-5,천문대 입구,38.06887825,128.0298989,24시간,1899-2100,2022-01-19
5315,순천만습지주차장,전라남도 순천시 대대동 162-2,순천만습지 주차장 출구방향,34.8870514,127.5087194,24시간,1899-2100,2022-01-19
5316,승마공원,경상남도 함안군 가야읍 신음리 827-1,주차장,35.25019395,128.3924496,24시간,1899-2100,2022-01-19
5317,무안국제공항,전라남도 무안군 망운면 피서리 1065,공용주차장,34.99471537,126.3888743,24시간,1899-2100,2022-01-20
5318,평창소방서,강원특별자치도 평창군 평창읍 후평리 737,평창소방서 구내 주차장,37.37806895,128.3894733,24시간,1899-2100,2022-01-20
5319,평창군어린이급식관리지원센터,강원특별자치도 평창군 평창읍 종부리 508-181,어린이급식지원센터 주차장,37.36100332,128.3884531,24시간,1899-2100,2022-01-20
5320,평창교육지원청,강원특별자치도 평창군 평창읍 중리 240,평창교육지원청 주차장,37.36905242,128.4007562,24시간,1899-2100,2022-01-20
5321,평창군농업기술센터,강원특별자치도 평창군 평창읍 여만리 357-6,평창군농업기술센터 주차장,37.37801067,128.3951876,24시간,1899-2100,2022-01-20
5322,평창군보건의료원,강원특별자치도 평창군 평창읍 하리 233,평창 보건의료원 주차장,37.36908418,128.3906226,24시간,1899-2100,2022-01-20
5323,대화면문화체육관,강원특별자치도 평창군 대화면 대화리 978-1,대화면문화체육관 주차장,37.49885443,128.4574749,24시간,1899-2100,2022-01-20
5324,더위사냥축제장,강원특별자치도 평창군 대화면 대화리 1150-3,대화 더위사냥축제장 주차장,37.50307215,128.4506025,24시간,1899-2100,2022-01-20
5325,한국농어촌공사 영광지사,전라남도 영광군 영광읍 신하리 329,청사 좌측주차장,35.27442722,126.4922879,24시간,1899-2100,2022-01-20
5326,국민건강보험공단,경상남도 거창군 거창읍 대동리 983-1,국민건강보험공단 거창지사 주차장,35.69356784,127.9206522,24시간,1899-2100,2022-01-20
5327,학다리고등학교,전라남도 함평군 함평읍 내교리 518,학다리고등학교 주차장,35.06079581,126.5149005,06~23시,1899-2100,2022-01-21
5328,함평교육지원청,전라남도 함평군 함평읍 기각리 373-34,함평교육지원청 주차장,35.06716254,126.5219258,24시간,1899-2100,2022-01-21
5329,소이면 행정복지센터,충청북도 음성군 소이면 대장리 145-3,지상주차장,36.92346762,127.7575278,24시간,1899-2100,2022-01-21
5330,월악산 선착장,충청북도 충주시 살미면 신당리 15,주차장,36.91345139,128.0677754,24시간,1899-2100,2022-01-21
5331,국립해양 문화재연구소,전라남도 목포시 용해동 8,주차장,34.7932551,126.4121038,24시간,1899-2100,2022-01-21
5332,목포생활환경관리센터,전라남도 목포시 대양동 산 94-5,주차장,34.83060892,126.4091048,24시간,1899-2100,2022-01-21
5333,국민건강보험공단,전라남도 목포시 석현동 1175-6,주차장,34.8166458,126.4257322,24시간,1899-2100,2022-01-21
5334,녹색에너지연구원,전라남도 목포시 석현동 1175-4,주차장,34.81507,126.426969,24시간,1899-2100,2022-01-21
5335,전남여성가족재단,전라남도 무안군 삼향읍 남악리 1442,주차장,34.8174459,126.4659421,24시간,1899-2100,2022-01-21
5336,석곡농공단지,전라남도 곡성군 석곡면 연반리 694-1,곡성군 석곡면 석곡농공단지 공용주차장,35.16106605,127.2504505,24시간,1899-2100,2022-01-21
5337,죽곡면사무소,전라남도 곡성군 죽곡면 태평리 394-13,곡성군 죽곡면사무소 주차장,35.151263,127.319397,24시간,1899-2100,2022-01-21
5338,곡성금호타이어 사원아파트,전라남도 곡성군 입면 송전리 1049-7,곡성금호타이어 사원아파트,35.30557052,127.1852586,24시간,1899-2100,2022-01-21
5339,하동군 보건소,경상남도 하동군 하동읍 읍내리 149-1,하동군 보건소 주차장,35.06627523,127.7517645,24시간,1899-2100,2022-01-21
5340,하동군 소방서,경상남도 하동군 금성면 궁항리 348-1,하동군 소방서 주차장,34.97759708,127.796074,24시간,1899-2100,2022-01-21
5341,국민건강보험공단(하동남해지사),경상남도 하동군 하동읍 광평리 290-11,국민건강보험공단 뒷편 주차장,35.06514686,127.7489409,24시간,1899-2100,2022-01-21
5342,하동군 편백 자연휴양림,경상남도 하동군 옥종면 위태리 산 281-3,옥종편백림 주차장 안쪽,35.18713132,127.8400288,24시간,1899-2100,2022-01-21
5343,하동군 녹차연구소,경상남도 하동군 화개면 부춘리 539,"녹차연구소 정문 앞 주차장,",35.16971604,127.6453027,24시간,1899-2100,2022-01-21
5344,(고속도로)진영휴게소 순천방향,경상남도 김해시 진영읍 우동리 295,휴게소 주차장,35.28007616,128.716118,24시간,1899-2100,2022-01-25
5345,(고속도로)통도사휴게소 부산방향,경상남도 양산시 하북면 순지리 89-5,휴게소주차장,35.48854464,129.0914304,24시간,1899-2100,2022-01-25
5346,(고속도로)양산휴게소 서울방면,경상남도 양산시 동면 내송리 산 86-6,휴게소주차장,35.32325845,129.0557865,24시간,1899-2100,2022-01-25
5347,(고속도로)언양휴게소 서울방면,울산광역시 울주군 언양읍 반곡리 898-9,휴게소주차장,35.59873908,129.1415373,24시간,1899-2100,2022-01-25
5348,소사로5번길 공영주차장,경상남도 창원시 진해구 소사동 205-146,소사공용주차장 안,35.12571465,128.7811992,24시간,1899-2100,2022-01-26
5349,웅동51번길 공영주차장,경상남도 창원시 진해구 마천동 129-5,웅동로51번길 공영주차장 안,35.1257528,128.7828948,24시간,1899-2100,2022-01-26
5350,물야면사무소,경상북도 봉화군 물야면 오록리 429-4,물야면사무소 주차장,36.97508799,128.7358688,24시간,1899-2100,2022-02-06
5351,(고속도로)외동휴게소 울산방면,경상북도 경주시 외동읍 석계리 산 231-6,휴게소 바라보는 기준 건물 왼쪽,35.67255311,129.2853912,24시간,1899-2100,2022-02-07
5352,(고속도로)외동휴게소 포항방면,경상북도 경주시 외동읍 석계리 970,휴게소바라보는 기준 건물 오른쪽,35.67271468,129.2884771,24시간,1899-2100,2022-02-07
5353,강동아트센터(강동문화재단),서울특별시 강동구 상일동 477,지하주차장,37.551183,127.1573277,24시간,1899-2100,2022-02-09
5354,묘도동 주민센터 충전설비,전라남도 여수시 묘도동 915-1,주민센터 앞 주차장,34.87469324,127.7097667,24시간,1899-2100,2022-02-09
5355,학동 수자원공사 공영주차장,전라남도 여수시 학동 180,1층 주차장 입구 좌측,34.7572894,127.6647371,24시간,1899-2100,2022-02-09
5356,학동 등기소 공영주차장,전라남도 여수시 학동 96-4,1층 주차장 좌측,34.75954272,127.6655934,24시간,1899-2100,2022-02-09
5357,남양주제1청사 주차장,경기도 남양주시 금곡동 185-10,후문 주차장,37.63576571,127.2164632,24시간,1899-2100,2022-02-09
5358,다산생태공원 제1공영주차장,경기도 남양주시 조안면 능내리 56-32,다산생태공원 주차장 입구,37.51410293,127.2985728,24시간,1899-2100,2022-02-09
5359,남늘을택시쉼터,경기도 남양주시 호평동 546-6,늘을택시쉼터 좌측,37.65436983,127.2382465,24시간,1899-2100,2022-02-09
5360,팔당역 공영주차장,경기도 남양주시 와부읍 팔당리 243-9,팔당역 공영주차장 입구,37.54596188,127.2448872,24시간,1899-2100,2022-02-09
5361,송파도서관,서울특별시 송파구 오금동 51,도서관 지상주차장,37.5010097,127.134043,24시간,1899-2100,2022-02-10
5362,봉성면 문화복지센터,경상북도 봉화군 봉성면 봉성리 374-3,봉성문화복지센터,36.88354856,128.8175512,24시간,1899-2100,2022-02-12
5363,백두대간수목원1,경상북도 봉화군 춘양면 서벽리 485,백두대간수목원 방문자센터 주차장,37.00861404,128.8301693,24시간,1899-2100,2022-02-12
5364,백두대간수목원2,경상북도 봉화군 춘양면 서벽리 485,백두대간수목원 방문자센터 주차장,37.00856221,128.8303169,24시간,1899-2100,2022-02-12
5365,백두대간수목원3,경상북도 봉화군 춘양면 서벽리 1396,백두대간수목원 전시원관리동,37.00666482,128.8052339,24시간,1899-2100,2022-02-12
5366,호남119 특수구조대,전라남도 화순군 이양면 율계리 861,주차장,34.87337229,126.994916,24시간,1899-2100,2022-02-14
5367,무등산국립공원(도원야영장),전라남도 화순군 이서면 영평리 850,주차장,35.11121681,127.0283326,24시간,1899-2100,2022-02-14
5368,백구면행정복지센터,전북특별자치도 김제시 백구면 반월리 311-2,백구면행정복지센터 주차장,35.89081776,126.9674153,24시간,1899-2100,2022-02-17
5369,경상남도안전체험관,경상남도 합천군 용주면 고품리 910-210,주차장 내,35.5538666,128.1135274,24시간,1899-2100,2022-02-18
5370,고성군 버스터미널 공영주차장,경상남도 고성군 고성읍 송학리 416-2,버스터미널 공영주차장,34.9816104,128.3267674,24시간,1899-2100,2022-02-21
5371,고성군 화물자동차 공영주차장,경상남도 고성군 고성읍 율대리 149-12,화물자동차 공영주차장,34.96664136,128.352357,24시간,1899-2100,2022-02-21
5372,(고속도로)산청휴게소 대전방향,경상남도 산청군 단성면 방목리 산 71-6,기설 충전소 우측 주차면,35.33300147,127.9391469,24시간,1899-2100,2022-02-23
5373,(고속도로)산청휴게소 통영방향,경상남도 산청군 단성면 방목리 산 66-1,기설 충전소 좌측 주차면,35.33297087,127.9372823,24시간,1899-2100,2022-02-23
5374,대룡리 공영주차장,인천광역시 강화군 교동면 대룡리 1111-7,실제위치:교동면 대룡리 1110-5,37.78176488,126.2785781,24시간,1899-2100,2022-02-24
5375,장전역,부산광역시 금정구 장전동 242,공영주차장내,35.23903912,129.0880862,24시간,1899-2100,2022-02-24
5376,군위한전 전기차충전소 급속 100kw,경상북도 군위군 군위읍 서부리 420-5,주차장,36.23822862,128.5663696,24시간,1899-2100,2022-02-25
5377,인제군 보건소,강원특별자치도 인제군 인제읍 남북리 789-1,보건소 부지내,38.06336855,128.1687612,공사중,1899-2100,2022-02-25
5378,고사리 문화관광,강원특별자치도 인제군 인제읍 고사리 204-11,주차장,38.01039786,128.2390555,24시간,1899-2100,2022-02-26
5379,하늘내린도리안,강원특별자치도 인제군 남면 남전리 1105,주차장,38.00141812,128.1626594,24시간,1899-2100,2022-02-26
5380,서화체육공원,강원특별자치도 인제군 서화면 천도리 443-3,주차장,38.2296447,128.2072977,24시간,1899-2100,2022-02-26
5381,원통 생활체육공원,강원특별자치도 인제군 북면 원통리 626,주차장,38.124071,128.196138,24시간,1899-2100,2022-02-26
5382,귀둔출장소,강원특별자치도 인제군 인제읍 귀둔리 644-6,주차장,38.01641996,128.3661128,24시간,1899-2100,2022-02-26
5383,북면 행정복지센터,강원특별자치도 인제군 북면 원통리 658-3,주차장,38.12499438,128.2046939,24시간,1899-2100,2022-02-26
5384,인제군청,강원특별자치도 인제군 인제읍 상동리 349-6,주차장,38.06961428,128.1702583,09:00~18:00,1899-2100,2022-02-26
5385,춘천바이오산업진흥원,강원특별자치도 춘천시 후평동 198-53,외부 주차장,37.89297651,127.7442113,24시간,1899-2100,2022-03-02
5386,(고속도로)칠서휴게소 양평방향,경상남도 함안군 칠서면 계내리 29,주차장,35.37143928,128.4967081,24시간,1899-2100,2022-03-03
5387,퇴계원종합행정타운,경기도 남양주시 퇴계원읍 퇴계원리 221-3,퇴계원읍 종합행정타운 주차장,37.6493332,127.14467,09~18,1899-2100,2022-03-07
5388,퇴계원제4공영주차장,경기도 남양주시 퇴계원읍 퇴계원리 229-4,퇴계원 제4 도서관 앞 공영주차장,37.64888,127.14563,24시간,1899-2100,2022-03-07
5389,부방유통,경기도 안양시 동안구 비산동 411-8,주차장,37.39848578,126.9353255,"10~22시/매주2,4째수요일사용불가",1899-2100,2022-03-07
5390,성결대학교,"경기도 안양시 만안구 성결대학로 53 (안양동, 성결대학교)",주차장,37.38020859,126.9287078,24시간,1899-2100,2022-03-07
5391,약산골식당,경기도 안성시 인지동 461,실외주차장,37.00488588,127.2659706,24시간,1899-2100,2022-03-07
5392,전곡선사박물관,경기도 연천군 전곡읍 전곡리 163-1,연천전곡리유적주차장,38.01178,127.0672,24시간,1899-2100,2022-03-24
5393,황지리마을회관,경기도 연천군 군남면 남계리 30-1,황지리마을회관,38.026635,127.046701,24시간,1899-2100,2022-03-24
5394,고대산자연휴양림,경기도 연천군 신서면 대광리 산 25-1,고대산자연휴양림 방문자센터 앞,38.211061,127.150663,24시간,1899-2100,2022-03-24
5395,춘천사회혁신파크,강원특별자치도 춘천시 효자동 303-14,지상 주차장,37.86440101,127.7356536,24시간,1899-2100,2022-03-30
5396,오남 제1 공영주차장,경기도 남양주시 오남읍 양지로 176-9 (오남리),입구 우회전 끝쪽,37.6935,127.2,24시간,1899-2100,2022-03-30
5397,진접 제2 공영주차장,경기도 남양주시 진접읍 팔야리 792,주차장 내부,37.74544,127.2023,24시간,1899-2100,2022-03-30
5398,진건 제4 공영주차장,경기도 남양주시 진건읍 사능리 590-6,입구 우측,37.65047326,127.1790528,24시간,1899-2100,2022-03-30
5399,인천보훈병원,인천광역시 미추홀구 용현동 450-5,인천보훈병원 주차장,37.45568469,126.6522546,24시간,1899-2100,2022-04-01
5400,청평소방서,경기도 가평군 청평면 하천리 284-5,관외 주차장,37.753459,127.434188,24시간,1899-2100,2022-04-03
5401,조종소방서,경기도 가평군 조종면 현리 413-20,관외주차장,37.816077,127.349637,24시간,1899-2100,2022-04-03
5402,청평호반문화체육센터,경기도 가평군 청평면 청평리 333-13,지상주차장,37.739202,127.424343,24시간,1899-2100,2022-04-03
5403,황연동행정복지센터,강원특별자치도 태백시 황지동 274-735,주차장,37.17866892,128.9867396,24시간,1899-2100,2022-04-04
5406,광적농협 경제사업장,경기도 양주시 광적면 석우리 376-2,광적농협 경제사업장 주차장,37.83097669,126.9782924,09:00~17:00,1899-2100,2022-04-06
5409,의정부1동 공영주차장,경기도 의정부시 의정부동 232-40,의정부1동 공영주차장,37.74814317,127.048799,24시간,1899-2100,2022-04-07
5410,고산지구 제2공영주차장,경기도 의정부시 고산동 471-1,고산지구 제1공영주차장,37.72912968,127.1051817,24시간,1899-2100,2022-04-07
5411,수문랜드캠핑장,전라남도 장흥군 안양면 수문리 142-33,(실외완전노출) 공용주차장,34.63440694,127.0331374,24시간,1899-2100,2022-04-13
5412,구리 제7공영주차장,경기도 구리시 토평동 977,토평동979 공영주차장 내,37.58960239,127.1483503,24시간,1899-2100,2022-04-13
5413,구리 제9 공영주차장,경기도 구리시 수택동 436,지상,37.59579698,127.1407674,24시간,1899-2100,2022-04-13
5414,장평면행정복지센터,전라남도 장흥군 장평면 용강리 27-1,장평중앙길 42,34.77348432,126.9752948,24시간,1899-2100,2022-04-13
5415,의신면사무소,전라남도 진도군 의신면 돈지리 308-1,의신면사무소 주차장 끝,34.43932257,126.2835011,24시간,1899-2100,2022-04-14
5416,광주시보건소,경기도 광주시 경안동 115,실외주차장,37.41644533,127.2503366,09월 06일,1899-2100,2022-04-14
5417,광주시 청소년수련관,경기도 광주시 태전동 7-10,실외주차장,37.38492296,127.235668,24시간,1899-2100,2022-04-14
5418,회진 해양낚시공원,전라남도 장흥군 회진면 대리 115-12,회진면 대리 115-12,34.47010644,126.9766131,24시간,1899-2100,2022-04-14
5419,소솜갤러리,전라남도 장흥군 관산읍 삼산리 1564-2,(실외완전노출) 공용주차장,34.51130852,126.970352,24시간,1899-2100,2022-04-15
5420,대덕읍사무소,전라남도 장흥군 대덕읍 신월리 118-6,(실외완전노출) 공용주차장 뒷편,34.49905998,126.8884458,24시간,1899-2100,2022-04-15
5421,한국수자원공사,전라남도 장흥군 장흥읍 건산리 208-11,(실외완전노출) 공용주차장 앞편,34.67640837,126.9110355,24시간,1899-2100,2022-04-15
5423,영종역 공영주차장,인천광역시 중구 운북동 465-37,영종역 2번출구 공영주차장,37.510981,126.524317,24시간,1899-2100,2022-04-15
5424,호법면 체육지원센터,경기도 이천시 호법면 주박리 546,실외주차장,37.21549466,127.4074356,24시간,1899-2100,2022-04-15
5426,자연학습공원 공영주차장,경기도 의왕시 월암동 543-3,실외주차장,37.30683772,126.9530298,24시간,1899-2100,2022-04-15
5427,근로복지공단 안산병원 주차장,경기도 안산시 상록구 일동 95,지하주차장,37.31701388,126.8743919,24시간,1899-2100,2022-04-15
5428,(고속도로)용인휴게소 강릉방향,경기도 용인시 처인구 고림동 12-6,실외주차장,37.24548859,127.2432776,24시간,1899-2100,2022-04-15
5429,(고속도로)용인휴게소 인천방향,경기도 용인시 처인구 고림동 81-2,실외주차장,37.24791663,127.2389855,24시간,1899-2100,2022-04-15
5430,(고속도로)여주휴게소 강릉방향,경기도 여주시 가남읍 본두리 677-2,실외주차장,37.2394531,127.5702242,24시간,1899-2100,2022-04-15
5431,검준일반산업단지,경기도 양주시 남면 상수리 667-10,검준일반산업단지 주차장,37.8864719,126.995745,24시간,1899-2100,2022-04-18
5432,포천종합체육관 탁구장,경기도 포천시 군내면 용정리 321,탁구장 옆,37.88691409,127.2003665,24시간,1899-2100,2022-04-18
5433,포천종합운동장 본관,경기도 포천시 군내면 구읍리 691,본관 주차장,37.88849712,127.2007523,24시간,1899-2100,2022-04-18
5434,(고속도로)구리남양주 행복드림쉼터,경기도 구리시 토평동 86,쉼터 진입 후 왼편 주차장,37.59026369,127.1560594,24시간,1899-2100,2022-04-18
5435,서창동 주민센터,광주광역시 서구 세하동 553-1,서창동 주민센터,35.11449286,126.8302658,24시간,1899-2100,2022-04-18
5436,영등포구청 환승공영주차장,서울특별시 영등포구 당산동3가 370-4,사무실 앞,37.5244906,126.8957236,24시간,1899-2100,2022-04-18
5437,(고속도로)오수휴게소 완주방향,전북특별자치도 임실군 오수면 대명리 783-16,전라북도 임실군 오수면 대명리 783,35.53909252,127.3109122,24시간,1899-2100,2022-04-18
5438,동천동 주민센터,광주광역시 서구 동천동 611,동천동 주민센터,35.1708899,126.8646702,24시간,1899-2100,2022-04-18
5439,(고속도로)지리산휴게소 대구방향,전북특별자치도 남원시 아영면 아곡리 446-6,전라북도 남원시 아영면 아곡리 446,35.480858,127.56624,24시간,1899-2100,2022-04-18
5440,제주교도소,제주특별자치도 제주시 오라이동 161,야외 주차장,33.46281013,126.5146844,24시간,1899-2100,2022-04-18
5441,영양고추유통공사 충전소,경상북도 영양군 일월면 가곡리 162-1,고추유통공사 주차장,36.7273,129.087157,24시간,1899-2100,2022-04-18
5443,(고속도로)백양사휴게소 순천방향,전라남도 장성군 북이면 모현리 68-1,백양사 휴게소 주차장,35.39402661,126.8053132,24시간,1899-2100,2022-04-18
5444,(고속도로)백양사휴게소 천안방향,전라남도 장성군 북일면 박산리 158,휴게소 주차장,35.39301053,126.8070957,24시간,1899-2100,2022-04-18
5445,테크노파크 용암해수센터,제주특별자치도 제주시 구좌읍 한동리 4849-9,주차장,33.54108942,126.816158,24시간,1899-2100,2022-04-18
5446,제주해녀박물관,제주특별자치도 제주시 구좌읍 하도리 3204-1,주차장,33.52321701,126.8627389,24시간,1899-2100,2022-04-18
5447,제주소년원,제주특별자치도 제주시 애월읍 소길리 산194-5,정문 주차장,33.40838097,126.3860662,24시간,1899-2100,2022-04-18
5448,나로우주센터 우주과학관,전라남도 고흥군 봉래면 예내리 480,나로우주센터 우주과학관 주차장,34.454651,127.517761,24시간,1899-2100,2022-04-18
5449,옥곡면사무소,전라남도 광양시 옥곡면 신금리 1377-8,옥곡면사무소 공용주차장,34.98958848,127.6984984,24시간,1899-2100,2022-04-18
5450,제주국가생약자원관리센터,제주특별자치도 서귀포시 상효동 2072,주차장,33.30558316,126.5704046,24시간,1899-2100,2022-04-18
5451,옥룡문화센터,전라남도 광양시 옥룡면 운평리 243,옥룡문화센터 주차장,35.017135,127.618337,24시간,1899-2100,2022-04-18
5452,진상문화센터,전라남도 광양시 진상면 섬거리 295-17,진상문화센터 공융주차장,35.01934642,127.7201497,24시간,1899-2100,2022-04-18
5453,마동생태공원,전라남도 광양시 마동 654-1,마동생태공원 565번지 공용주차장,34.94983358,127.6987058,24시간,1899-2100,2022-04-18
5454,의성지사(공용),경상북도 의성군 의성읍 원당리 474-1,지상주차장(입구 우측),36.34837,128.673582,24시간,1899-2100,2022-04-18
5455,(고속도로)섬진강휴게소 순천방향,전라남도 광양시 진월면 신아리 220-1,섬진강휴게소 주유소 좌측,34.98494482,127.768634,24시간,1899-2100,2022-04-18
5456,(고속도로)섬진강휴게소 부산방향,전라남도 광양시 진월면 신아리 1192-1,섬진강휴게소 부산방향 주차장 우측,34.98471249,127.770362,24시간,1899-2100,2022-04-18
5457,전라남도 환경산업진흥원,전라남도 강진군 성전면 송학리 835,환경산업진흥원 주차장,34.67849034,126.7363136,24시간,1899-2100,2022-04-18
5458,북평면행정복지센터,강원특별자치도 정선군 북평면 북평리 221-3,북평면행정복지센터 주차장,37.44892078,128.6700025,24시간,1899-2100,2022-04-18
5459,(주)케이에이치씨,전라남도 강진군 성전면 송학리 839,(실외완전노출)공영주차장,34.67818937,126.7367783,24시간,1899-2100,2022-04-18
5460,고흥교육지원청,전라남도 고흥군 고흥읍 등암리 326-1,주차장,34.596689,127.277924,24시간,1899-2100,2022-04-18
5461,금당면사무소,전라남도 완도군 금당면 차우리 680,주차장,34.42974515,127.0711865,24시간,1899-2100,2022-04-18
5462,(고속도로)보성녹차휴게소 순천방향,전라남도 보성군 겸백면 수남리 385-3,보성녹차휴게소 주차장,34.80882173,127.1824333,24시간,1899-2100,2022-04-18
5463,(고속도로)보성녹차휴게소 영암방향,전라남도 보성군 미력면 화방리 산 196-7,보성녹차휴게소 주차장,34.813902,127.127522,24시간,1899-2100,2022-04-18
5464,예당도서관 전기차 충전소,전라남도 보성군 득량면 예당리 373,예당도서관 건물 앞,34.77977998,127.1968167,06~23시,1899-2100,2022-04-18
5465,영양군 골프연습장 충전소,경상북도 영양군 영양읍 감천리 1,주차장,36.64583259,129.1018214,24시간,1899-2100,2022-04-18
5466,나라키움원주청사,강원특별자치도 원주시 반곡동 1858-5,사옥 앞 지상주차장,37.32653907,127.9787138,24시간,1899-2100,2022-04-18
5467,한국농어촌공사 보성지사 전기차 충전소,전라남도 보성군 보성읍 보성리 31-1,보성농어촌공사 건물 진입로,34.77015772,127.0903458,06~23시,1899-2100,2022-04-18
5468,간현관광지,강원특별자치도 원주시 지정면 간현리 1056-24,지상주차장,37.3633911,127.8359669,24시간,1899-2100,2022-04-18
5469,LX국토정보공사 고흥지사,전라남도 고흥군 고흥읍 남계리 404-2,주차장,34.6138198,127.2893225,24시간,1899-2100,2022-04-18
5470,건강보험공단 고흥보성지사,전라남도 고흥군 고흥읍 남계리 1046,주차장,34.60651343,127.2807388,24시간,1899-2100,2022-04-18
5471,한국농어촌공사 고흥지사,전라남도 고흥군 고흥읍 등암리 1201,주차장,34.59397469,127.2726628,24시간,1899-2100,2022-04-18
5472,구교리 소공원 전기차충전소,전라남도 해남군 해남읍 구교리 526-4,재활용 분리수거장 옆 주차장,34.5790709,126.5881325,24시간,1899-2100,2022-04-18
5473,북평면종합복지회관,강원특별자치도 정선군 북평면 북평리 223,북평면종합복지회관 주차장,37.4494588,128.6705004,24시간,1899-2100,2022-04-18
5474,북평면지역아동센터 옆,강원특별자치도 정선군 북평면 북평리 691,북평면지역아동센터 옆,37.4485205,128.6654906,24시간,1899-2100,2022-04-18
5475,태영합자회사,강원특별자치도 정선군 정선읍 덕송리 536-5,태영합자회사 주차장,37.39998084,128.6660049,24시간,1899-2100,2022-04-18
5476,정선국토관리사무소,강원특별자치도 정선군 정선읍 신월리 981,정선국토관리사무소 정문 오른쪽 주차장,37.36933865,128.684573,24시간,1899-2100,2022-04-18
5477,아리아리펜션,강원특별자치도 정선군 정선읍 신월리 289-5,아리아리펜션 주차장,37.37177375,128.695264,24시간,1899-2100,2022-04-18
5478,(고속도로)곡성휴게소 순천방향,전라남도 곡성군 겸면 가정리 산 96-6,주차장,35.25858245,127.1503218,24시간,1899-2100,2022-04-19
5479,(고속도로)곡성휴게소 논산방향,전라남도 곡성군 겸면 가정리 348-18,주차장,35.25965783,127.1529226,24시간,1899-2100,2022-04-19
5480,상주시청,경상북도 상주시 남성동 140-3,상주시청 건물 뒤편,36.41143084,128.1593837,24시간,1899-2100,2022-04-19
5481,남산근린공원주차장,경상북도 상주시 신봉동 산 1-5,남산근린공원주차장(남성동 209-1),36.4097659,128.1573077,24시간,1899-2100,2022-04-19
5484,국민건강보험공단,"강원특별자치도 속초시 동해대로 4044 (조양동, 국민건강보험공단)",국민건강보험공단 주차장,38.19013277,128.5924422,24시간,1899-2100,2022-04-19
5485,(고속도로)춘천휴게소 부산방향,강원특별자치도 춘천시 동내면 사암리 산 121-1,부산방향 주차장,37.81263676,127.7665396,24시간,1899-2100,2022-04-19
5486,F1경기장 충전소,전라남도 영암군 삼호읍 삼포리 1904,그랜드스탠드L구역 뒤쪽,34.73013071,126.4176848,24시간,1899-2100,2022-04-19
5487,영암소방서,전라남도 영암군 삼호읍 나불리 338-3,주차장,34.76680672,126.4392367,24시간,1899-2100,2022-04-19
5488,(고속도로)홍천휴게소 양양방향,강원특별자치도 홍천군 화촌면 군업리 산 240-5,LPG충전소 우측,37.75727183,128.0042463,24시간,1899-2100,2022-04-19
5489,영월군청 전기차충전소,강원특별자치도 영월군 영월읍 하송리 242,군청 보건소 뒤,37.184008,128.461842,24시간,1899-2100,2022-04-19
5490,영월군공용주차장,강원특별자치도 영월군 영월읍 하송리 373-1,공용주차장 위치,37.17886553,128.4585551,24시간,1899-2100,2022-04-19
5491,강원지방기상청 춘천기상대,"강원특별자치도 춘천시 신북읍 장본1길 12 (산천리, 춘천기상대)",내부 주차장,37.94758822,127.7548163,24시간,1899-2100,2022-04-19
5492,강원지방기상청,강원특별자치도 강릉시 사천면 방동리 807-1,강원지방기상청,37.80407571,128.8539566,08시 ~ 22시,1899-2100,2022-04-19
5493,(고속도로)구정휴게소 동해방향,강원특별자치도 강릉시 구정면 제비리 888,구정휴게소(동해방향),37.72263751,128.8516266,24시간,1899-2100,2022-04-19
5494,(고속도로)평창휴게소 강릉방향,"강원특별자치도 평창군 용평면 경강로 2159-58 (이목정리, 평창하행휴게소)",평창휴게소(강릉방향),37.60563321,128.452799,24시간,1899-2100,2022-04-19
5495,대한석탄공사 도계광업소 급속 충전소,"강원특별자치도 삼척시 도계읍 도계로 225 (전두리, 대한석탄공사)",전두리 도계광업소 사무실 주차장,37.1351,129.0238,24시간,1899-2100,2022-04-19
5496,한국남부발전 복지관 급속 충전소,강원특별자치도 삼척시 원덕읍 삼척로 734 (호산리),한국남부발전 한마음 스포츠센터,37.1037,129.2023,24시간,1899-2100,2022-04-19
5498,태백 하나로마트,강원특별자치도 태백시 황지동 59-192,주차장,37.16571698,128.9861499,24시간,1899-2100,2022-04-19
5499,동점동소방학교,강원특별자치도 태백시 동점동 산 2,강원소방학교,37.10397403,129.0407082,24시간,1899-2100,2022-04-19
5500,고한시장,강원특별자치도 정선군 고한읍 고한리 61-1,고한시장,37.19952188,128.8553009,24시간,1899-2100,2022-04-19
5502,태백국민체육센터,강원특별자치도 태백시 황지동 244-52,주차장,37.16269423,128.9853556,24시간,1899-2100,2022-04-19
5503,강림 건강복지센터,강원특별자치도 횡성군 강림면 강림리 803-2,주차장,37.36072853,128.1288868,24시간,1899-2100,2022-04-20
5504,안흥찐빵모락모락마을,강원특별자치도 횡성군 안흥면 안흥리 1063,찐빵마을 주차장,37.410166,128.15595,24시간,1899-2100,2022-04-20
5506,(고속도로)문막휴게소 강릉방향,"강원특별자치도 원주시 문막읍 원문로 1234 (동화리, 문막하행휴게소)",지상주차장,37.33457628,127.8576477,24시간,1899-2100,2022-04-20
5507,(고속도로)원주휴게소 춘천방향,"강원특별자치도 원주시 호저면 마근거리길 110 (옥산리, 원주(춘천방향)휴게소)",지상주차장,37.43397076,127.931616,24시간,1899-2100,2022-04-20
5508,동면행정복지센터,강원특별자치도 춘천시 동면 지내리 209-15,동사무소 주차장,37.91003759,127.7814248,24시간,1899-2100,2022-04-20
5509,국립춘천숲체원,강원특별자치도 춘천시 신북읍 발산리 산 32-1,숲체원 밖 주차장,37.99173948,127.7677408,24시간,1899-2100,2022-04-20
5510,강릉아이스아레나 주차장,강원특별자치도 강릉시 포남동 산 90-1,주차장,37.78014239,128.896548,24시간,1899-2100,2022-04-20
5511,인제체육관,강원특별자치도 인제군 인제읍 남북리 817,주차장,38.05879351,128.1647633,24시간,1899-2100,2022-04-20
5512,잼버리수련장,강원특별자치도 고성군 토성면 인흥리 714-2,주차장,38.22268821,128.4975009,24시간,1899-2100,2022-04-20
5515,통영전력지사,경상남도 통영시 정량동 271-1,통영전력지사 주차장,34.84836336,128.4319931,24시간,1899-2100,2022-06-13
5523,곤지암 배수펌프장 공영주차장 충전소,경기도 광주시 곤지암읍 곤지암리 453-3,곤지암 배수펌프장 공영주차장 안,37.35072731,127.3377151,24시간,1899-2100,2022-07-13
5538,청학2동 공영주차장,부산광역시 영도구 청학동 99-229,주차장,35.08917288,129.0623986,24시간,1899-2100,2022-08-09
5539,아세안문화원,부산광역시 해운대구 좌동 1427,주차장내,35.17521353,129.1819528,문화원 운영시간과 동일,1899-2100,2022-08-18
5540,과정공영주차장,부산광역시 연제구 연산동 1062-1,주차장내,35.18703318,129.0988043,24시간,1899-2100,2022-08-18
5543,칠곡전력지사,경상북도 칠곡군 왜관읍 금산리 413,주차장,35.97007323,128.4061191,24시간,1899-2100,2022-09-15
5544,남서울직할(영등포)지사,서울특별시 영등포구 문래동3가 80,영등포전력사업처 지상주차장 출구측,37.51990363,126.8935148,24시간,1899-2100,2022-09-16
5545,한국산업인력공단,대구광역시 달서구 갈산동 971-5,후문,35.836122,128.506474,24시간,1899-2100,2022-09-27
5546,구즉동 행정복지센터,대전광역시 유성구 봉산동 294,주차장,36.44058725,127.3837022,24시간,1899-2100,2022-09-28
5548,한국전력공사 김포지사,경기도 김포시 장기동 2083-1,지하주차장,37.6392487,126.680907,24시간,1899-2100,2022-10-05
5549,광주전력지사,광주광역시 북구 장등동 752-1,광주전력지사,35.20892441,126.9335515,24시간,1899-2100,2022-10-11
5550,계양1동행정복지센터,인천광역시 계양구 장기동 130,주민센터 주차장,37.57654995,126.7339706,24시간,1899-2100,2022-10-12
5554,봉담2지구 생태체육공원 공영주차장,경기도 화성시 봉담읍 상리 716,공영주차장 내부,37.22550756,126.9430326,24시간,1899-2100,2022-11-01
5563,서울의료원,서울특별시 중랑구 신내동 316,장례식장 뒷편 전기차충전소,37.6128812,127.099434,24시간,1899-2100,2022-11-07
5564,계양2동 행정복지센터,인천광역시 계양구 임학동 69-23,보건소 앞,37.54376529,126.7371113,24시간,1899-2100,2022-11-08
5565,부개역공영주차장,인천광역시 부평구 부개동 468,부개역 공영주차장,37.48903896,126.7393583,24시간,1899-2100,2022-11-08
5566,강서2동 행정복지센터,충청북도 청주시 흥덕구 송절동 838,고객주차장 입구,36.66609575,127.453721,24시간,1899-2100,2022-11-09
5568,구리시청,경기도 구리시 교문동 390-1,구리시청 2주차장,37.59472725,127.1308065,24시간,1899-2100,2022-11-10
5569,교문동주차빌딩,경기도 구리시 교문동 736-3,주차장 1층,37.59689992,127.1356625,24시간,1899-2100,2022-11-10
5570,군포전력지사,경기도 군포시 도마교동 273,옥외 주차장,37.31230531,126.9171088,24시간,1899-2100,2022-11-10
5571,한국전력공사 경인권물류센터,경기도 김포시 양촌읍 학운리 3973,주차장,37.6078355,126.603506,24시간,1899-2100,2022-11-15
5572,원주전력지사,강원특별자치도 원주시 호저면 만종리 683,지사주차장,37.35257591,127.9007029,06~23시,1899-2100,2022-11-16
5573,비금 전기버스충전소 1,전라남도 신안군 비금면 덕산리 105,전남 신안군 비금면 덕산리 105,34.75510308,125.9258661,24시간,1899-2100,2022-11-16
5574,비금 전기버스충전소 2,전라남도 신안군 비금면 덕산리 105,전남 신안군 비금면 덕산리 105,34.75510308,125.9258661,24시간,1899-2100,2022-11-16
5575,도초 전기버스충전소 2,전라남도 신안군 도초면 수항리 324-1,전남 신안군 도초면 수항리 324-1,34.70303122,125.9551157,24시간,1899-2100,2022-11-16
5585,에코라운지,제주특별자치도 서귀포시 상예동 2676,동쪽 주차장,33.26491167,126.3886066,24시간,1899-2100,2022-11-23
5595,근로복지공단 충주지사,충청북도 충주시 봉방동 21-38,지상주차장 입구 우측,36.97299512,127.9219044,24시간,1899-2100,2022-11-28
5596,충주시 농수산물도매시장,충청북도 충주시 목행동 426-4,지상 주차장 입구 좌측,37.00558781,127.9240083,24시간,1899-2100,2022-11-28
5597,남사스포츠센터,경기도 용인시 처인구 남사읍 완장리 952-4,지하주차장2층,37.157378,127.173768,24시간,1899-2100,2022-11-29
5599,평림생활체육공원,경상남도 통영시 평림동 471-3,평림생활체육공원 옥외 주차장,34.85674078,128.397149,24시간,1899-2100,2022-11-30
5600,거제대교 휴게소,경상남도 통영시 용남면 장평리 125-24,거제대교 휴게소,34.89060272,128.4712568,24시간,1899-2100,2022-11-30
5601,국립임실호국원,전북특별자치도 임실군 강진면 백련리 551,국립임실호국원 주차장,35.5511927,127.1876189,24시간,1899-2100,2022-12-01
5602,수도권119특수구조대,경기도 남양주시 별내동 2190-2,정문 왼편,37.6711333,127.1107701,24시간,1899-2100,2022-12-01
5603,동북지방통계청 포항사무소,경상북도 포항시 북구 용흥동 101-4,주차장,36.03482004,129.3566982,24시간,1899-2100,2022-12-01
5604,당리 다목적광장 EVC,경상북도 경산시 압량읍 당리리 471-1,입구,35.81700009,128.7944956,24시간,1899-2100,2022-12-02
5605,한국국토정보공사본사,전북특별자치도 전주시 덕진구 중동 800,출입구 차단기 옆,35.838536,127.066247,24시간,1899-2100,2022-12-05
5606,전북개발공사,전북특별자치도 전주시 덕진구 장동 1112,차단기 왼쪽 / 환경공단 충전기 옆,35.83894,127.0633,24시간,1899-2100,2022-12-05
5607,장수군농업기술센터,전북특별자치도 장수군 장수읍 개정리 1225,주차장,35.6197,127.5125,24시간,1899-2100,2022-12-05
5608,중앙하수처리장,전라남도 광양시 중동 308-124,중앙하수처리장 정문 쪽 주차장,34.92935842,127.6891769,24시간,1899-2100,2022-12-12
5609,국립영천호국원,경상북도 영천시 고경면 청정리 700,국립영천호국원 입구 근처 주차장,35.97862122,129.1094064,24시간,1899-2100,2022-12-12
5610,대창면문화센터,경상북도 영천시 대창면 대창리 1028,대창면문화센터 입구 근처 주차장,35.87528566,128.8936414,24시간,1899-2100,2022-12-12
5611,(전주거치형)남산동,부산광역시 금정구 남산동 91-10,노상주차장,35.26733971,129.0922488,24시간,1899-2100,2022-12-13
5612,(전주거치형)구서동1,부산광역시 금정구 구서동 1032-6,노상주차장,35.25511133,129.0848045,24시간,1899-2100,2022-12-13
5614,(전주거치형)구서동2,부산광역시 금정구 구서동 1026-7,노상주차장,35.25672545,129.0845464,24시간,1899-2100,2022-12-13
5615,(전주거치형)장산로주거지2,부산광역시 해운대구 우동 1102-223,노상주차장,35.17139203,129.1412309,24시간,1899-2100,2022-12-13
5616,(전주거치형)장산로주거지1,부산광역시 해운대구 우동 1102-223,노상주차장,35.17126027,129.1410381,24시간,1899-2100,2022-12-13
5617,(전주거치형)신선천주거지1,부산광역시 해운대구 반여동 산 130-11,노상주차장,35.2028954,129.1352702,24시간,1899-2100,2022-12-13
5619,(전주거치형)전포동주거지,부산광역시 부산진구 전포동 190,노상주차장,35.15924461,129.0700974,24시간,1899-2100,2022-12-13
5621,(전주거치형)범천동신암로1,부산광역시 부산진구 범천동 1090-12,노상주차장,35.15484232,129.0479748,24시간,1899-2100,2022-12-13
5623,연안동 행정복지센터,인천광역시 중구 항동7가 58-70,연안동 행정복지센터 주차장,37.45317598,126.6044538,24시간,1899-2100,2022-12-13
5624,(전주거치형)신선천주거지2,부산광역시 해운대구 반여동 1575-5,노상주차장,35.20255815,129.1344654,24시간,1899-2100,2022-12-13
5625,서울북부지검,서울특별시 도봉구 도봉동 626-20,민원인 주차장 후문,37.67580718,127.0464901,09시 ~ 18시,1899-2100,2022-12-14
5626,장암변전소,경기도 의정부시 장암동 221-5,변전소 부지 내 지상주차장,37.69777852,127.054665,24시간,1899-2100,2022-12-15
5627,웅부공원 공영주차장,경상북도 안동시 동부동 85-3,공영주차장 1층,36.565614,128.732862,24시간,1899-2100,2022-12-15
5628,강원대학교,강원특별자치도 춘천시 효자동 192-1,자연과학대학 주차장,37.87256837,127.7416903,24시간,1899-2100,2022-12-19
5629,수자원공사 강천보 주차장,경기도 여주시 단현동 9,실외주차장,37.2775943,127.6788999,24시간,1899-2100,2022-12-19
5630,내북면사무소,충청북도 보은군 내북면 창리 63-1,정문 오른쪽,36.57801029,127.663733,24시간,1899-2100,2022-12-20
5631,버티공영주차장,서울특별시 중구 신당동 432-1693,"2층, 3층",37.54906281,127.0062466,24시간,1899-2100,2022-12-21
5633,서산전력지사,충청남도 서산시 성연면 오사리 1646,후면 출구쪽 주차장,36.82927132,126.4448255,24시간,1899-2100,2022-12-22
5634,농업기술센터,인천광역시 강화군 불은면 삼성리 1027-42,진입로 초입 주차장,37.703319,126.434468,24시간,1899-2100,2022-12-22
5635,국제여객터미널_인천,인천광역시 연수구 송도동 300-3,1층 지상주차장 24번 기둥,37.4236458,126.6052785,24시간,1899-2100,2022-12-23
5636,삼화동 행정복지센터 전기차 충전소,강원특별자치도 동해시 이로동 183-2,삼화동 행정복지센터,33.48848,129.0676,24시간,1899-2100,2022-12-26
5637,세종통합사옥 공용(소담동 568),세종특별자치시 소담동 570,세종통합사옥내 구축예정 소담동 568,36.48532046,127.3049416,24시간,1899-2100,2022-12-28
5638,세종통합사옥 공용 전기차 충전소,세종특별자치시 소담동 570,한전세종통합사옥 소담동568,36.48451612,127.3058452,24시간,1899-2100,2022-12-28
5639,영등포 제1스포츠센터,서울특별시 영등포구 신길동 426-3,스포츠센터주차장입구(지상위치),37.500314,126.906495,24시간,1899-2100,2022-12-28
5640,수선화시영연립주택 인근주차장,제주특별자치도 제주시 이도이동 1928-9,공영주차장,33.49469371,126.549729,24시간,1899-2100,2023-01-09
5641,목포전력지사,전라남도 무안군 삼향읍 남악리 1961,목포전력지사 지상주차장,34.8174,126.45793,24시간,1899-2100,2023-01-10
5642,정선군보건소,강원특별자치도 정선군 정선읍 봉양리 80-5,주차장,37.37975634,128.6710271,24시간,1899-2100,2023-01-11
5643,영덕지사(공용),경상북도 영덕군 영덕읍 우곡리 286,사옥내 주차장,36.41145,129.375104,24시간,1899-2100,2023-01-11
5644,동대구지사(공용),대구광역시 동구 효목동 626,사옥 앞편 주차장,35.87451875,128.6407365,24시간,1899-2100,2023-01-12
5645,한국농어촌공사 포항울릉지사,경상북도 포항시 북구 흥해읍 옥성리 62-2,한국농어촌공사 포항울릉지사 주차장 내,36.1102159,129.345663,24시간,1899-2100,2023-01-12
5646,통신전파진흥원 전기차충전소,전라남도 나주시 빛가람동 301,통신전파진흥원 주차장,35.01995538,126.7947622,24시간,1899-2100,2023-01-17
5647,죽림동 공영주차장 전기차충전소,전라남도 나주시 죽림동 39,죽림동 공영주차장,35.032003,126.726323,24시간,1899-2100,2023-01-17
5648,부천지사,경기도 부천시 도당동 185-148,고객주차장,37.507352,126.786477,주중 09~18시 개방,1899-2100,2023-01-20
5668,남사 사양정사 주차장,경상남도 산청군 단성면 남사리 250-5,주차장 입구,35.27381646,127.9381527,24시간,1899-2100,2023-02-21
5669,묵곡생태공원,경상남도 산청군 단성면 묵곡리 942-1,묵곡생태공언 주차장,35.28004028,127.9655985,24시간,1899-2100,2023-02-21
5670,인제전통시장,강원특별자치도 인제군 인제읍 상동리 289,인제전통시장 주차장,38.06726486,128.1714726,24시간,1899-2100,2023-02-21
5671,구랑리 철로자전거,경상북도 문경시 마성면 하내리 262-1,정문 좌측 주차장,36.66142989,128.0989822,24시간,1899-2100,2023-02-27
5676,울산MBC,울산광역시 중구 학성동 409-1,울산MBC 입구,35.56080452,129.3325853,24시간,1899-2100,2023-03-07
5677,(전주거치형)석산리392-7,경상남도 양산시 동면 석산리 392,사송95R7,35.325597,129.033755,24시간,1899-2100,2023-03-24
5678,(전주거치형)원동로 2035,경상남도 양산시 원동면 내포리 1135-2,배내96,35.406336,128.933057,24시간,1899-2100,2023-03-24
5690,급속01,전북특별자치도 남원시 향교동 140,지사 후면 주차장,35.416482,127.386581,24시간,1899-2100,2023-04-20
5691,익산지사 02,전북특별자치도 익산시 팔봉동 850,지사 건물 옆 주차장,35.96160586,127.0047862,24시간,1899-2100,2023-04-27
5693,세종통합사옥 업무용 전기차 충전소,세종특별자치시 소담동 568,지상 야외 주차장,36.48487779,127.3059006,24시간,1899-2100,2023-05-10
5701,(전주거치형)남산정 메가마트인근,부산광역시 북구 덕천동 364-3,덕천동 364-3 앞,35.2147321,129.0209645,24시간,1899-2100,2023-06-15
5702,강동문화복지회관,경상북도 구미시 구평동 241-3,P3,36.09058239,128.4546938,24시간,1899-2100,2023-06-21
5703,봉개동 공영주차장,제주특별자치도 제주시 봉개동 1854-3,주차장 끝 모서리,33.49031067,126.5955778,24시간,1899-2100,2023-06-23
5706,중리공영주차장,경상남도 창원시 마산회원구 내서읍 중리 1041-2,중리공영주차장 입구,35.24974912,128.5095787,24시간,1899-2100,2023-06-28
5708,(전주거치형)구포동 주거지,부산광역시 북구 구포동 1251-2,태경아파트 앞,35.1944808,129.0097813,24시간,1899-2100,2023-07-06
5710,(전주거치형)병무청 뒤,부산광역시 수영구 망미동 987-24,부산지방병무청 뒤,35.17404556,129.103335,24시간,1899-2100,2023-07-06
5712,대전충남직할(업무용),대전광역시 동구 용전동 9-7,본부 정문 우측,36.358205,127.435381,24시간,1899-2100,2023-07-10
5713,(전주거치형)박상진호수공원주차장,울산광역시 북구 송정동 1238-1,"송정박상진호수공원 제2,3공영주차장",35.60822206,129.3725047,24시간,1899-2100,2023-07-14
5714,(전주거치형)약수초교 앞,울산광역시 북구 중산동 1178-36,약수초등학교 앞,35.64784746,129.3414451,24시간,1899-2100,2023-07-14
5717,전력연구원 소내,대전광역시 유성구 문지동 103-16,,36.391973,127.387964,24시간,1899-2100,2023-08-07
5722,한국전력고령지점,경상북도 고령군 대가야읍 지산리 260-2,1층 주차장,35.72407186,128.2643972,24시간,1899-2100,2023-08-29
5723,한전달성전력지사,대구광역시 달성군 화원읍 구라리 1718-1,지상주차장,35.81005321,128.5104903,24시간,1899-2100,2023-08-29
5725,세종통합사옥 업무용 전기차 충전소2,세종특별자치시 소담동 568,지상 야외주차장,36.48451612,127.3058452,24시간,1899-2100,2023-09-01
5731,북포항지사(공용),경상북도 포항시 북구 흥해읍 약성리 121-2,사옥내 주차장,36.1134556,129.3476568,24시간,1899-2100,2023-09-26
5733,한국전력공사 김포지사2,경기도 김포시 장기동 2083-1,지하주차장,37.63920826,126.6809468,24시간,1899-2100,2023-10-05
5736,호원2동 행정복지센터 전기차충전소,경기도 의정부시 호원동 319-2,행정복지센터 주차장,37.726221,127.042988,24시간,1899-2100,2023-10-10
5750,충청북도청주의료원,충청북도 청주시 서원구 사직동 554-6,장례식장 주차장,36.64103994,127.4739673,24시간,1899-2100,2023-10-13
5751,제천시교육지원청,충청북도 제천시 청전동 470,입구들어가서 우측,37.1464335,128.202298,24시간,1899-2100,2023-10-19
5752,보은읍내지구대,충청북도 보은군 보은읍 이평리 103-2,주차장,36.48871,127.724,24시간,1899-2100,2023-10-19
5753,음성경찰서,충청북도 음성군 음성읍 신천리 172,고객주차장,36.92636403,127.6896645,24시간,1899-2100,2023-10-19
5755,충북도청,충청북도 청주시 상당구 문화동 89,민원주차장,36.63591261,127.4906379,24시간,1899-2100,2023-10-20
5756,충주전력지사,충청북도 충주시 금릉동 187-7,충주전력지사,36.99937362,127.9195547,평일 09:00 ~ 18:00,1899-2100,2023-10-20
5758,국민건강보험공단,경기도 구리시 갈매동 583,출입구 오른편,37.63198778,127.1178322,24시간,1899-2100,2023-11-01
5760,인재개발원(공용),서울특별시 노원구 공릉동 170-2,리더십센터,37.63160225,127.0840149,24시간,1899-2100,2023-11-06
5761,김포 솔터축구장,경기도 김포시 마산동 642-1,솔터축구장 제2주차장,37.64128371,126.6518049,24시간,1899-2100,2023-11-07
5762,김포 생활체육관,경기도 김포시 마산동 642-1,생활체육관 1층 주차장,37.64033798,126.6439816,24시간,1899-2100,2023-11-07
5763,김포 종합운동장,경기도 김포시 사우동 290,종합운동장 제1공영주차장,37.61782624,126.7206988,24시간,1899-2100,2023-11-07
5769,성서용산시장공영주차장,대구광역시 달서구 용산동 448-9,주차장 입구 좌측 끝,35.85612123,128.5218551,24시간,1899-2100,2023-11-09
5770,서부경찰서 지상주차장,대구광역시 서구 평리동 1230-8,민원인주차장,35.87181652,128.5584403,24시간,1899-2100,2023-11-14
5771,강원혈액원,강원특별자치도 춘천시 퇴계동 862-3,입구 맞은편 주차장,37.84578417,127.7359646,24시간,1899-2100,2023-11-15
5772,경상남도 교통문화연수원,경상남도 창원시 성산구 반림동 6-4,출입구 우측,35.23684,128.6717,24시간,1899-2100,2023-11-15
5773,경남지방병무청,경상남도 창원시 성산구 신월동 103-4,출입구 우측,35.23396,128.6911,24시간,1899-2100,2023-11-15
5774,곤양면 서부노인복지회관,경상남도 사천시 곤양면 서정리 998-1,곤양면 곤북로 20 주차장,35.05548563,127.958911,24시간,1899-2100,2023-11-15
5775,상대동 행정복지센터,경상남도 진주시 상대동 299-3,행정복지센터 주차장,35.1801652,128.1118315,24시간,1899-2100,2023-11-15
5776,명석면사무소,경상남도 진주시 명석면 관지리 305-3,명석면사무소 주차장,35.21936744,128.0403116,24시간,1899-2100,2023-11-15
5777,진주전력지사,경상남도 진주시 상대동 33-78,한전 진주전력지사 주차장,35.18247396,128.1224239,24시간,1899-2100,2023-11-15
5778,분당구청,경기도 성남시 분당구 수내동 1,실외주차장,37.38299509,127.1201684,24시간,1899-2100,2023-11-15
5779,한국장애인고용공단,경기도 성남시 분당구 구미동 297-1,지하주차장,37.34811819,127.1227763,06~24시,1899-2100,2023-11-15
5780,함안군의회,경상남도 함안군 가야읍 말산리 212-1,함안군의회 정문 주차장,35.27313772,128.407434,연동시험 완료 후 개방예정,1899-2100,2023-11-16
5781,홍천군 야구장,강원특별자치도 홍천군 홍천읍 결운리 9-4,홍천군 야구장 주차장,37.72982407,127.932514,24시간,1899-2100,2023-11-16
5782,홍천읍 장애인국민체육센터,강원특별자치도 홍천군 홍천읍 태학리 126-6,장애인국민체육센터 주차장,37.70658752,127.9060985,24시간,1899-2100,2023-11-16
5783,옥포국제시장주차장 4층,경상남도 거제시 옥포동 530-16,4층,34.89408722,128.6921593,24시간,1899-2100,2023-11-20
5784,의성국민체육센터,경상북도 의성군 단북면 노연리 1114,"체육관 주차장 안, 팻 월드 입구 옆",36.3923774,128.4281722,24시간,1899-2100,2023-11-21
5785,양금동 행정복지센터,경상북도 김천시 황금동 129-14,지상주차장 입구,36.11049288,128.1237371,24시간,1899-2100,2023-11-21
5786,김천시 중앙보건지소,경상북도 김천시 남산동 28-18,뒷편 주차장,36.11905058,128.1192829,24시간,1899-2100,2023-11-21
5788,하남면사무소,강원특별자치도 화천군 하남면 원천리 444-2,하남면사무소 주차장,38.05780415,127.667965,24시간,1899-2100,2023-11-28
5789,순천 팔마종합운동장,전라남도 순천시 연향동 752,팔마종합운동장 입구 맞은편,34.9363589,127.5199157,24시간,1899-2100,2023-11-28
5790,순천 농산물도매시장,전라남도 순천시 해룡면 월전리 9-1,농산물도매시장 주차장,34.9165303,127.5369593,24시간,1899-2100,2023-11-28
5791,남선공원 공영주차장,대전광역시 서구 탄방동 1084,지상주차장,36.34832036,127.3990748,24시간,1899-2100,2023-11-28
5792,서귀포시 상예동 다목적회관,제주특별자치도 서귀포시 상예동 1526-1,다목적회관 주차장,33.25357793,126.3894448,24시간,1899-2100,2023-11-28
5793,신길역사 주차장,서울특별시 영등포구 신길동 53,신길동 54-2 가장 안쪽,37.51590431,126.9174497,24시간,1899-2100,2023-11-28
5794,천곡동굴 제2주차장,강원특별자치도 동해시 천곡동 731-68,천곡동굴 제2주차장,37.5164941,129.107205,24시간,1899-2100,2023-11-28
5795,(전주거치형)간석동 128-1 노상공영주차장,인천광역시 남동구 간석동 211-3,남동대로 916번길 도로 노상공영주차,37.463381,126.713976,24시간,1899-2100,2023-11-29
5796,(전주거치형)장수동 136 노상공영주차장,인천광역시 남동구 장수동 136-3,장수동 136 도로 노상공영주차,37.45719902,126.7736713,24시간,1899-2100,2023-11-30
5797,간석동 233-2 공영주차장,인천광역시 남동구 간석동 233-1,석천공영주차장,37.4679804,126.7059219,24시간,1899-2100,2023-11-30
5798,수자원공사 한강유역본부 주차장,경기도 과천시 갈현동 649-1,주차장,37.42252032,126.9887055,24시간,1899-2100,2023-11-30
5799,충청북도 남부출장소,충청북도 옥천군 옥천읍 문정리 331,주차장,36.302718,127.579942,24시간,1899-2100,2023-12-04
5801,삼양축구장,제주특별자치도 제주시 삼양일동 745,삼양축구장 주차장,33.53235934,126.597834,24시간,1899-2100,2023-12-04
5802,4.3평화교육센터,제주특별자치도 제주시 봉개동 237-2,제주4.3평화교육센터 주차장,33.45330437,126.6197539,24시간,1899-2100,2023-12-05
5803,농어업인회관,제주특별자치도 제주시 연동 313-105,농어업인회관 주차장,33.48658118,126.4989474,24시간,1899-2100,2023-12-05
5804,동복리체육센터,제주특별자치도 제주시 구좌읍 동복리 1717,동복리체육센터 주차장,33.54355429,126.7077667,24시간,1899-2100,2023-12-05
5805,동대문중랑지사(공용),서울특별시 중랑구 묵동 181-4,별관 앞 지상,37.60740496,127.0793415,"평일 09~18시, 주말 이용불가",1899-2100,2023-12-05
5806,용담삼동공영주차장,제주특별자치도 제주시 용담삼동 1210-5,용담삼동 공영주차장,33.5174216,126.499324,24시간,1899-2100,2023-12-05
5808,황등면사무소,전북특별자치도 익산시 황등면 황등리 905-19,황등면사무소 주차장,36.00445703,126.9444659,24시간,1899-2100,2023-12-06
5809,익산역골주차장,전북특별자치도 익산시 송학동 93-2,역골주차장 내 부지,35.93817768,126.9431561,24시간,1899-2100,2023-12-06
5810,천안시 맑은물 사업본부,충청남도 천안시 동남구 신방동 719,지상주차장,36.78448531,127.1207506,24시간,1899-2100,2023-12-06
5811,주산면사무소,전북특별자치도 부안군 주산면 갈촌리 357-1,주산면사무소 주차장,35.67206417,126.7107934,24시간,1899-2100,2023-12-06
5812,포항북구보건소,경상북도 포항시 북구 장성동 1363-3,주차장,36.07053777,129.3799014,24시간,1899-2100,2023-12-06
5814,동답 공영주차장,서울특별시 동대문구 답십리동 2-283,-,37.5693685,127.063534,24시간,1899-2100,2023-12-11
5815,장영당길 공영주차장,서울특별시 동대문구 답십리동 484-45,장영당길 공영주차장 옥상,37.5687281,127.0530157,24시간,1899-2100,2023-12-11
5818,인천지방법원,인천광역시 미추홀구 학익동 278-2,주차타워 1층,37.44345858,126.6665271,09:00 ~ 18:00,1899-2100,2023-12-12
5820,우암동행정복지센터,부산광역시 남구 우암동 152-1,1층 주차장내,35.1250386,129.0769605,24시간,1899-2100,2023-12-12
5822,(전주거치형)비슬로길 노상주차장,대구광역시 달성군 논공읍 남리 137-21,한길빌라 앞,35.72778406,128.4349703,24시간,1899-2100,2023-12-12
5823,구미시 평생학습원,경상북도 구미시 공단동 256-17,경상북도 구미시 산호대로 243,36.10574205,128.3842182,24시간,1899-2100,2023-12-12
5824,금오공과대학교 본캠퍼스,경상북도 구미시 양호동 1,경상북도 구미시 대학로 61 (양호동,36.14553,128.3886,24시간,1899-2100,2023-12-12
5825,금오공과대학교 신평캠퍼스,경상북도 구미시 신평동 188,경상북도 구미시 구미대로 350-27,36.1175056,128.3659204,24시간,1899-2100,2023-12-12
5826,구미 세무서,경상북도 구미시 공단동 174,경상북도 구미시 수출대로 179,36.11182209,128.3850301,24시간,1899-2100,2023-12-12
5827,환경자원화 시설,경상북도 구미시 산동읍 백현리 산 177-1,경상북도 구미시 산동읍 송백로 499,36.18336226,128.4782166,24시간,1899-2100,2023-12-12
5828,대구보호관찰소 구미지소,경상북도 구미시 봉곡동 367,경상북도 구미시 봉곡로11길 13,36.14644889,128.3089618,24시간,1899-2100,2023-12-12
5829,구미 시립 봉곡도서관,경상북도 구미시 봉곡동 197,경상북도 구미시 봉곡로15길 54,36.15339477,128.3080022,24시간,1899-2100,2023-12-12
5830,장애인 종합 복지관,경상북도 구미시 형곡동 692,경상북도 구미시 공원로 340,36.10645394,128.3299276,24시간,1899-2100,2023-12-12
5831,(전주거치형)논공중앙로34길노상주차장,대구광역시 달성군 논공읍 북리 1-134,태원모터스 건너편,35.72870107,128.4544771,24시간,1899-2100,2023-12-13
5832,(전주거치형)논공중앙로 노상주차장,대구광역시 달성군 논공읍 북리 833-75,나이스마트 건너편,35.72788329,128.4492457,24시간,1899-2100,2023-12-13
5833,(전주거치형)논공로15길 노상주차장,대구광역시 달성군 논공읍 남리 1142-15,온양떼교회 건너편,35.72780887,128.4409996,24시간,1899-2100,2023-12-13
5834,(전주거치형)금강로16길 노상주차장,대구광역시 달성군 논공읍 금포리 1313,달성군청 3주차장 앞 노상주차장,35.77588511,128.4320909,24시간,1899-2100,2023-12-13
5835,광명지사(업무용2),경기도 광명시 철산동 255,사옥주차장,37.47664972,126.8658694,24시간,1899-2100,2023-12-13
5837,호수공원실내수영장,경기도 안산시 상록구 사동 1513,출입구 좌측 녹지,37.30250726,126.8294172,24시간,1899-2100,2023-12-13
5838,강옥순스포츠센터,경기도 안산시 단원구 초지동 673-1,주차장,37.29565947,126.7902181,24시간,1899-2100,2023-12-13
5839,성호체육문화센터,경기도 안산시 상록구 일동 707,출입구 좌측 주차장,37.30931376,126.8674814,24시간,1899-2100,2023-12-13
5842,대전서부경찰서,대전광역시 서구 복수동 292-14,지상주차장,36.3086364,127.3728622,24시간,1899-2100,2023-12-13
5843,감일제1공영주차장,경기도 하남시 감이동 443-2,감이동443-3감일제1공영주차장,37.50863704,127.1549308,24시간,1899-2100,2023-12-14
5844,부창동 공영주차장 초급속 전기차충전소,충청남도 논산시 대교동 203-97,지상주차장,36.20388667,127.0791273,24시간,1899-2100,2023-12-14
5845,횡성탁구전용체육관,강원특별자치도 횡성군 횡성읍 북천리 126,정문 주차장,37.4969463,127.9914898,24시간,1899-2100,2023-12-18
5846,사립학교교직원연금공단,전라남도 나주시 빛가람동 348,주차장 끝 전기차충전소,35.02061898,126.7839632,24시간,1899-2100,2023-12-19
5847,한국농어촌공사 밀양지사,경상남도 밀양시 내이동 1133,농어촌공사 주차장,35.4923419,128.7421941,24시간,1899-2100,2023-12-19
5848,국립식량과학원 남부작물부,경상남도 밀양시 내이동 1076-3,국립식량과학원 주차장,35.4923419,128.7421941,24시간,1899-2100,2023-12-19
5849,단장면 표충사 공영주차장,경상남도 밀양시 단장면 구천리 2386,공영주차장(구천리 2386-13),35.5312057,128.9431685,24시간,1899-2100,2023-12-19
5850,아름동 공영주차타워,세종특별자치시 아름동 1352,주차타워,36.5114035,127.2478548,24시간,1899-2100,2023-12-19
5851,전라남도청,전라남도 무안군 삼향읍 남악리 1000,행복동 주차장,34.81629246,126.463058,24시간,1899-2100,2023-12-21
5852,문경시청,경상북도 문경시 모전동 220,문경시청 주차장,36.58589472,128.1878656,24시간,1899-2100,2023-12-29
5853,파주읍행정복지센터 전기차충전소,경기도 파주시 파주읍 파주리 146-1,파주읍행정복지센터 주차장,37.8307496,126.8197553,24시간,1899-2100,2023-12-29
5854,논산지사(업무용),충청남도 논산시 취암동 103-3,정문 주차장,36.19305286,127.0990845,24시간,1899-2100,2024-01-04
5856,심학산공원,경기도 파주시 동패동 2117,심학산공원 주차장,37.707267,126.717806,24시간,1899-2100,2024-01-09
5858,한국농어촌공사 정읍지사,전북특별자치도 정읍시 농소동 48-73,주차장,35.58549179,126.8433024,24시간,1899-2100,2024-01-12
5859,김제역 주차장,전북특별자치도 김제시 신풍동 13-1,김제역 주차장,35.79334597,126.903144,24시간,1899-2100,2024-01-12
5862,금정문화회관,부산광역시 금정구 구서동 481,금정문화회관 주차장 내,35.24571411,129.0940958,24시간,1899-2100,2024-01-16
5863,인천전력관리처 공용,인천광역시 부평구 갈산동 90-1,주차장 정문 왼편,37.51485098,126.7305618,09:00~18:00,1899-2100,2024-01-18
5867,서인천지사 업무용 EVC,인천광역시 서구 청라동 157-4,지하 2층,37.53384748,126.6449594,09:00~18:00,1899-2100,2024-01-29
5868,한국전력공사 예천지사,경상북도 예천군 예천읍 백전리 101,지상주차장(별관 남측),36.66069371,128.4605362,24시간,1899-2100,2024-01-30
5869,화동면 행정복지센터,경상북도 상주시 화동면 이소리 362-4,화동면사무소 입구,36.38960587,127.9541559,24시간,1899-2100,2024-01-30
5870,회상나루관광단지,경상북도 상주시 중동면 회상리 769-1,회상나루광관단지 주차장,36.44089903,128.2660868,24시간,1899-2100,2024-01-30
5871,국제 승마장 관리사업소,경상북도 상주시 사벌국면 화달리 산 6-5,국제승마장관리사업소 주차장,36.45928219,128.2320109,24시간,1899-2100,2024-01-30
5872,(전주거치형)세천로1길 노상주차장,대구광역시 달성군 다사읍 세천리 1670-7,대원에스디앞 노상주차장,35.8761,128.4632,24시간,1899-2100,2024-01-31
5873,(전주거치형)비산동 노상주차장,대구광역시 서구 비산동 2131-27,송림짬뽕 근처,35.88489,128.5682,24시간,1899-2100,2024-01-31
5875,일산동구청 ev충전소,경기도 고양시 일산동구 마두동 815,주차장,37.65872,126.7749,24시간,1899-2100,2024-02-13
5876,고양아람누리(고양문화재단) ev충전소,경기도 고양시 일산동구 마두동 816,주차장,37.6616,126.7746,24시간,1899-2100,2024-02-13
5877,문발산업단지,경기도 파주시 신촌동 700,문발산업단지 주차장,37.73075665,126.7089511,24시간,1899-2100,2024-02-13
5878,지평면사무소 EV충전소,경기도 양평군 지평면 지평리 584-1,주차장,37.47407493,127.6390944,24시간,1899-2100,2024-02-13
5880,해운대수목원,부산광역시 해운대구 석대동 419,해운대수목원 내 주차장,35.22638805,129.1277287,24시간,1899-2100,2024-02-19
5882,중리마을 공영주차장,경상남도 김해시 한림면 안곡리 296-1,중리마을 공영주차장,35.29942683,128.8425069,24시간,1899-2100,2024-02-19
5884,(전주거치형)호계교회앞,울산광역시 북구 신천동 344-6,호계교회앞,35.63028645,129.3495219,24시간,1899-2100,2024-02-19
5885,(전주거치형)상방복개천,울산광역시 북구 연암동 417-3,상방복개천 주차장,35.58091701,129.3637406,24시간,1899-2100,2024-02-19
5886,(전주거치형)신명해수욕장,울산광역시 북구 신명동 286-6,해수욕장 주차장,35.64468648,129.4412597,24시간,1899-2100,2024-02-19
5887,(전주거치형)무지개아파트2차 앞,울산광역시 북구 신천동 250-1,무지개아파트2차 앞 이면도로,35.63547489,129.3514481,24시간,1899-2100,2024-02-19
5888,(전주거치형)노상웅상제10공영주차장,경상남도 양산시 평산동 587-32,아파트 위,35.38252935,129.1397008,24시간,1899-2100,2024-02-19
5889,(전주거치형)치매안심센터,경상남도 양산시 다방동 506-3,치매안심센터 주차장,35.33215326,129.037979,24시간,1899-2100,2024-02-19
5890,(전주거치형)노상제33공영주차장,경상남도 양산시 호계동 857,공영주차장,35.36719602,129.0607085,24시간,1899-2100,2024-02-19
5891,(전주거치형)안락4휴먼시아 아파트,부산 동래구 안락동 459-5,선우전력 건너편,35.19717911,129.1080675,24시간,1899-2100,2024-02-19
5892,(전주거치형)노상제29-1공영주차장,경상남도 양산시 물금읍 범어리 671-1,범어리 노상주차장,35.33305226,129.0008984,24시간,1899-2100,2024-02-19
5893,(전주거치형)노상27-1공영주차장,경상남도 양산시 어곡동 173-6,새목1길 인근,35.37259917,129.0264368,24시간,1899-2100,2024-02-19
5898,강진지사(완속),전라남도 강진군 강진읍 동성리 123,(실외완전노출)진입 후 우측 주차장,34.6350795,126.7778068,24시간,1899-2100,2024-04-01
5899,강진전력지사,전라남도 강진군 성전면 월하리 202,(실외완전노출)진입 후 왼쪽 주차장,34.7306379,126.7012136,24시간,1899-2100,2024-04-01
5900,전통시장 주차타워,전라남도 강진군 강진읍 동성리 192-9,시장 주차장,34.6407632,126.772702,24시간,1899-2100,2024-04-01
5903,우산동 노상 공영주차장1,광주광역시 광산구 우산동 1086-1,광산구 우산동 1088-1,35.15651592,126.811228,24시간,1899-2100,2024-04-30
5904,우산동 노상 공영주차장2,광주광역시 광산구 우산동 1086-1,광산구 우산동 1088-1,35.15621275,126.8125389,24시간,1899-2100,2024-04-30
5905,우산동 노상 공영주차장3,광주광역시 광산구 우산동 1611-1,광산구 우산동1612-1,35.16006619,126.8028963,24시간,1899-2100,2024-04-30
5906,우산동 노상 공영주차장4,광주광역시 광산구 우산동 1611-1,광산구 우산동1612-1,35.15985787,126.8051206,24시간,1899-2100,2024-04-30
5907,우산동 노상 공영주차장5,광주광역시 광산구 우산동 1611-1,광산구 우산동1612-1,35.15979208,126.8057147,24시간,1899-2100,2024-04-30
5908,우산동 노상 공영주차장6,광주광역시 광산구 우산동 1611-1,광산구 우산동1612-1,35.16490562,126.8054954,24시간,1899-2100,2024-04-30
5909,산정동 노상 공영주차장1,광주광역시 광산구 산정동 933,산정동 933,35.17413308,126.8054438,24시간,1899-2100,2024-04-30
5910,월곡동 노상 공영주차장1,광주광역시 광산구 월곡동 587,월곡동 587,35.16795588,126.8146196,24시간,1899-2100,2024-04-30
5911,월곡동 노상 공영주차장2,광주광역시 광산구 월곡동 587,월곡동 587,35.16779664,126.8149254,24시간,1899-2100,2024-04-30
5912,산정동 노상 공영주차장2,광주광역시 광산구 산정동 942-1,산정동944,35.17169613,126.8037023,24시간,1899-2100,2024-04-30
5913,산정동 노상 공영주차장3,광주광역시 광산구 산정동 942-1,산정동944,35.17143193,126.8036299,24시간,1899-2100,2024-04-30
5914,산정동 노상 공영주차장4,광주광역시 광산구 산정동 957-1,산정동958,35.17105756,126.8035072,24시간,1899-2100,2024-04-30
5915,산정동 노상 공영주차장5,광주광역시 광산구 산정동 962-1,산정동963,35.16867588,126.8028467,24시간,1899-2100,2024-04-30
5916,산정동 노상 공영주차장6,광주광역시 광산구 산정동 974-1,산정동975,35.16809474,126.8029961,24시간,1899-2100,2024-04-30
5917,산정동 노상 공영주차장7,광주광역시 광산구 산정동 974-1,산정동975,35.16793149,126.8026596,24시간,1899-2100,2024-04-30
5918,산정동 노상 공영주차장7,광주광역시 광산구 산정동 974-1,산정동975,35.16758012,126.8025691,24시간,1899-2100,2024-04-30
5919,산정동 노상 공영주차장8,광주광역시 광산구 산정동 974-1,산정동975,35.16736497,126.8025108,24시간,1899-2100,2024-04-30
5924,농성1동 공영주차장,광주광역시 서구 농성동 68-10,농성1동 공영주차장,35.15344702,126.8920886,24시간,1899-2100,2024-06-11
5935,(전주거치형)노상제38공영주차장,경상남도 양산시 상북면 석계리 74-52,대가마트인근,35.41404278,129.0614166,24시간,1899-2100,2024-06-26
5261,북부산지사(공용),부산광역시 사상구 덕포동 89,주차장 진입후 우측 주차면,35.168981,128.989701,24시간,1899-2100,2024-07-22
5944,(전주거치형)중앙동 객화차담 밑,부산광역시 중구 중앙동4가 90-1,중앙동 객화차담 밑 공영주차장,35.10857548,129.0390766,24시간,1899-2100,2024-10-02
6681,부북면 나노산단 수소충전소 주차장 ,경남 밀양시 부북면 감천리 584,부북면 감천리 산1-2,35.49768116,128.7273035,24시간,1899-2100,2024-11-19
6719,증평괴산지사 사옥,충북 증평군 증평읍 장동리 84,증평괴산지사 사옥 내 주차장,36.78906803,127.5880686,24시간,1899-2100,2024-11-20
6736,DMZ 박물관,강원특별자치도 고성군 현내면 송현리 212,DMZ박물관 앞 옥외주차장,38.57655364,128.3827077,24시간,1899-2100,2024-11-20
6756,강원국악예술회관,강원특별자치도 춘천시 삼천동 200,강원국악예술회관 옆 옥외주차장,37.87218335,127.7013295,24시간,1899-2100,2024-11-21
6798,장성제 근린공원,인천 계양구 서운동 223,서운동 223-1 장성제근린공원 주차장,37.52942192,126.7487324,24시간,1899-2100,2024-11-21
6818,부평구보건소,인천 부평구 부평동 442-1,부평구보건소 주차장,37.49884446,126.7241821,09시~18시,1899-2100,2024-11-21
6822,한전성동전력지사,서울 성동구 마장동 487-1,출입 후 우측,37.56789841,127.039415,24시간,1899-2100,2024-11-21
6823,금천구청 지상주차장2,서울 금천구 시흥동 1020,1층 지상주차장,37.45683218,126.8954051,24시간,1899-2100,2024-11-22
6827,무주 한수원 양수발전소 에너지 홍보관,전북특별자치도 무주군 적상면 포내리 360,무주 한수원 양수발전소 에너지 홍보관,35.96721535,127.7120082,24시간,1899-2100,2024-11-22
6830,복지근린공원,인천 남동구 고잔동 721-1,복지근린공원 주차장,37.39389606,126.6970446,24시간,1899-2100,2024-11-22
6831,대전 중구청,대전 중구 대흥동 499-1,중구청 정문입구 왼쪽 구석 화단 옆,36.32548433,127.4213791,24시간,1899-2100,2024-11-22
6876,남구청 청사 주차장,부산 남구 대연동 1268-1,남구청 청사 주차장,35.13652305,129.0843572,"평일 08:00~20:00 / 주말,공휴일 09:00~17:00",1899-2100,2024-11-25
6877,복천박물관 주차장,부산 동래구 복천동 50,복천박물관 대형주차장,35.20660782,129.0906057,박물관 운영시간(09:00~20:00),1899-2100,2024-11-25
6878,동구 방어동 노상주차장,울산 동구 방어동 1115-7,동구 방어동 노상주차장,35.48771528,129.4106182,24시간,1899-2100,2024-11-25
6916,상주시민운동장,경북 상주시 계산동 474-1,상주시민운동장 후문 우측 주차장,36.43190153,128.1621401,24시간,1899-2100,2024-11-26
6956,북면사무소 주차장,강원특별자치도 영월군 북면 마차리 1180-15,북면사무소 주차장,37.25462194,128.4552209,24시간,1899-2100,2024-11-26
6976,한전 영월지사,강원특별자치도 영월군 영월읍 덕포리 686,한전 영월지사 주차장,37.17106027,128.4787544,24시간,1899-2100,2024-11-26
6996,대전유아교육진흥원,대전 중구 사정동 510,1층 진입 입구 우측 위치 ,36.29536808,127.3861804,24시간,1899-2100,2024-11-27
6959,충청남도보건환경연구원,충남 홍성군 홍북읍 신경리 890,충청남도보건환경연구원,36.65314565,126.667605,24시간,1899-2100,2024-11-27
6999,환동해산업연구원,경북 울진군 죽변면 후정리 688-3,주차장 안,37.07360689,129.4084604,24시간,1899-2100,2024-11-27
6963,청안동 480번지 공영주차장,경남 창원시 진해구 청안동 480,공영주차장,35.10730751,128.8044495,24시간,1899-2100,2024-11-27
6964,효령면행복복지센터,대구 군위군 효령면 중구리 204-1,대구광역시 군위군 치산효령로 2400,36.15669721,128.585308,24시간,1899-2100,2024-11-27
6965,문경 한국농어촌공사,경북 문경시 산양면 불암리 251-4,한국농어촌공사 주차장,36.61379042,128.255931,24시간,1899-2100,2024-11-27
7016,경산소방서119구조대,경북 경산시 압량읍 신대리 149,주차장,35.83846773,128.7697098,24시간,1899-2100,2024-11-28
7036,임오동 행정복지센터,경북 구미시 오태동 675-1,경북 구미시 오태동 675-25 인근 공영주차장 ,36.07982206,128.3757944,24시간,1899-2100,2024-11-28
7056,곱작골 마음센터,경북 영주시 하망동 402-43,하망동 곱작골 마음센터 주차장,36.82076635,128.6322494,24시간,1899-2100,2024-11-29
7076,충청북도보건환경연구원(편의제공형),충북 청주시 흥덕구 오송읍 연제리 676,정문 우측,36.63585821,127.3233061,24시간,1899-2100,2024-11-29
7058,충북도청(24년),충북 청주시 상당구 문화동 89,충북도청 민원인 주차장,36.63599155,127.490616,24시간,1899-2100,2024-11-29
7060,경주동궁원,경북 경주시 북군동 185-1,동궁원 주차장,35.84998383,129.2629189,24시간,1899-2100,2024-12-02
7096,울릉지사사옥,경북 울릉군 울릉읍 도동리 179-7,한국전력공사 울릉지사,37.48428645,130.9049292,24시간,1899-2100,2024-12-02
7061,한국전력공사 옥천지사,충북 옥천군 옥천읍 삼양리 222-178,지하 1층 ,36.30420847,127.5671477,24시간,1899-2100,2024-12-02
7177,도봉구 보건소,서울 도봉구 쌍문동 565,지상 주차장,37.657899,127.038753,평일 09~18시,1899-2100,2024-12-05
7259,경북도서관,경북 예천군 호명읍 산합리 1398,경북도서관 주차장,36.57795455,128.489928,"주중(9시~21시), 주말(9시~18시)",1899-2100,2024-12-10
7316,지도서부 정류소 전기버스용 충전소,전남 신안군 지도읍 읍내리 168-55,지도서부 정류소 주차장,35.05909061,126.2048845,24시간,1899-2100,2024-12-12
7317,증도면 솔무등공원 전기버스 주차장 충전소,전남 신안군 증도면 증동리 1584-11,증도면 증동리 1584-11 전기버스 주차장,34.99553136,126.1392721,24시간,1899-2100,2024-12-12
7336,금산지사(업무용),충남 금산군 금산읍 아인리 198-5,금산지사,36.10741572,127.4831886,24시간,1899-2100,2024-12-16
7356,가좌 우수저류시설 공영주차장,경남 진주시 가좌동 1981,가좌 우수저류시설 공영주차장,35.15390239,128.1118691,24시간,1899-2100,2024-12-17
7342,빛고을골프장,광주 남구 노대동 879,빛고을cc,35.09786603,126.8978282,24시간,1899-2100,2024-12-18
7416,김해 자재센터 업무용,경남 김해시 한림면 명동리 272-3,자재센터내 직원 주차장,35.29903336,128.8089741,24시간,1899-2100,2024-12-23
7601,관악동작지사,서울 동작구 사당동 1008-22,지하 5층 왼편 ,37.48209234,126.9814443,24시간,1899-2100,2025-01-15
8005,강릉특별지사(공용),강원특별자치도 강릉시 포남동 1255,지사주차장,37.78217537,128.9188097,주중/주말 : 06시~23시,1899-2100,2025-02-27
8026,강원직할(공용),강원특별자치도 춘천시 후평동 95,본부주차장,37.883416,127.750565,주중/주말 : 06시~23시,1899-2100,2025-02-27
8027,속초고성지사(공용),강원특별자치도 속초시 동명동 258-1,지사주차장,38.2117614,128.5905531,평일 09시~18시,1899-2100,2025-02-27
8028,양양지사(공용),강원특별자치도 양양군 양양읍 서문리 124,지사주차장,38.07245,128.617897,주중/주말 : 06시~23시,1899-2100,2025-02-27
8029,철원지사(공용),강원특별자치도 철원군 갈말읍 군탄리 1028-199,출입구 통과후 좌측,38.1475409,127.3025954,06~23시,1899-2100,2025-02-27
8030,홍천지사(공용),강원특별자치도 홍천군 홍천읍 연봉리 253-2,사옥 주차장 정문 왼편,37.6854551,127.8772731,24시간,1899-2100,2025-02-27
8031,경기직할(공용),경기도 수원시 팔달구 인계동 203-10,"본관 정면 지상주차장, 별관 후면 지상주차장",37.27780958,127.0298861,24시간,1899-2100,2025-02-27
8032,경기전력관리처(공용),경기도 수원시 영통구 이의동 907-1,지상 1층 주차장,37.29317256,127.0369183,24시간,1899-2100,2025-02-27
8033,서수원지사(공용),경기도 수원시 권선구 탑동 908,지상주차장,37.25814483,126.9691969,24시간,1899-2100,2025-02-27
8034,안성지사(공용),경기도 안성시 석정동 270-22,지상주차장 후면,37.007845,127.264712,24시간,1899-2100,2025-02-27
8035,여주지사(공용),경기도 여주시 홍문동 275,지하 1층 주차장,37.28941414,127.6350456,24시간,1899-2100,2025-02-27
8036,오산지사(공용),경기도 오산시 원동 806,지상주차장,37.13541019,127.0724672,24시간,1899-2100,2025-02-27
8037,이천지사(공용),경기도 이천시 창전동 144-1,지상 주자창 좌측,37.283178,127.447288,24시간,1899-2100,2025-02-27
8038,하남지사(공용),경기도 하남시 창우동 523-2,지상주차장 좌측,37.53525359,127.2279798,주중/주말 : 06시~23시,1899-2100,2025-02-27
8039,화성지사(공용),경기도 화성시 마도면 마도북로 403,지사 후면 주차장(주차장진입시 정면에 위치),37.206232,126.771805,24시간,1899-2100,2025-02-27
8040,가평지사(공용),경기도 가평군 가평읍 가화로 169-11,1층주차장(정면),37.833892,127.510497,24시간,1899-2100,2025-02-27
8041,경기북부직할(공용),경기도 의정부시 용민로 19번길 92,1층주차장(입구에서 좌측),37.736949,127.081969,주중/주말 : 24시간,1899-2100,2025-02-27
8042,고양지사(공용),경기도 고양시 일산동구 백석동 1310,1층주차장(입구에서 좌측),37.64152498,126.7878049,주중/주말 : 06시~23시,1899-2100,2025-02-27
8043,한국전력공사 남양주지사(공용),경기도 남양주시 다산동 6246,옥외주차장,37.59621894,127.1739941,09 ~ 18,1899-2100,2025-02-27
8044,양평지사(공용),경기도 양평군 강상면 교평리 396-1,주차장(정문에서 좌측),37.487193,127.480673,24시간,1899-2100,2025-02-27
8045,포천지사(공용),경기도 포천시 원모루로 12,1층주차장(입구에서 좌측),37.890157,127.19497,주중/주말 : 06시~23시,1899-2100,2025-02-27
8046,거제지사(공용),경상남도 거제시 고현동 959-11,건물정면 앞 지상주차장,34.88998237,128.6180427,24시간,1899-2100,2025-02-27
8047,거창지사(공용),경상남도 거창군 거창읍 강남로 246,후문 입구 우측 전기차충전소 내부위치,35.687001,127.923721,24시간,1899-2100,2025-02-27
8048,경남직할(공용),경상남도 창원시 의창구 신월동 99-4,정문진입 20m 좌측,35.2312378,128.6882755,24시간,1899-2100,2025-02-27
8049,한전 고성지사(공용),경상남도 고성군 고성읍 동외리 334-2,한전 고성지사,34.97267,128.32589,24시간,1899-2100,2025-02-27
8050,남해지사(공용),경상남도 남해군 남해읍 심천리 955-1,정문 우측,34.8513256,127.8942036,24시간,1899-2100,2025-02-27
8051,한전마산지사(공용),경상남도 창원시 마산회원구 구암동 92-5,당직실 옆,35.251662,128.600803,24시간,1899-2100,2025-02-27
8052,밀양지사(공용),경상남도 밀양시 가곡동 545-6,바로 앞쪽,35.47343289,128.7649555,24시간,1899-2100,2025-02-27
8053,사천지사(공용),경상남도 사천시 동금6길 28,지상주차장,34.931316,128.081532,24시간,1899-2100,2025-02-27
8054,산청지사(공용),경상남도 산청군 산청읍 웅석봉로 45,건물뒤 지상주차장,35.413117,127.874859,24시간,1899-2100,2025-02-27
8055,진해지사(공용),경상남도 창원시 진해구 여좌천로 122,입구 바로앞,35.163688,128.661621,06~23시,1899-2100,2025-02-27
8056,창녕지사(공용),경상남도 창녕군 창녕읍 교하리 34,건물정면 왼쪽편 지상주차장,35.536541,128.501016,24시간,1899-2100,2025-02-27
8057,하동지사(공용),"경상남도 하동군 하동읍 경서대로 83 (광평리, 한국전력하동지점)",정문앞,35.06469448,127.7455967,24시간,1899-2100,2025-02-27
8058,함안지사(공용),경상남도 함안군 가야읍 도항리 344,함안지사 지상주차장 입구 오른쪽,35.27447999,128.398768,24시간,1899-2100,2025-02-27
8059,함양지사(공용),경상남도 함양군 함양읍 함양로 1207,지상주차장,35.526495,127.72892,24시간,1899-2100,2025-02-27
8060,합천지사(공용),경상남도 합천군 합천읍 대야로 921,지상주차장,35.570276,128.163234,24시간,1899-2100,2025-02-27
8061,경북직할(공용),경상북도 안동시 강남1길 9 한국전력공사,지상주차장(남측),36.552742,128.7332,24시간,1899-2100,2025-02-27
8062,구미지사(공용),경상북도 구미시 송정동 79,지상주차장,36.118097,128.350012,주중/주말 : 09시~18시,1899-2100,2025-02-27
8063,문경지사(공용),경상북도 문경시 모전로 75,지상주차장(건물 남측),36.587854,128.190186,24시간,1899-2100,2025-02-27
8064,상주지사(공용),경상북도 상주시 경상대로 3051-17,지상주차장(북측),36.4196189,128.1494981,24시간,1899-2100,2025-02-27
8065,의성지사(업무용)(공용),경상북도 의성군 의성읍 경북대로 5644-9,지상주차장(입구 우측),36.34837,128.673582,24시간,1899-2100,2025-02-27
8066,고흥지사(공용),전라남도 고흥군 고흥읍 남계리 226,"(실외완전노출)지사우측, 뒤편 주차장",34.617205,127.29211,주중/주말 : 06시~23시,1899-2100,2025-02-27
8067,광산지사(공용),광주광역시 광산구 소촌동 654,"(실외,캐노피)진입 후 좌측 주차장 / 후문 개방(휴일,야간)",35.14731001,126.78983,24시간,1899-2100,2025-02-27
8068,광양지사(공용),전라남도 광양시 중동 1361-3,(실외완전노출) 지사 사옥뒷편 주차장,34.939826,127.6911818,24시간,1899-2100,2025-02-27
8069,구례지사(공용),전라남도 구례군 구례읍 봉서리 1082-2,(실외완전노출) 한전사옥내 주차장,35.197876,127.463585,24시간,1899-2100,2025-02-27
8070,나주지사(공용),전라남도 나주시 왕건길 53,정문 주차장 좌측,35.017546,126.713099,주중/주말 : 06시~23시,1899-2100,2025-02-27
8071,담양지사(공용),전라남도 담양군 담양읍 백동리 348-1,(실외완전노출) 지사 우측 주차장,35.30940423,126.9840685,주중/주말 : 06시~23시,1899-2100,2025-02-27
8072,목포지사(공용),전라남도 목포시 용해동 115-2,(실외완전노출)우측 주차장,34.80345462,126.4094599,24시간,1899-2100,2025-02-27
8073,무안지사(공용),전라남도 무안군 무안읍 교촌리 70-2,(실외캐노피기설)사옥 건문 정면,34.99168063,126.4710729,24시간,1899-2100,2025-02-27
8074,보성지사(공용),전라남도 보성군 보성읍 원봉리 17,(실외캐노피기설)진입 후 좌측 주차장,34.76238477,127.0725962,주중/주말 : 06시~23시,1899-2100,2025-02-27
8075,서광주지사(공용),광주광역시 서구 농성동 161-1,(실외완전노출)고객전용 주차장,35.15145741,126.8910368,주중/주말 : 06시~23시,1899-2100,2025-02-27
8076,광주전남전력관리처(공용),광주광역시 서구 농성동 649-8,(실외완전노출)지상주차장,35.15257614,126.8829792,24시간,1899-2100,2025-02-27
8077,순천지사(공용),전라남도 순천시 석현동 81,(실외완전노출)1층 주차장 우측,34.969237,127.485836,24시간,1899-2100,2025-02-27
8078,영광지사(공용),전라남도 영광군 영광읍 남천리 366,(실외완전노출)사옥 정문 우측 주차장,35.27320597,126.5034407,24시간,1899-2100,2025-02-27
8079,진도지사(공용),전라남도 진도군 진도읍 남동리 745-46,(실외완전노출)진입 후 좌측 주차공간,34.48169382,126.2611809,24시간,1899-2100,2025-02-27
8080,강동송파지사(공용),서울특별시 강동구 둔촌동 522-9,정문주차장 좌측(후면주차장 이용불가),37.52386516,127.1356659,24시간,1899-2100,2025-02-27
8081,강서양천지사(공용),서울특별시 양천구 신정동 319-1,1층 주차장 정면,37.51930624,126.8684542,24시간,1899-2100,2025-02-27
8082,남서울직할(공용),서울특별시 영등포구 여의도동 21,남서울본부 여의사옥 지사주차장 출구측,37.52729199,126.9298532,24시간,1899-2100,2025-02-27
8083,영등포전력지사(공용),서울특별시 영등포구 경인로 878,정문 출입문 앞 주차장,37.517367,126.910236,24시간,1899-2100,2025-02-27
8084,서초지사(공용),서울특별시 서초구 효령로 72길 60,1층 주차장/지하1층 주차장,37.48560466,127.028077,24시간,1899-2100,2025-02-27
8085,한국전력 경산지사(공용),경상북도 경산시 중방동 880-17,1층 주차장,35.82319624,128.7386536,24시간,1899-2100,2025-02-27
8086,경주지사(공용),경상북도 경주시 동천동 804,사내주차장 후문 우측,35.854436,129.224947,24시간,1899-2100,2025-02-27
8087,김천지사(공용),경상북도 김천시 모암길 210,지상주차장(좌측),36.126467,128.119564,24시간,1899-2100,2025-02-27
8088,남대구지사(공용),대구광역시 달성군 화원읍 비슬로509길 26,"지상주차장(좌측, 우측 각각있음)",35.803485,128.493136,24시간,1899-2100,2025-02-27
8089,영덕지사(공용),경상북도 영덕군 영덕읍 우곡리 286,사옥내 주차장,36.41145,129.375104,24시간,1899-2100,2025-02-27
8090,영천지사(공용),경상북도 영천시 천문로 199,사옥내 주차장,35.956568,128.931264,24시간,1899-2100,2025-02-27
8091,포항지사(공용),경상북도 포항시 남구 상도동 592 한국전력공사 포항지사,사옥내 주차장,36.010645,129.347234,24시간,1899-2100,2025-02-27
8092,공주지사(공용),충청남도 공주시 우금티로 772,정문 입차 후 좌측,36.453694,127.133922,주중/주말 : 24시간,1899-2100,2025-02-27
8093,금산지사(공용),충청남도 금산군 금산읍 아인리 198-5,도로쪽 입구 주차장,36.107525,127.482885,주중/주말 : 24시간,1899-2100,2025-02-27
8094,당진지사(공용),충청남도 당진시 천변2길 123,지사 운영실앞 주차장(상시개방),36.887062,126.6400336,주중/주말 : 24시간,1899-2100,2025-02-27
8095,보령지사(공용),충청남도 보령시 옥마로 60,사옥 정문을 보고 좌측 건너편 맨 우측 충전기,36.337558,126.622671,주중/주말 : 24시간,1899-2100,2025-02-27
8096,한전 부여지사(공용),충청남도 부여군 부여읍 쌍북리 68-2,주차장,36.28320542,126.9304462,24시간,1899-2100,2025-02-27
8097,서대전지사(공용),대전광역시 서구 변동중로 39,지상 주차장,36.328561,127.372752,"24시간, 주말(호출버튼 이용)",1899-2100,2025-02-27
8098,서산지사(공용),충청남도 서산시 한마음16로 63,지상주차장 우측,36.775126,126.45431,주중/주말 : 24시간,1899-2100,2025-02-27
8099,아산지사(공용),충청남도 아산시 권곡동 541-1,지사 전면 지상주차장,36.787417,127.00747,주중/주말 : 24시간,1899-2100,2025-02-27
8100,예산지사(공용),충청남도 예산군 예산읍 산성리 87-6,한전예산지사 지상 주차장 우측,36.68867877,126.8433622,주중/주말 : 24시간,1899-2100,2025-02-27
8101,천안전력지사(공용),충청남도 천안시 동남구 구성동 267-1,지상주차장 입구 우측,36.79174574,127.1666482,24시간,1899-2100,2025-02-27
8102,태안지사(공용),충청남도 태안군 태안읍 남문리 692-5,정문에서 좌측 지상주차장,36.747537,126.298746,24시간,1899-2100,2025-02-27
8103,홍성지사(공용),충청남도 홍성군 홍성읍 충서로 1417-6,정문 좌측 장애인주차장 옆,36.602349,126.652261,주중/주말 : 24시간,1899-2100,2025-02-27
8104,기장지사(공용),부산광역시 기장군 기장읍 청강리 154-6,기장지사 사옥 내 주차장(2층),35.234832,129.219646,24시간,1899-2100,2025-02-27
8105,김해지사(공용),경상남도 김해시 부원동 624-5,지상주차장 진입 직후 좌측 주차장,35.22753501,128.8890928,24시간,1899-2100,2025-02-27
8106,남부산지사(공용),부산광역시 해운대구 우동 1388-8,1층 주차장 끝쪽,35.160417,129.14468,24시간,1899-2100,2025-02-27
8107,동울산지사(공용),울산광역시 북구 진장동 820-1,사옥 정면 고객용 주차장,35.557678,129.359626,24시간,1899-2100,2025-02-27
8108,부산울산직할(공용),부산광역시 부산진구 부전동 224-7,주차장진입후 본관건물 뒷편 주차장,35.1527934,129.0613152,09~23시,1899-2100,2025-02-27
8109,양산지사(공용),경상남도 양산시 신기동 127,주차장 진입후 우측 면,35.35350484,129.0473646,24시간,1899-2100,2025-02-27
8110,영도지사(공용),부산광역시 영도구 남항동2가 22-1,주차장 입구 좌측,35.088397,129.036095,24시간,1899-2100,2025-02-27
8111,울산지사(공용),울산광역시 남구 신정동 142-1,울산지사 후문 주차장내,35.541383,129.324816,24시간,1899-2100,2025-02-27
8112,중부산지사(공용),부산광역시 서구 토성동1가 23,본관 주차장 뒷편 주차장 중앙 및 우측 주차면,35.099494,129.023212,24시간,1899-2100,2025-02-27
8113,광진성동지사(공용),서울특별시 성동구 마장로27길 13,후문주차장,37.567845,127.034026,"주중 08~19시, 주말 09~18시",1899-2100,2025-02-27
8114,인재개발원(공용),서울특별시 노원구 노원길 130,리더십센터,37.6351988,127.0873634,주중/주말 : 06시~23시,1899-2100,2025-02-27
8115,노원도봉지사(공용),서울특별시 노원구 상계동 700,1층 주차장,37.65391794,127.0556667,24시간,1899-2100,2025-02-27
8116,마포용산지사(공용),서울특별시 마포구 도화동 51-3,지상 주차장,37.5420523,126.9466327,"주중 08~19시, 주말 09~18시",1899-2100,2025-02-27
8117,서대문은평지사(공용),서울특별시 은평구 통일로 659,사옥내주차장 후문,37.605443,126.933577,주중 08~19시,1899-2100,2025-02-27
8118,서울전력관리처(공용),서울특별시 중구 남산동3가 11-10,1층 주차장,37.56073251,126.9877962,주중/주말 : 06시~23시,1899-2100,2025-02-27
8119,서울직할(공용),서울특별시 중구 남대문로 92,1층 주차장,37.565199,126.983339,주중/주말 : 08시~19시,1899-2100,2025-02-27
8120,남인천지사(공용),인천광역시 연수구 청학동 448-2,입차시 지상주차장 좌측,37.425124,126.668388,24시간,1899-2100,2025-02-27
8121,부천지사(공용),경기도 부천시 도당동 185-148,고객주차장,37.507352,126.786477,주중 09~18시 개방,1899-2100,2025-02-27
8122,인천직할(공용),인천광역시 부평구 갈산동 90,사옥 주차장 정문 오른편,37.516461,126.726897,평일:08:40~19:00/주말미개방,1899-2100,2025-02-27
8123,인천전력관리처(공용),인천광역시 부평구 갈산동 216,사옥 주차장 정문 왼편,37.51485,126.730577,24시간,1899-2100,2025-02-27
8124,제물포지사(공용),인천광역시 미추홀구 도화동 999,지상주차장 끝쪽,37.46935817,126.6602667,24시간 개방,1899-2100,2025-02-27
8125,고창지사(공용),전북특별자치도 고창군 고창읍 덕산리 189-6,본관 앞 주차장,35.425511,126.695163,24시간,1899-2100,2025-02-27
8126,무주지사(공용),전북특별자치도 무주군 무주읍 죽향로 31-16,지사 주차장 출입구 옆,36.008981,127.654752,24시간,1899-2100,2025-02-27
8127,부안지사(공용),전북특별자치도 부안군 부안읍 선은리 642-4,부안 지사 옆면 주차장,35.73798962,126.7341292,24시간,1899-2100,2025-02-27
8128,익산지사01(공용),전북특별자치도 익산시 팔봉동 850,지사 건물 옆 주차장,35.961421,127.004751,24시간,1899-2100,2025-02-27
8129,익산지사 02(공용),전북특별자치도 익산시 팔봉동 850,지사 건물 옆 주차장,35.96160586,127.0047862,24시간,1899-2100,2025-02-27
8130,임실지사(공용),전북특별자치도 임실군 임실읍 이도리 151 한국전력공사 임실지사,임실지사 정면 지상 주차장,35.620115,127.285891,24시간,1899-2100,2025-02-27
8131,장수지사(공용),전북특별자치도 장수군 장수읍 장수리 647,지사 주차장,35.645016,127.517888,24시간,1899-2100,2025-02-27
8132,전북전력관리처(공용),전북특별자치도 전주시 덕진구 혁신로 600,본관 앞 주차장,35.866209,127.070734,24시간,1899-2100,2025-02-27
8133,정읍지사(공용),전북특별자치도 정읍시 연지동 252-26,본관 뒤 주차장,35.569459,126.843541,24시간,1899-2100,2025-02-27
8134,서귀포지사(공용),제주특별자치도 서귀포시 신중로 56,정문주차장,33.254374,126.510819,24시간,1899-2100,2025-02-27
8135,제주전력지사(공용),제주특별자치도 제주시 가령로 68,제주전력지사,33.498596,126.536653,24시간,1899-2100,2025-02-27
8136,제주직할(공용),제주특별자치도 제주시 연동 322-2,본관건물 왼쪽,33.48903714,126.5013017,24시간,1899-2100,2025-02-27
8137,동청주지사(공용),충청북도 청주시 청원구 우암동 343-1,동청주지사 사옥 정문 앞,36.648365,127.486831,24시간,1899-2100,2025-02-27
8138,영동지사(공용),충청북도 영동군 영동읍 부용리 220-1,영동지사 사옥 내 주차장,36.166745,127.767301,24시간,1899-2100,2025-02-27
8139,음성지사(공용),충청북도 음성군 음성읍 읍내리 335,음성지사 사옥 정면 주차장,36.934189,127.694946,24시간,1899-2100,2025-02-27
8140,제천지사(공용),충청북도 제천시 의림동 117,제천지사 사옥 1층 주차장 정면 위치,37.139111,128.206598,24시간,1899-2100,2025-02-27
8141,증평괴산지사(공용),충청북도 증평군 증평읍 장동리 84,증평괴산지사 사옥 내 주차장,36.789292,127.58803,24시간,1899-2100,2025-02-27
8142,진천지사(공용),충청북도 진천군 진천읍 읍내리 444,진천지사 하부 주차장 진입로 우측,36.853979,127.435513,24시간,1899-2100,2025-02-27
8143,충주지사(공용),충청북도 충주시 봉방동 82-1,충주지사 사옥 1층 주차장 우측,36.979645,127.916598,24시간,1899-2100,2025-02-27
8014,서종문화체육공원 주차장 전기차충전소,경기 양평군 서종면 문호리 920-3,서종문화체육공원 주차장 입구,37.59235892,127.3471263,24시간,1899-2100,2025-02-28
8591,과천 국립현대미술관 전기버스 ,경기 과천시 막계동 산 58-4,전기버스 주차장,37.43102702,127.0205417,24시간,1899-2100,2025-04-02
8685,한전 배구선수단체육관 전기차충전기,경기 오산시 가수동 57-3,지상1층,37.14525045,127.0474597,24시간,1899-2100,2025-04-09
8707,비전1동 행정복지센터,경기 평택시 죽백동 724,지상주차장,37.01101872,127.1122604,24시간,1899-2100,2025-04-16
8885,신의면 전기버스충전소,전남 신안군 신의면 상태동리 373-3,신의면 보건지소 주차장,34.58477234,126.0886592,24시간,1899-2100,2025-05-08
8905,하의면 전기버스충전소,전남 신안군 하의면 웅곡리 213-46,하의면 한전 서비스센타 옆건물 주차장,34.60392131,126.0361135,24시간,1899-2100,2025-05-08
8906,장산면 전기버스충전소,전남 신안군 장산면 도창리 666,장산면사무소 주차장,34.64304195,126.1489142,24시간,1899-2100,2025-05-08
8925,여흥동공영주차장,경기 여주시 상동 357,주차장,37.29439192,127.6396997,24시간,1899-2100,2025-05-14
9249,국립중앙극장 전기버스용 충전기,서울 중구 장충동2가 산 14-67,별오름극장 앞,37.55287104,127.0001308,24시간,1899-2100,2025-06-09
9318,EVC충전소_농촌진흥청,전북특별자치도 익산시 송학동 381,농촌진흥청 공용주차장,35.93849893,126.9309917,24시간,1899-2100,2025-06-24
